"ID";"N° do pedido";"Data";"Data prevista";"ID contato";"Nome do contato";"Desconto";"Observações";"Situação";"ID produto";"Código";"Código no fornecedor";"Descrição";"Quantidade";"Valor unitário";"Un";"Frete do item";"Ordem de compra"
"24748650393";"8314";"05/01/2026";"";"16294523222";"SIDEILTON PROSPERO DA ROCHA";"0,00";"PEDIDO REALIZADO REFERENTE A EMPREITA NA OBRA ZAVIT - 3260

FAZER O PAGAMENTO 10 DIAS APÓS A ENTREGA!
ENTREGA PREVISTA PARA O DIA 10/01.";"Em aberto";"16357119601";"";"";"EMPREITA";"1,00";"6.500,0000";"";"0,0000";"3260"
"24748750004";"8315";"05/01/2026";"";"16773093960";"PAES E DOCES INTERLAGOS LTDA - ME";"0,00";"PAGAMENTO REFERENTE A COMPRA MENSAL DE PÃES PARA O ESCRITÓRIO";"Em aberto";"16348492107";"";"";"PÃES";"1,00";"146,0000";"";"0,0000";""
"24748957168";"8316";"05/01/2026";"";"14438411976";"ACESOLDA MATERIAIS DE SOLDA LTDA - EPP";"0,00";"MATERIAL SOLICITADO COMPRADO PARA ATENDER A OBRA JANDAIA - 2449";"Em aberto";"16468167153";"";"";"PARAFUSADEIRA/FURADEIRA BATERIA DWT PFD012 BIVOLT/PFD120I1110110477";"1,00";"789,0000";"";"0,0000";"2449"
"24748957168";"8316";"05/01/2026";"";"14438411976";"ACESOLDA MATERIAIS DE SOLDA LTDA - EPP";"0,00";"MATERIAL SOLICITADO COMPRADO PARA ATENDER A OBRA JANDAIA - 2449";"Em aberto";"16328786048";"0000000001917";"";"FITA ISOLANTE IMPERIAL SLIM 18MM 20MT";"3,00";"39,0000";"PC";"0,0000";"2449"
"24748957168";"8316";"05/01/2026";"";"14438411976";"ACESOLDA MATERIAIS DE SOLDA LTDA - EPP";"0,00";"MATERIAL SOLICITADO COMPRADO PARA ATENDER A OBRA JANDAIA - 2449";"Em aberto";"16573134168";"0000000004590";"";"SUPORTE DE SERRA COPO DE 32 Á 210MM";"1,00";"31,0000";"PC";"0,0000";"2449"
"24748957168";"8316";"05/01/2026";"";"14438411976";"ACESOLDA MATERIAIS DE SOLDA LTDA - EPP";"0,00";"MATERIAL SOLICITADO COMPRADO PARA ATENDER A OBRA JANDAIA - 2449";"Em aberto";"15218312207";"0000000004545";"484";"REFIL P/ MACARICO";"1,00";"60,0000";"PC";"0,0000";"2449"
"24748957168";"8316";"05/01/2026";"";"14438411976";"ACESOLDA MATERIAIS DE SOLDA LTDA - EPP";"0,00";"MATERIAL SOLICITADO COMPRADO PARA ATENDER A OBRA JANDAIA - 2449";"Em aberto";"9246413829";"0000000003748";"";"BOTA PU SEM BICO";"1,00";"48,0000";"PC";"0,0000";"2449"
"24748957168";"8316";"05/01/2026";"";"14438411976";"ACESOLDA MATERIAIS DE SOLDA LTDA - EPP";"0,00";"MATERIAL SOLICITADO COMPRADO PARA ATENDER A OBRA JANDAIA - 2449";"Em aberto";"16535255243";"0000000004451";"";"BROCA 10MM VIDEA";"1,00";"28,5000";"PC";"0,0000";"2449"
"24748957168";"8316";"05/01/2026";"";"14438411976";"ACESOLDA MATERIAIS DE SOLDA LTDA - EPP";"0,00";"MATERIAL SOLICITADO COMPRADO PARA ATENDER A OBRA JANDAIA - 2449";"Em aberto";"16585803158";"0000000004601";"";"DS SERRA CIRCULAR MD 4.3/8 24D FURO20MM ROCAST";"2,00";"20,0000";"PÇ";"0,0000";"2449"
"24749402098";"8317";"05/01/2026";"";"16612278278";"MARKETING DIGITAL CMHF";"0,00";"SOLICITAÇÃO REFERENTE A INVESTIMENTO EM MARKETING - GOOGLE ADS

Espero que estejam bem. Aproveito para desejar um feliz ano novo a toda a equipe, que este novo ano seja de crescimento, bons resultados e novas conquistas para todos nós.
Conforme alinhado, encaminho a solicitação referente ao investimento em marketing para o período de 05/01 a 09/01, no valor total de R$ 600,00.
Para que possamos dar continuidade às campanhas sem interrupções e já iniciar o período com os anúncios ativos, solicito, por gentileza, que o pagamento seja realizado ainda hoje.
Assim que forem providenciar o pagamento, peço que me avisem para que eu possa encaminhar a chave PIX correspondente.
Fico à disposição para qualquer dúvida.
";"Em aberto";"15995664043";"";"";"Marketing digital GOOGLE ADS";"1,00";"600,0000";"";"0,0000";""
"24749499770";"8318";"05/01/2026";"";"9406825547";"CASA FARIA MATERIAIS HIDRAULICOS LTDA";"0,00";"MATERIAL SOLICITADO PARA ATENDER A OBRA ZAVIT - 3260";"Em aberto";"15218264194";"0000000000421";"";"PASTA PARA SOLDA 450GR";"1,00";"31,5200";"PC";"0,0000";"3260"
"24749639665";"8319";"05/01/2026";"";"17713182428";"Thailane Bispo Santos (BILU)";"0,00";"SOLICITAÇÃO REFERENTE A EMPREITA REALIZADA NA OBRA HPBIO - 2789 ";"Em aberto";"16357119601";"";"";"EMPREITA";"1,00";"900,0000";"";"0,0000";"2789"
"24749719006";"8320";"05/01/2026";"";"9120546018";"MARCIO LEITE FELIX - MATERIAL";"0,00";"COMPRA PARA ATENDER A OBRA JANDAIA - 2449";"Em aberto";"9084675624";"";"";"REEMBOLSO";"1,00";"320,0000";"VB";"0,0000";"2449"
"24749760216";"8321";"05/01/2026";"";"9120546018";"MARCIO LEITE FELIX - MATERIAL";"0,00";"REEMBOLSO REFERENTE A MATERIAL COMPRADO PARA A OBRA JANDAIA - 2449";"Em aberto";"9084675624";"";"";"REEMBOLSO";"1,00";"52,5000";"VB";"0,0000";"2449"
"24749783692";"8322";"05/01/2026";"";"9120546018";"MARCIO LEITE FELIX - MATERIAL";"0,00";"REEMBOLSO REFERENTE A PAGAMENTO DE EMPREITA NA OBRA HPBIO - 2789";"Em aberto";"9084675624";"";"";"REEMBOLSO";"1,00";"100,0000";"VB";"0,0000";"2789"
"24750763913";"8324";"05/01/2026";"";"15707888196";"CASA TOGNINI MATERIAIS HID E SANIT LTDA";"0,00";"COMPRA FEITA PARA ATENDER A OBRA ED. GATTAS - 2901

COMPRA FEITA EM NOME DA AJGSPE NO PERÍODO DE RECESSO SEM A AUTORIZAÇÃO FORMALIZADA DO VICTOR COM ORDEM DO MÁRCIO.

FATURAMENTO EM 2X - INSTRUÇÃO DO MÁRCIO PARA CASO A AJGSPE NÃO ACEITE A COMPRA SEM APROVAÇÃO, A CMHF SERÁ RESPONSÁVEL!!";"Em aberto";"9194015725";"0000000003729";"";"SPRINKLER PENDENTE RESPOSTA PADRÃO - 68º X 1/2"" - K80";"32,00";"26,7900";"PC";"0,0000";"2901"
"24750763913";"8324";"05/01/2026";"";"15707888196";"CASA TOGNINI MATERIAIS HID E SANIT LTDA";"0,00";"COMPRA FEITA PARA ATENDER A OBRA ED. GATTAS - 2901

COMPRA FEITA EM NOME DA AJGSPE NO PERÍODO DE RECESSO SEM A AUTORIZAÇÃO FORMALIZADA DO VICTOR COM ORDEM DO MÁRCIO.

FATURAMENTO EM 2X - INSTRUÇÃO DO MÁRCIO PARA CASO A AJGSPE NÃO ACEITE A COMPRA SEM APROVAÇÃO, A CMHF SERÁ RESPONSÁVEL!!";"Em aberto";"9198556425";"0000000003735";"";"CANOPLA PARA SPRINKLER";"32,00";"3,0500";"PC";"0,0000";"2901"
"24750763913";"8324";"05/01/2026";"";"15707888196";"CASA TOGNINI MATERIAIS HID E SANIT LTDA";"0,00";"COMPRA FEITA PARA ATENDER A OBRA ED. GATTAS - 2901

COMPRA FEITA EM NOME DA AJGSPE NO PERÍODO DE RECESSO SEM A AUTORIZAÇÃO FORMALIZADA DO VICTOR COM ORDEM DO MÁRCIO.

FATURAMENTO EM 2X - INSTRUÇÃO DO MÁRCIO PARA CASO A AJGSPE NÃO ACEITE A COMPRA SEM APROVAÇÃO, A CMHF SERÁ RESPONSÁVEL!!";"Em aberto";"16557668911";"0000000004549";"";"BUCHA REDUCAO COBRE SEM ANEL 35 X 28MM";"2,00";"14,2900";"PC";"0,0000";"2901"
"24750763913";"8324";"05/01/2026";"";"15707888196";"CASA TOGNINI MATERIAIS HID E SANIT LTDA";"0,00";"COMPRA FEITA PARA ATENDER A OBRA ED. GATTAS - 2901

COMPRA FEITA EM NOME DA AJGSPE NO PERÍODO DE RECESSO SEM A AUTORIZAÇÃO FORMALIZADA DO VICTOR COM ORDEM DO MÁRCIO.

FATURAMENTO EM 2X - INSTRUÇÃO DO MÁRCIO PARA CASO A AJGSPE NÃO ACEITE A COMPRA SEM APROVAÇÃO, A CMHF SERÁ RESPONSÁVEL!!";"Em aberto";"15862255674";"0000000000513";"";"TUBO COBRE CLASSE E - 22MM";"5,00";"213,5100";"BR";"0,0000";"2901"
"24750763913";"8324";"05/01/2026";"";"15707888196";"CASA TOGNINI MATERIAIS HID E SANIT LTDA";"0,00";"COMPRA FEITA PARA ATENDER A OBRA ED. GATTAS - 2901

COMPRA FEITA EM NOME DA AJGSPE NO PERÍODO DE RECESSO SEM A AUTORIZAÇÃO FORMALIZADA DO VICTOR COM ORDEM DO MÁRCIO.

FATURAMENTO EM 2X - INSTRUÇÃO DO MÁRCIO PARA CASO A AJGSPE NÃO ACEITE A COMPRA SEM APROVAÇÃO, A CMHF SERÁ RESPONSÁVEL!!";"Em aberto";"16264767708";"0000000001424";"";"SOLDA EM BARRA 50X50";"1,00";"211,5500";"PC";"0,0000";"2901"
"24750763913";"8324";"05/01/2026";"";"15707888196";"CASA TOGNINI MATERIAIS HID E SANIT LTDA";"0,00";"COMPRA FEITA PARA ATENDER A OBRA ED. GATTAS - 2901

COMPRA FEITA EM NOME DA AJGSPE NO PERÍODO DE RECESSO SEM A AUTORIZAÇÃO FORMALIZADA DO VICTOR COM ORDEM DO MÁRCIO.

FATURAMENTO EM 2X - INSTRUÇÃO DO MÁRCIO PARA CASO A AJGSPE NÃO ACEITE A COMPRA SEM APROVAÇÃO, A CMHF SERÁ RESPONSÁVEL!!";"Em aberto";"16158257396";"";"";"IMPOSTOS";"1,00";"34,7000";"um";"0,0000";"2901"
"24751039687";"8325";"05/01/2026";"";"15707888196";"CASA TOGNINI MATERIAIS HID E SANIT LTDA";"0,00";"A PRIMEIRA PARCELA SERÁ PAGA PELA CMHF E SERÁ SOLICITADO O REEMBOLSO, POIS PASSOU DA DATA DE CORTE DA GERENCIADORA DEVIDO A UM ERRO NO SISTEMA DELES.
EM RELAÇÃO AOS BOLETOS PARA OS QUAIS FORAM SOLICITADOS A ANTENCIPAÇÃO, COM VENCIMENTOS EM 20/02 E 22/03, SERÃO PAGOS PELA GERENCIADORA (AJGSPE) NAS DATAS 10/02 E 10/03

COMPRA FEITA PARA ATENDER A OBRA ED. GATTAS - 2901

COMPRA FEITA EM NOME DA AJGSPE NO PERÍODO DE RECESSO SEM A AUTORIZAÇÃO FORMALIZADA DO VICTOR COM ORDEM DO MÁRCIO.

FATURAMENTO EM 3X - INSTRUÇÃO DO MÁRCIO PARA CASO A AJGSPE NÃO ACEITE A COMPRA SEM APROVAÇÃO, A CMHF SERÁ RESPONSÁVEL!!";"Em aberto";"15886049046";"0000000000554";"";"TUBO COBRE CLASSE E - 54MM";"10,00";"780,6300";"BR";"0,0000";"2901"
"24751039687";"8325";"05/01/2026";"";"15707888196";"CASA TOGNINI MATERIAIS HID E SANIT LTDA";"0,00";"A PRIMEIRA PARCELA SERÁ PAGA PELA CMHF E SERÁ SOLICITADO O REEMBOLSO, POIS PASSOU DA DATA DE CORTE DA GERENCIADORA DEVIDO A UM ERRO NO SISTEMA DELES.
EM RELAÇÃO AOS BOLETOS PARA OS QUAIS FORAM SOLICITADOS A ANTENCIPAÇÃO, COM VENCIMENTOS EM 20/02 E 22/03, SERÃO PAGOS PELA GERENCIADORA (AJGSPE) NAS DATAS 10/02 E 10/03

COMPRA FEITA PARA ATENDER A OBRA ED. GATTAS - 2901

COMPRA FEITA EM NOME DA AJGSPE NO PERÍODO DE RECESSO SEM A AUTORIZAÇÃO FORMALIZADA DO VICTOR COM ORDEM DO MÁRCIO.

FATURAMENTO EM 3X - INSTRUÇÃO DO MÁRCIO PARA CASO A AJGSPE NÃO ACEITE A COMPRA SEM APROVAÇÃO, A CMHF SERÁ RESPONSÁVEL!!";"Em aberto";"16438459925";"0000000002968";"";"TUBO COBRE CLASSE E - 66MM";"1,00";"1.071,9000";"BR";"0,0000";"2901"
"24751039687";"8325";"05/01/2026";"";"15707888196";"CASA TOGNINI MATERIAIS HID E SANIT LTDA";"0,00";"A PRIMEIRA PARCELA SERÁ PAGA PELA CMHF E SERÁ SOLICITADO O REEMBOLSO, POIS PASSOU DA DATA DE CORTE DA GERENCIADORA DEVIDO A UM ERRO NO SISTEMA DELES.
EM RELAÇÃO AOS BOLETOS PARA OS QUAIS FORAM SOLICITADOS A ANTENCIPAÇÃO, COM VENCIMENTOS EM 20/02 E 22/03, SERÃO PAGOS PELA GERENCIADORA (AJGSPE) NAS DATAS 10/02 E 10/03

COMPRA FEITA PARA ATENDER A OBRA ED. GATTAS - 2901

COMPRA FEITA EM NOME DA AJGSPE NO PERÍODO DE RECESSO SEM A AUTORIZAÇÃO FORMALIZADA DO VICTOR COM ORDEM DO MÁRCIO.

FATURAMENTO EM 3X - INSTRUÇÃO DO MÁRCIO PARA CASO A AJGSPE NÃO ACEITE A COMPRA SEM APROVAÇÃO, A CMHF SERÁ RESPONSÁVEL!!";"Em aberto";"15888376864";"0000000000562";"";"TUBO COBRE CLASSE E - 35MM";"7,00";"393,4900";"BR";"0,0000";"2901"
"24751039687";"8325";"05/01/2026";"";"15707888196";"CASA TOGNINI MATERIAIS HID E SANIT LTDA";"0,00";"A PRIMEIRA PARCELA SERÁ PAGA PELA CMHF E SERÁ SOLICITADO O REEMBOLSO, POIS PASSOU DA DATA DE CORTE DA GERENCIADORA DEVIDO A UM ERRO NO SISTEMA DELES.
EM RELAÇÃO AOS BOLETOS PARA OS QUAIS FORAM SOLICITADOS A ANTENCIPAÇÃO, COM VENCIMENTOS EM 20/02 E 22/03, SERÃO PAGOS PELA GERENCIADORA (AJGSPE) NAS DATAS 10/02 E 10/03

COMPRA FEITA PARA ATENDER A OBRA ED. GATTAS - 2901

COMPRA FEITA EM NOME DA AJGSPE NO PERÍODO DE RECESSO SEM A AUTORIZAÇÃO FORMALIZADA DO VICTOR COM ORDEM DO MÁRCIO.

FATURAMENTO EM 3X - INSTRUÇÃO DO MÁRCIO PARA CASO A AJGSPE NÃO ACEITE A COMPRA SEM APROVAÇÃO, A CMHF SERÁ RESPONSÁVEL!!";"Em aberto";"16512868451";"0000000004185";"200591";"TUBO COBRE CLASSE E 28MM";"3,00";"258,5200";"BR";"0,0000";"2901"
"24751039687";"8325";"05/01/2026";"";"15707888196";"CASA TOGNINI MATERIAIS HID E SANIT LTDA";"0,00";"A PRIMEIRA PARCELA SERÁ PAGA PELA CMHF E SERÁ SOLICITADO O REEMBOLSO, POIS PASSOU DA DATA DE CORTE DA GERENCIADORA DEVIDO A UM ERRO NO SISTEMA DELES.
EM RELAÇÃO AOS BOLETOS PARA OS QUAIS FORAM SOLICITADOS A ANTENCIPAÇÃO, COM VENCIMENTOS EM 20/02 E 22/03, SERÃO PAGOS PELA GERENCIADORA (AJGSPE) NAS DATAS 10/02 E 10/03

COMPRA FEITA PARA ATENDER A OBRA ED. GATTAS - 2901

COMPRA FEITA EM NOME DA AJGSPE NO PERÍODO DE RECESSO SEM A AUTORIZAÇÃO FORMALIZADA DO VICTOR COM ORDEM DO MÁRCIO.

FATURAMENTO EM 3X - INSTRUÇÃO DO MÁRCIO PARA CASO A AJGSPE NÃO ACEITE A COMPRA SEM APROVAÇÃO, A CMHF SERÁ RESPONSÁVEL!!";"Em aberto";"15862255674";"0000000000513";"";"TUBO COBRE CLASSE E - 22MM";"20,00";"201,9600";"BR";"0,0000";"2901"
"24751039687";"8325";"05/01/2026";"";"15707888196";"CASA TOGNINI MATERIAIS HID E SANIT LTDA";"0,00";"A PRIMEIRA PARCELA SERÁ PAGA PELA CMHF E SERÁ SOLICITADO O REEMBOLSO, POIS PASSOU DA DATA DE CORTE DA GERENCIADORA DEVIDO A UM ERRO NO SISTEMA DELES.
EM RELAÇÃO AOS BOLETOS PARA OS QUAIS FORAM SOLICITADOS A ANTENCIPAÇÃO, COM VENCIMENTOS EM 20/02 E 22/03, SERÃO PAGOS PELA GERENCIADORA (AJGSPE) NAS DATAS 10/02 E 10/03

COMPRA FEITA PARA ATENDER A OBRA ED. GATTAS - 2901

COMPRA FEITA EM NOME DA AJGSPE NO PERÍODO DE RECESSO SEM A AUTORIZAÇÃO FORMALIZADA DO VICTOR COM ORDEM DO MÁRCIO.

FATURAMENTO EM 3X - INSTRUÇÃO DO MÁRCIO PARA CASO A AJGSPE NÃO ACEITE A COMPRA SEM APROVAÇÃO, A CMHF SERÁ RESPONSÁVEL!!";"Em aberto";"16562222834";"0000000004558";"";"TE COBRE SEM ANEL 54MM";"8,00";"75,9100";"PC";"0,0000";"2901"
"24751039687";"8325";"05/01/2026";"";"15707888196";"CASA TOGNINI MATERIAIS HID E SANIT LTDA";"0,00";"A PRIMEIRA PARCELA SERÁ PAGA PELA CMHF E SERÁ SOLICITADO O REEMBOLSO, POIS PASSOU DA DATA DE CORTE DA GERENCIADORA DEVIDO A UM ERRO NO SISTEMA DELES.
EM RELAÇÃO AOS BOLETOS PARA OS QUAIS FORAM SOLICITADOS A ANTENCIPAÇÃO, COM VENCIMENTOS EM 20/02 E 22/03, SERÃO PAGOS PELA GERENCIADORA (AJGSPE) NAS DATAS 10/02 E 10/03

COMPRA FEITA PARA ATENDER A OBRA ED. GATTAS - 2901

COMPRA FEITA EM NOME DA AJGSPE NO PERÍODO DE RECESSO SEM A AUTORIZAÇÃO FORMALIZADA DO VICTOR COM ORDEM DO MÁRCIO.

FATURAMENTO EM 3X - INSTRUÇÃO DO MÁRCIO PARA CASO A AJGSPE NÃO ACEITE A COMPRA SEM APROVAÇÃO, A CMHF SERÁ RESPONSÁVEL!!";"Em aberto";"16572630961";"0000000004583";"";"TE COBRE SEM ANEL 54 X 35MM";"6,00";"127,9300";"PC";"0,0000";"2901"
"24751039687";"8325";"05/01/2026";"";"15707888196";"CASA TOGNINI MATERIAIS HID E SANIT LTDA";"0,00";"A PRIMEIRA PARCELA SERÁ PAGA PELA CMHF E SERÁ SOLICITADO O REEMBOLSO, POIS PASSOU DA DATA DE CORTE DA GERENCIADORA DEVIDO A UM ERRO NO SISTEMA DELES.
EM RELAÇÃO AOS BOLETOS PARA OS QUAIS FORAM SOLICITADOS A ANTENCIPAÇÃO, COM VENCIMENTOS EM 20/02 E 22/03, SERÃO PAGOS PELA GERENCIADORA (AJGSPE) NAS DATAS 10/02 E 10/03

COMPRA FEITA PARA ATENDER A OBRA ED. GATTAS - 2901

COMPRA FEITA EM NOME DA AJGSPE NO PERÍODO DE RECESSO SEM A AUTORIZAÇÃO FORMALIZADA DO VICTOR COM ORDEM DO MÁRCIO.

FATURAMENTO EM 3X - INSTRUÇÃO DO MÁRCIO PARA CASO A AJGSPE NÃO ACEITE A COMPRA SEM APROVAÇÃO, A CMHF SERÁ RESPONSÁVEL!!";"Em aberto";"16512870162";"0000000004187";"205265";"TE COBRE SEM ANEL 54 X 22MM";"12,00";"58,6300";"PC";"0,0000";"2901"
"24751039687";"8325";"05/01/2026";"";"15707888196";"CASA TOGNINI MATERIAIS HID E SANIT LTDA";"0,00";"A PRIMEIRA PARCELA SERÁ PAGA PELA CMHF E SERÁ SOLICITADO O REEMBOLSO, POIS PASSOU DA DATA DE CORTE DA GERENCIADORA DEVIDO A UM ERRO NO SISTEMA DELES.
EM RELAÇÃO AOS BOLETOS PARA OS QUAIS FORAM SOLICITADOS A ANTENCIPAÇÃO, COM VENCIMENTOS EM 20/02 E 22/03, SERÃO PAGOS PELA GERENCIADORA (AJGSPE) NAS DATAS 10/02 E 10/03

COMPRA FEITA PARA ATENDER A OBRA ED. GATTAS - 2901

COMPRA FEITA EM NOME DA AJGSPE NO PERÍODO DE RECESSO SEM A AUTORIZAÇÃO FORMALIZADA DO VICTOR COM ORDEM DO MÁRCIO.

FATURAMENTO EM 3X - INSTRUÇÃO DO MÁRCIO PARA CASO A AJGSPE NÃO ACEITE A COMPRA SEM APROVAÇÃO, A CMHF SERÁ RESPONSÁVEL!!";"Em aberto";"16562223011";"0000000004560";"";"TE COBRE SEM ANEL 66MM";"3,00";"151,8600";"PC";"0,0000";"2901"
"24751039687";"8325";"05/01/2026";"";"15707888196";"CASA TOGNINI MATERIAIS HID E SANIT LTDA";"0,00";"A PRIMEIRA PARCELA SERÁ PAGA PELA CMHF E SERÁ SOLICITADO O REEMBOLSO, POIS PASSOU DA DATA DE CORTE DA GERENCIADORA DEVIDO A UM ERRO NO SISTEMA DELES.
EM RELAÇÃO AOS BOLETOS PARA OS QUAIS FORAM SOLICITADOS A ANTENCIPAÇÃO, COM VENCIMENTOS EM 20/02 E 22/03, SERÃO PAGOS PELA GERENCIADORA (AJGSPE) NAS DATAS 10/02 E 10/03

COMPRA FEITA PARA ATENDER A OBRA ED. GATTAS - 2901

COMPRA FEITA EM NOME DA AJGSPE NO PERÍODO DE RECESSO SEM A AUTORIZAÇÃO FORMALIZADA DO VICTOR COM ORDEM DO MÁRCIO.

FATURAMENTO EM 3X - INSTRUÇÃO DO MÁRCIO PARA CASO A AJGSPE NÃO ACEITE A COMPRA SEM APROVAÇÃO, A CMHF SERÁ RESPONSÁVEL!!";"Em aberto";"16571979081";"0000000004575";"";"TE COBRE SEM ANEL 79MM";"1,00";"406,2600";"PÇ";"0,0000";"2901"
"24751039687";"8325";"05/01/2026";"";"15707888196";"CASA TOGNINI MATERIAIS HID E SANIT LTDA";"0,00";"A PRIMEIRA PARCELA SERÁ PAGA PELA CMHF E SERÁ SOLICITADO O REEMBOLSO, POIS PASSOU DA DATA DE CORTE DA GERENCIADORA DEVIDO A UM ERRO NO SISTEMA DELES.
EM RELAÇÃO AOS BOLETOS PARA OS QUAIS FORAM SOLICITADOS A ANTENCIPAÇÃO, COM VENCIMENTOS EM 20/02 E 22/03, SERÃO PAGOS PELA GERENCIADORA (AJGSPE) NAS DATAS 10/02 E 10/03

COMPRA FEITA PARA ATENDER A OBRA ED. GATTAS - 2901

COMPRA FEITA EM NOME DA AJGSPE NO PERÍODO DE RECESSO SEM A AUTORIZAÇÃO FORMALIZADA DO VICTOR COM ORDEM DO MÁRCIO.

FATURAMENTO EM 3X - INSTRUÇÃO DO MÁRCIO PARA CASO A AJGSPE NÃO ACEITE A COMPRA SEM APROVAÇÃO, A CMHF SERÁ RESPONSÁVEL!!";"Em aberto";"16512819879";"0000000004173";"205264";"TE COBRE SEM ANEL 42 X 22MM";"12,00";"78,7900";"PC";"0,0000";"2901"
"24751039687";"8325";"05/01/2026";"";"15707888196";"CASA TOGNINI MATERIAIS HID E SANIT LTDA";"0,00";"A PRIMEIRA PARCELA SERÁ PAGA PELA CMHF E SERÁ SOLICITADO O REEMBOLSO, POIS PASSOU DA DATA DE CORTE DA GERENCIADORA DEVIDO A UM ERRO NO SISTEMA DELES.
EM RELAÇÃO AOS BOLETOS PARA OS QUAIS FORAM SOLICITADOS A ANTENCIPAÇÃO, COM VENCIMENTOS EM 20/02 E 22/03, SERÃO PAGOS PELA GERENCIADORA (AJGSPE) NAS DATAS 10/02 E 10/03

COMPRA FEITA PARA ATENDER A OBRA ED. GATTAS - 2901

COMPRA FEITA EM NOME DA AJGSPE NO PERÍODO DE RECESSO SEM A AUTORIZAÇÃO FORMALIZADA DO VICTOR COM ORDEM DO MÁRCIO.

FATURAMENTO EM 3X - INSTRUÇÃO DO MÁRCIO PARA CASO A AJGSPE NÃO ACEITE A COMPRA SEM APROVAÇÃO, A CMHF SERÁ RESPONSÁVEL!!";"Em aberto";"16512821169";"0000000004174";"323589";"TE COBRE SEM ANEL 35 x 22MM";"12,00";"38,7100";"PC";"0,0000";"2901"
"24751039687";"8325";"05/01/2026";"";"15707888196";"CASA TOGNINI MATERIAIS HID E SANIT LTDA";"0,00";"A PRIMEIRA PARCELA SERÁ PAGA PELA CMHF E SERÁ SOLICITADO O REEMBOLSO, POIS PASSOU DA DATA DE CORTE DA GERENCIADORA DEVIDO A UM ERRO NO SISTEMA DELES.
EM RELAÇÃO AOS BOLETOS PARA OS QUAIS FORAM SOLICITADOS A ANTENCIPAÇÃO, COM VENCIMENTOS EM 20/02 E 22/03, SERÃO PAGOS PELA GERENCIADORA (AJGSPE) NAS DATAS 10/02 E 10/03

COMPRA FEITA PARA ATENDER A OBRA ED. GATTAS - 2901

COMPRA FEITA EM NOME DA AJGSPE NO PERÍODO DE RECESSO SEM A AUTORIZAÇÃO FORMALIZADA DO VICTOR COM ORDEM DO MÁRCIO.

FATURAMENTO EM 3X - INSTRUÇÃO DO MÁRCIO PARA CASO A AJGSPE NÃO ACEITE A COMPRA SEM APROVAÇÃO, A CMHF SERÁ RESPONSÁVEL!!";"Em aberto";"16562222916";"0000000004559";"";"TE COBRE SEM ANEL 35MM";"4,00";"42,3600";"PC";"0,0000";"2901"
"24751039687";"8325";"05/01/2026";"";"15707888196";"CASA TOGNINI MATERIAIS HID E SANIT LTDA";"0,00";"A PRIMEIRA PARCELA SERÁ PAGA PELA CMHF E SERÁ SOLICITADO O REEMBOLSO, POIS PASSOU DA DATA DE CORTE DA GERENCIADORA DEVIDO A UM ERRO NO SISTEMA DELES.
EM RELAÇÃO AOS BOLETOS PARA OS QUAIS FORAM SOLICITADOS A ANTENCIPAÇÃO, COM VENCIMENTOS EM 20/02 E 22/03, SERÃO PAGOS PELA GERENCIADORA (AJGSPE) NAS DATAS 10/02 E 10/03

COMPRA FEITA PARA ATENDER A OBRA ED. GATTAS - 2901

COMPRA FEITA EM NOME DA AJGSPE NO PERÍODO DE RECESSO SEM A AUTORIZAÇÃO FORMALIZADA DO VICTOR COM ORDEM DO MÁRCIO.

FATURAMENTO EM 3X - INSTRUÇÃO DO MÁRCIO PARA CASO A AJGSPE NÃO ACEITE A COMPRA SEM APROVAÇÃO, A CMHF SERÁ RESPONSÁVEL!!";"Em aberto";"16562222579";"0000000004556";"";"TE COBRE SEM ANEL 28 X 22MM";"10,00";"26,7000";"PC";"0,0000";"2901"
"24751039687";"8325";"05/01/2026";"";"15707888196";"CASA TOGNINI MATERIAIS HID E SANIT LTDA";"0,00";"A PRIMEIRA PARCELA SERÁ PAGA PELA CMHF E SERÁ SOLICITADO O REEMBOLSO, POIS PASSOU DA DATA DE CORTE DA GERENCIADORA DEVIDO A UM ERRO NO SISTEMA DELES.
EM RELAÇÃO AOS BOLETOS PARA OS QUAIS FORAM SOLICITADOS A ANTENCIPAÇÃO, COM VENCIMENTOS EM 20/02 E 22/03, SERÃO PAGOS PELA GERENCIADORA (AJGSPE) NAS DATAS 10/02 E 10/03

COMPRA FEITA PARA ATENDER A OBRA ED. GATTAS - 2901

COMPRA FEITA EM NOME DA AJGSPE NO PERÍODO DE RECESSO SEM A AUTORIZAÇÃO FORMALIZADA DO VICTOR COM ORDEM DO MÁRCIO.

FATURAMENTO EM 3X - INSTRUÇÃO DO MÁRCIO PARA CASO A AJGSPE NÃO ACEITE A COMPRA SEM APROVAÇÃO, A CMHF SERÁ RESPONSÁVEL!!";"Em aberto";"16385083604";"0000000002718";"";"TE COBRE SEM ANEL 22MM";"5,00";"17,0900";"PC";"0,0000";"2901"
"24751039687";"8325";"05/01/2026";"";"15707888196";"CASA TOGNINI MATERIAIS HID E SANIT LTDA";"0,00";"A PRIMEIRA PARCELA SERÁ PAGA PELA CMHF E SERÁ SOLICITADO O REEMBOLSO, POIS PASSOU DA DATA DE CORTE DA GERENCIADORA DEVIDO A UM ERRO NO SISTEMA DELES.
EM RELAÇÃO AOS BOLETOS PARA OS QUAIS FORAM SOLICITADOS A ANTENCIPAÇÃO, COM VENCIMENTOS EM 20/02 E 22/03, SERÃO PAGOS PELA GERENCIADORA (AJGSPE) NAS DATAS 10/02 E 10/03

COMPRA FEITA PARA ATENDER A OBRA ED. GATTAS - 2901

COMPRA FEITA EM NOME DA AJGSPE NO PERÍODO DE RECESSO SEM A AUTORIZAÇÃO FORMALIZADA DO VICTOR COM ORDEM DO MÁRCIO.

FATURAMENTO EM 3X - INSTRUÇÃO DO MÁRCIO PARA CASO A AJGSPE NÃO ACEITE A COMPRA SEM APROVAÇÃO, A CMHF SERÁ RESPONSÁVEL!!";"Em aberto";"16512871635";"0000000004188";"205119";"BUCHA REDUCAO COBRE SEM ANEL 79 X 66MM";"2,00";"115,2400";"PC";"0,0000";"2901"
"24751039687";"8325";"05/01/2026";"";"15707888196";"CASA TOGNINI MATERIAIS HID E SANIT LTDA";"0,00";"A PRIMEIRA PARCELA SERÁ PAGA PELA CMHF E SERÁ SOLICITADO O REEMBOLSO, POIS PASSOU DA DATA DE CORTE DA GERENCIADORA DEVIDO A UM ERRO NO SISTEMA DELES.
EM RELAÇÃO AOS BOLETOS PARA OS QUAIS FORAM SOLICITADOS A ANTENCIPAÇÃO, COM VENCIMENTOS EM 20/02 E 22/03, SERÃO PAGOS PELA GERENCIADORA (AJGSPE) NAS DATAS 10/02 E 10/03

COMPRA FEITA PARA ATENDER A OBRA ED. GATTAS - 2901

COMPRA FEITA EM NOME DA AJGSPE NO PERÍODO DE RECESSO SEM A AUTORIZAÇÃO FORMALIZADA DO VICTOR COM ORDEM DO MÁRCIO.

FATURAMENTO EM 3X - INSTRUÇÃO DO MÁRCIO PARA CASO A AJGSPE NÃO ACEITE A COMPRA SEM APROVAÇÃO, A CMHF SERÁ RESPONSÁVEL!!";"Em aberto";"16574625738";"0000000004596";"";"BUCHA REDUCAO COBRE SEM ANEL 104 X 79MM";"1,00";"299,8000";"PC";"0,0000";"2901"
"24751039687";"8325";"05/01/2026";"";"15707888196";"CASA TOGNINI MATERIAIS HID E SANIT LTDA";"0,00";"A PRIMEIRA PARCELA SERÁ PAGA PELA CMHF E SERÁ SOLICITADO O REEMBOLSO, POIS PASSOU DA DATA DE CORTE DA GERENCIADORA DEVIDO A UM ERRO NO SISTEMA DELES.
EM RELAÇÃO AOS BOLETOS PARA OS QUAIS FORAM SOLICITADOS A ANTENCIPAÇÃO, COM VENCIMENTOS EM 20/02 E 22/03, SERÃO PAGOS PELA GERENCIADORA (AJGSPE) NAS DATAS 10/02 E 10/03

COMPRA FEITA PARA ATENDER A OBRA ED. GATTAS - 2901

COMPRA FEITA EM NOME DA AJGSPE NO PERÍODO DE RECESSO SEM A AUTORIZAÇÃO FORMALIZADA DO VICTOR COM ORDEM DO MÁRCIO.

FATURAMENTO EM 3X - INSTRUÇÃO DO MÁRCIO PARA CASO A AJGSPE NÃO ACEITE A COMPRA SEM APROVAÇÃO, A CMHF SERÁ RESPONSÁVEL!!";"Em aberto";"16562220941";"0000000004554";"";"BUCHA REDUCAO COBRE SEM ANEL 66 X 54MM";"2,00";"92,0500";"PC";"0,0000";"2901"
"24751039687";"8325";"05/01/2026";"";"15707888196";"CASA TOGNINI MATERIAIS HID E SANIT LTDA";"0,00";"A PRIMEIRA PARCELA SERÁ PAGA PELA CMHF E SERÁ SOLICITADO O REEMBOLSO, POIS PASSOU DA DATA DE CORTE DA GERENCIADORA DEVIDO A UM ERRO NO SISTEMA DELES.
EM RELAÇÃO AOS BOLETOS PARA OS QUAIS FORAM SOLICITADOS A ANTENCIPAÇÃO, COM VENCIMENTOS EM 20/02 E 22/03, SERÃO PAGOS PELA GERENCIADORA (AJGSPE) NAS DATAS 10/02 E 10/03

COMPRA FEITA PARA ATENDER A OBRA ED. GATTAS - 2901

COMPRA FEITA EM NOME DA AJGSPE NO PERÍODO DE RECESSO SEM A AUTORIZAÇÃO FORMALIZADA DO VICTOR COM ORDEM DO MÁRCIO.

FATURAMENTO EM 3X - INSTRUÇÃO DO MÁRCIO PARA CASO A AJGSPE NÃO ACEITE A COMPRA SEM APROVAÇÃO, A CMHF SERÁ RESPONSÁVEL!!";"Em aberto";"16512821889";"0000000004175";"205115";"BUCHA REDUCAO COBRE SEM ANEL 66 X 28MM";"2,00";"91,4800";"PC";"0,0000";"2901"
"24751039687";"8325";"05/01/2026";"";"15707888196";"CASA TOGNINI MATERIAIS HID E SANIT LTDA";"0,00";"A PRIMEIRA PARCELA SERÁ PAGA PELA CMHF E SERÁ SOLICITADO O REEMBOLSO, POIS PASSOU DA DATA DE CORTE DA GERENCIADORA DEVIDO A UM ERRO NO SISTEMA DELES.
EM RELAÇÃO AOS BOLETOS PARA OS QUAIS FORAM SOLICITADOS A ANTENCIPAÇÃO, COM VENCIMENTOS EM 20/02 E 22/03, SERÃO PAGOS PELA GERENCIADORA (AJGSPE) NAS DATAS 10/02 E 10/03

COMPRA FEITA PARA ATENDER A OBRA ED. GATTAS - 2901

COMPRA FEITA EM NOME DA AJGSPE NO PERÍODO DE RECESSO SEM A AUTORIZAÇÃO FORMALIZADA DO VICTOR COM ORDEM DO MÁRCIO.

FATURAMENTO EM 3X - INSTRUÇÃO DO MÁRCIO PARA CASO A AJGSPE NÃO ACEITE A COMPRA SEM APROVAÇÃO, A CMHF SERÁ RESPONSÁVEL!!";"Em aberto";"16512825757";"0000000004176";"205114";"BUCHA REDUCAO COBRE SEM ANEL 54 X 42MM";"12,00";"30,4800";"PC";"0,0000";"2901"
"24751039687";"8325";"05/01/2026";"";"15707888196";"CASA TOGNINI MATERIAIS HID E SANIT LTDA";"0,00";"A PRIMEIRA PARCELA SERÁ PAGA PELA CMHF E SERÁ SOLICITADO O REEMBOLSO, POIS PASSOU DA DATA DE CORTE DA GERENCIADORA DEVIDO A UM ERRO NO SISTEMA DELES.
EM RELAÇÃO AOS BOLETOS PARA OS QUAIS FORAM SOLICITADOS A ANTENCIPAÇÃO, COM VENCIMENTOS EM 20/02 E 22/03, SERÃO PAGOS PELA GERENCIADORA (AJGSPE) NAS DATAS 10/02 E 10/03

COMPRA FEITA PARA ATENDER A OBRA ED. GATTAS - 2901

COMPRA FEITA EM NOME DA AJGSPE NO PERÍODO DE RECESSO SEM A AUTORIZAÇÃO FORMALIZADA DO VICTOR COM ORDEM DO MÁRCIO.

FATURAMENTO EM 3X - INSTRUÇÃO DO MÁRCIO PARA CASO A AJGSPE NÃO ACEITE A COMPRA SEM APROVAÇÃO, A CMHF SERÁ RESPONSÁVEL!!";"Em aberto";"16562221623";"0000000004555";"";"BUCHA REDUCAO COBRE SEM ANEL 54 X 35MM";"7,00";"35,2300";"PC";"0,0000";"2901"
"24751039687";"8325";"05/01/2026";"";"15707888196";"CASA TOGNINI MATERIAIS HID E SANIT LTDA";"0,00";"A PRIMEIRA PARCELA SERÁ PAGA PELA CMHF E SERÁ SOLICITADO O REEMBOLSO, POIS PASSOU DA DATA DE CORTE DA GERENCIADORA DEVIDO A UM ERRO NO SISTEMA DELES.
EM RELAÇÃO AOS BOLETOS PARA OS QUAIS FORAM SOLICITADOS A ANTENCIPAÇÃO, COM VENCIMENTOS EM 20/02 E 22/03, SERÃO PAGOS PELA GERENCIADORA (AJGSPE) NAS DATAS 10/02 E 10/03

COMPRA FEITA PARA ATENDER A OBRA ED. GATTAS - 2901

COMPRA FEITA EM NOME DA AJGSPE NO PERÍODO DE RECESSO SEM A AUTORIZAÇÃO FORMALIZADA DO VICTOR COM ORDEM DO MÁRCIO.

FATURAMENTO EM 3X - INSTRUÇÃO DO MÁRCIO PARA CASO A AJGSPE NÃO ACEITE A COMPRA SEM APROVAÇÃO, A CMHF SERÁ RESPONSÁVEL!!";"Em aberto";"16572629130";"0000000004577";"";"BUCHA REDUCAO COBRE SEM ANEL 35 X 22MM";"12,00";"14,4600";"PÇ";"0,0000";"2901"
"24751039687";"8325";"05/01/2026";"";"15707888196";"CASA TOGNINI MATERIAIS HID E SANIT LTDA";"0,00";"A PRIMEIRA PARCELA SERÁ PAGA PELA CMHF E SERÁ SOLICITADO O REEMBOLSO, POIS PASSOU DA DATA DE CORTE DA GERENCIADORA DEVIDO A UM ERRO NO SISTEMA DELES.
EM RELAÇÃO AOS BOLETOS PARA OS QUAIS FORAM SOLICITADOS A ANTENCIPAÇÃO, COM VENCIMENTOS EM 20/02 E 22/03, SERÃO PAGOS PELA GERENCIADORA (AJGSPE) NAS DATAS 10/02 E 10/03

COMPRA FEITA PARA ATENDER A OBRA ED. GATTAS - 2901

COMPRA FEITA EM NOME DA AJGSPE NO PERÍODO DE RECESSO SEM A AUTORIZAÇÃO FORMALIZADA DO VICTOR COM ORDEM DO MÁRCIO.

FATURAMENTO EM 3X - INSTRUÇÃO DO MÁRCIO PARA CASO A AJGSPE NÃO ACEITE A COMPRA SEM APROVAÇÃO, A CMHF SERÁ RESPONSÁVEL!!";"Em aberto";"16557669047";"0000000004550";"";"BUCHA REDUCAO COBRE SEM ANEL 28 X 22MM";"7,00";"9,7500";"PC";"0,0000";"2901"
"24751039687";"8325";"05/01/2026";"";"15707888196";"CASA TOGNINI MATERIAIS HID E SANIT LTDA";"0,00";"A PRIMEIRA PARCELA SERÁ PAGA PELA CMHF E SERÁ SOLICITADO O REEMBOLSO, POIS PASSOU DA DATA DE CORTE DA GERENCIADORA DEVIDO A UM ERRO NO SISTEMA DELES.
EM RELAÇÃO AOS BOLETOS PARA OS QUAIS FORAM SOLICITADOS A ANTENCIPAÇÃO, COM VENCIMENTOS EM 20/02 E 22/03, SERÃO PAGOS PELA GERENCIADORA (AJGSPE) NAS DATAS 10/02 E 10/03

COMPRA FEITA PARA ATENDER A OBRA ED. GATTAS - 2901

COMPRA FEITA EM NOME DA AJGSPE NO PERÍODO DE RECESSO SEM A AUTORIZAÇÃO FORMALIZADA DO VICTOR COM ORDEM DO MÁRCIO.

FATURAMENTO EM 3X - INSTRUÇÃO DO MÁRCIO PARA CASO A AJGSPE NÃO ACEITE A COMPRA SEM APROVAÇÃO, A CMHF SERÁ RESPONSÁVEL!!";"Em aberto";"16557668911";"0000000004549";"";"BUCHA REDUCAO COBRE SEM ANEL 35 X 28MM";"4,00";"13,5200";"PC";"0,0000";"2901"
"24751039687";"8325";"05/01/2026";"";"15707888196";"CASA TOGNINI MATERIAIS HID E SANIT LTDA";"0,00";"A PRIMEIRA PARCELA SERÁ PAGA PELA CMHF E SERÁ SOLICITADO O REEMBOLSO, POIS PASSOU DA DATA DE CORTE DA GERENCIADORA DEVIDO A UM ERRO NO SISTEMA DELES.
EM RELAÇÃO AOS BOLETOS PARA OS QUAIS FORAM SOLICITADOS A ANTENCIPAÇÃO, COM VENCIMENTOS EM 20/02 E 22/03, SERÃO PAGOS PELA GERENCIADORA (AJGSPE) NAS DATAS 10/02 E 10/03

COMPRA FEITA PARA ATENDER A OBRA ED. GATTAS - 2901

COMPRA FEITA EM NOME DA AJGSPE NO PERÍODO DE RECESSO SEM A AUTORIZAÇÃO FORMALIZADA DO VICTOR COM ORDEM DO MÁRCIO.

FATURAMENTO EM 3X - INSTRUÇÃO DO MÁRCIO PARA CASO A AJGSPE NÃO ACEITE A COMPRA SEM APROVAÇÃO, A CMHF SERÁ RESPONSÁVEL!!";"Em aberto";"16049504902";"0000000000840";"";"CARRETEL DE ESTANHO 50X50";"6,00";"101,1900";"PC";"0,0000";"2901"
"24751039687";"8325";"05/01/2026";"";"15707888196";"CASA TOGNINI MATERIAIS HID E SANIT LTDA";"0,00";"A PRIMEIRA PARCELA SERÁ PAGA PELA CMHF E SERÁ SOLICITADO O REEMBOLSO, POIS PASSOU DA DATA DE CORTE DA GERENCIADORA DEVIDO A UM ERRO NO SISTEMA DELES.
EM RELAÇÃO AOS BOLETOS PARA OS QUAIS FORAM SOLICITADOS A ANTENCIPAÇÃO, COM VENCIMENTOS EM 20/02 E 22/03, SERÃO PAGOS PELA GERENCIADORA (AJGSPE) NAS DATAS 10/02 E 10/03

COMPRA FEITA PARA ATENDER A OBRA ED. GATTAS - 2901

COMPRA FEITA EM NOME DA AJGSPE NO PERÍODO DE RECESSO SEM A AUTORIZAÇÃO FORMALIZADA DO VICTOR COM ORDEM DO MÁRCIO.

FATURAMENTO EM 3X - INSTRUÇÃO DO MÁRCIO PARA CASO A AJGSPE NÃO ACEITE A COMPRA SEM APROVAÇÃO, A CMHF SERÁ RESPONSÁVEL!!";"Em aberto";"15900727133";"0000000000646";"";"LIXA FERRO Nº120";"15,00";"1,8900";"PC";"0,0000";"2901"
"24751039687";"8325";"05/01/2026";"";"15707888196";"CASA TOGNINI MATERIAIS HID E SANIT LTDA";"0,00";"A PRIMEIRA PARCELA SERÁ PAGA PELA CMHF E SERÁ SOLICITADO O REEMBOLSO, POIS PASSOU DA DATA DE CORTE DA GERENCIADORA DEVIDO A UM ERRO NO SISTEMA DELES.
EM RELAÇÃO AOS BOLETOS PARA OS QUAIS FORAM SOLICITADOS A ANTENCIPAÇÃO, COM VENCIMENTOS EM 20/02 E 22/03, SERÃO PAGOS PELA GERENCIADORA (AJGSPE) NAS DATAS 10/02 E 10/03

COMPRA FEITA PARA ATENDER A OBRA ED. GATTAS - 2901

COMPRA FEITA EM NOME DA AJGSPE NO PERÍODO DE RECESSO SEM A AUTORIZAÇÃO FORMALIZADA DO VICTOR COM ORDEM DO MÁRCIO.

FATURAMENTO EM 3X - INSTRUÇÃO DO MÁRCIO PARA CASO A AJGSPE NÃO ACEITE A COMPRA SEM APROVAÇÃO, A CMHF SERÁ RESPONSÁVEL!!";"Em aberto";"15218312207";"0000000004545";"";"REFIL P/ MACARICO";"2,00";"35,8300";"PC";"0,0000";"2901"
"24751039687";"8325";"05/01/2026";"";"15707888196";"CASA TOGNINI MATERIAIS HID E SANIT LTDA";"0,00";"A PRIMEIRA PARCELA SERÁ PAGA PELA CMHF E SERÁ SOLICITADO O REEMBOLSO, POIS PASSOU DA DATA DE CORTE DA GERENCIADORA DEVIDO A UM ERRO NO SISTEMA DELES.
EM RELAÇÃO AOS BOLETOS PARA OS QUAIS FORAM SOLICITADOS A ANTENCIPAÇÃO, COM VENCIMENTOS EM 20/02 E 22/03, SERÃO PAGOS PELA GERENCIADORA (AJGSPE) NAS DATAS 10/02 E 10/03

COMPRA FEITA PARA ATENDER A OBRA ED. GATTAS - 2901

COMPRA FEITA EM NOME DA AJGSPE NO PERÍODO DE RECESSO SEM A AUTORIZAÇÃO FORMALIZADA DO VICTOR COM ORDEM DO MÁRCIO.

FATURAMENTO EM 3X - INSTRUÇÃO DO MÁRCIO PARA CASO A AJGSPE NÃO ACEITE A COMPRA SEM APROVAÇÃO, A CMHF SERÁ RESPONSÁVEL!!";"Em aberto";"16572630656";"0000000004582";"";"COTOVELO COBRE SEM ANEL 35MM X 90º";"3,00";"24,7800";"PC";"0,0000";"2901"
"24751039687";"8325";"05/01/2026";"";"15707888196";"CASA TOGNINI MATERIAIS HID E SANIT LTDA";"0,00";"A PRIMEIRA PARCELA SERÁ PAGA PELA CMHF E SERÁ SOLICITADO O REEMBOLSO, POIS PASSOU DA DATA DE CORTE DA GERENCIADORA DEVIDO A UM ERRO NO SISTEMA DELES.
EM RELAÇÃO AOS BOLETOS PARA OS QUAIS FORAM SOLICITADOS A ANTENCIPAÇÃO, COM VENCIMENTOS EM 20/02 E 22/03, SERÃO PAGOS PELA GERENCIADORA (AJGSPE) NAS DATAS 10/02 E 10/03

COMPRA FEITA PARA ATENDER A OBRA ED. GATTAS - 2901

COMPRA FEITA EM NOME DA AJGSPE NO PERÍODO DE RECESSO SEM A AUTORIZAÇÃO FORMALIZADA DO VICTOR COM ORDEM DO MÁRCIO.

FATURAMENTO EM 3X - INSTRUÇÃO DO MÁRCIO PARA CASO A AJGSPE NÃO ACEITE A COMPRA SEM APROVAÇÃO, A CMHF SERÁ RESPONSÁVEL!!";"Em aberto";"16562470383";"0000000004562";"";"COTOVELO COBRE SEM ANEL 42MM X 90º";"2,00";"35,3100";"PC";"0,0000";"2901"
"24751039687";"8325";"05/01/2026";"";"15707888196";"CASA TOGNINI MATERIAIS HID E SANIT LTDA";"0,00";"A PRIMEIRA PARCELA SERÁ PAGA PELA CMHF E SERÁ SOLICITADO O REEMBOLSO, POIS PASSOU DA DATA DE CORTE DA GERENCIADORA DEVIDO A UM ERRO NO SISTEMA DELES.
EM RELAÇÃO AOS BOLETOS PARA OS QUAIS FORAM SOLICITADOS A ANTENCIPAÇÃO, COM VENCIMENTOS EM 20/02 E 22/03, SERÃO PAGOS PELA GERENCIADORA (AJGSPE) NAS DATAS 10/02 E 10/03

COMPRA FEITA PARA ATENDER A OBRA ED. GATTAS - 2901

COMPRA FEITA EM NOME DA AJGSPE NO PERÍODO DE RECESSO SEM A AUTORIZAÇÃO FORMALIZADA DO VICTOR COM ORDEM DO MÁRCIO.

FATURAMENTO EM 3X - INSTRUÇÃO DO MÁRCIO PARA CASO A AJGSPE NÃO ACEITE A COMPRA SEM APROVAÇÃO, A CMHF SERÁ RESPONSÁVEL!!";"Em aberto";"15218208521";"0000000000418";"";"COTOVELO LR COBRE LR 22MM X 1/2""";"85,00";"17,3400";"PC";"0,0000";"2901"
"24751039687";"8325";"05/01/2026";"";"15707888196";"CASA TOGNINI MATERIAIS HID E SANIT LTDA";"0,00";"A PRIMEIRA PARCELA SERÁ PAGA PELA CMHF E SERÁ SOLICITADO O REEMBOLSO, POIS PASSOU DA DATA DE CORTE DA GERENCIADORA DEVIDO A UM ERRO NO SISTEMA DELES.
EM RELAÇÃO AOS BOLETOS PARA OS QUAIS FORAM SOLICITADOS A ANTENCIPAÇÃO, COM VENCIMENTOS EM 20/02 E 22/03, SERÃO PAGOS PELA GERENCIADORA (AJGSPE) NAS DATAS 10/02 E 10/03

COMPRA FEITA PARA ATENDER A OBRA ED. GATTAS - 2901

COMPRA FEITA EM NOME DA AJGSPE NO PERÍODO DE RECESSO SEM A AUTORIZAÇÃO FORMALIZADA DO VICTOR COM ORDEM DO MÁRCIO.

FATURAMENTO EM 3X - INSTRUÇÃO DO MÁRCIO PARA CASO A AJGSPE NÃO ACEITE A COMPRA SEM APROVAÇÃO, A CMHF SERÁ RESPONSÁVEL!!";"Em aberto";"16564675056";"0000000004566";"";"LUVA COBRE SEM ANEL 54MM";"2,00";"26,3100";"PC";"0,0000";"2901"
"24751039687";"8325";"05/01/2026";"";"15707888196";"CASA TOGNINI MATERIAIS HID E SANIT LTDA";"0,00";"A PRIMEIRA PARCELA SERÁ PAGA PELA CMHF E SERÁ SOLICITADO O REEMBOLSO, POIS PASSOU DA DATA DE CORTE DA GERENCIADORA DEVIDO A UM ERRO NO SISTEMA DELES.
EM RELAÇÃO AOS BOLETOS PARA OS QUAIS FORAM SOLICITADOS A ANTENCIPAÇÃO, COM VENCIMENTOS EM 20/02 E 22/03, SERÃO PAGOS PELA GERENCIADORA (AJGSPE) NAS DATAS 10/02 E 10/03

COMPRA FEITA PARA ATENDER A OBRA ED. GATTAS - 2901

COMPRA FEITA EM NOME DA AJGSPE NO PERÍODO DE RECESSO SEM A AUTORIZAÇÃO FORMALIZADA DO VICTOR COM ORDEM DO MÁRCIO.

FATURAMENTO EM 3X - INSTRUÇÃO DO MÁRCIO PARA CASO A AJGSPE NÃO ACEITE A COMPRA SEM APROVAÇÃO, A CMHF SERÁ RESPONSÁVEL!!";"Em aberto";"0";"";"";"LUVA COBRE SEM ANEL 42MM";"2,00";"18,0600";"PC";"0,0000";"2901"
"24751039687";"8325";"05/01/2026";"";"15707888196";"CASA TOGNINI MATERIAIS HID E SANIT LTDA";"0,00";"A PRIMEIRA PARCELA SERÁ PAGA PELA CMHF E SERÁ SOLICITADO O REEMBOLSO, POIS PASSOU DA DATA DE CORTE DA GERENCIADORA DEVIDO A UM ERRO NO SISTEMA DELES.
EM RELAÇÃO AOS BOLETOS PARA OS QUAIS FORAM SOLICITADOS A ANTENCIPAÇÃO, COM VENCIMENTOS EM 20/02 E 22/03, SERÃO PAGOS PELA GERENCIADORA (AJGSPE) NAS DATAS 10/02 E 10/03

COMPRA FEITA PARA ATENDER A OBRA ED. GATTAS - 2901

COMPRA FEITA EM NOME DA AJGSPE NO PERÍODO DE RECESSO SEM A AUTORIZAÇÃO FORMALIZADA DO VICTOR COM ORDEM DO MÁRCIO.

FATURAMENTO EM 3X - INSTRUÇÃO DO MÁRCIO PARA CASO A AJGSPE NÃO ACEITE A COMPRA SEM APROVAÇÃO, A CMHF SERÁ RESPONSÁVEL!!";"Em aberto";"16264767708";"0000000001424";"";"SOLDA EM BARRA 50X50";"2,00";"200,1000";"PC";"0,0000";"2901"
"24751039687";"8325";"05/01/2026";"";"15707888196";"CASA TOGNINI MATERIAIS HID E SANIT LTDA";"0,00";"A PRIMEIRA PARCELA SERÁ PAGA PELA CMHF E SERÁ SOLICITADO O REEMBOLSO, POIS PASSOU DA DATA DE CORTE DA GERENCIADORA DEVIDO A UM ERRO NO SISTEMA DELES.
EM RELAÇÃO AOS BOLETOS PARA OS QUAIS FORAM SOLICITADOS A ANTENCIPAÇÃO, COM VENCIMENTOS EM 20/02 E 22/03, SERÃO PAGOS PELA GERENCIADORA (AJGSPE) NAS DATAS 10/02 E 10/03

COMPRA FEITA PARA ATENDER A OBRA ED. GATTAS - 2901

COMPRA FEITA EM NOME DA AJGSPE NO PERÍODO DE RECESSO SEM A AUTORIZAÇÃO FORMALIZADA DO VICTOR COM ORDEM DO MÁRCIO.

FATURAMENTO EM 3X - INSTRUÇÃO DO MÁRCIO PARA CASO A AJGSPE NÃO ACEITE A COMPRA SEM APROVAÇÃO, A CMHF SERÁ RESPONSÁVEL!!";"Em aberto";"16341735952";"0000000002115";"";"ABRAÇ D C/CUNHA 3/4";"20,00";"1,0400";"PC";"0,0000";"2901"
"24751039687";"8325";"05/01/2026";"";"15707888196";"CASA TOGNINI MATERIAIS HID E SANIT LTDA";"0,00";"A PRIMEIRA PARCELA SERÁ PAGA PELA CMHF E SERÁ SOLICITADO O REEMBOLSO, POIS PASSOU DA DATA DE CORTE DA GERENCIADORA DEVIDO A UM ERRO NO SISTEMA DELES.
EM RELAÇÃO AOS BOLETOS PARA OS QUAIS FORAM SOLICITADOS A ANTENCIPAÇÃO, COM VENCIMENTOS EM 20/02 E 22/03, SERÃO PAGOS PELA GERENCIADORA (AJGSPE) NAS DATAS 10/02 E 10/03

COMPRA FEITA PARA ATENDER A OBRA ED. GATTAS - 2901

COMPRA FEITA EM NOME DA AJGSPE NO PERÍODO DE RECESSO SEM A AUTORIZAÇÃO FORMALIZADA DO VICTOR COM ORDEM DO MÁRCIO.

FATURAMENTO EM 3X - INSTRUÇÃO DO MÁRCIO PARA CASO A AJGSPE NÃO ACEITE A COMPRA SEM APROVAÇÃO, A CMHF SERÁ RESPONSÁVEL!!";"Em aberto";"16234281013";"0000000001324";"";"ABRACADEIRA TIPO D COM CUNHA 1""";"15,00";"1,1800";"PC";"0,0000";"2901"
"24751039687";"8325";"05/01/2026";"";"15707888196";"CASA TOGNINI MATERIAIS HID E SANIT LTDA";"0,00";"A PRIMEIRA PARCELA SERÁ PAGA PELA CMHF E SERÁ SOLICITADO O REEMBOLSO, POIS PASSOU DA DATA DE CORTE DA GERENCIADORA DEVIDO A UM ERRO NO SISTEMA DELES.
EM RELAÇÃO AOS BOLETOS PARA OS QUAIS FORAM SOLICITADOS A ANTENCIPAÇÃO, COM VENCIMENTOS EM 20/02 E 22/03, SERÃO PAGOS PELA GERENCIADORA (AJGSPE) NAS DATAS 10/02 E 10/03

COMPRA FEITA PARA ATENDER A OBRA ED. GATTAS - 2901

COMPRA FEITA EM NOME DA AJGSPE NO PERÍODO DE RECESSO SEM A AUTORIZAÇÃO FORMALIZADA DO VICTOR COM ORDEM DO MÁRCIO.

FATURAMENTO EM 3X - INSTRUÇÃO DO MÁRCIO PARA CASO A AJGSPE NÃO ACEITE A COMPRA SEM APROVAÇÃO, A CMHF SERÁ RESPONSÁVEL!!";"Em aberto";"16572629789";"0000000004579";"";"BUCHA REDUCAO COBRE SEM ANEL 42 X 22MM";"12,00";"22,3900";"PÇ";"0,0000";"2901"
"24751039687";"8325";"05/01/2026";"";"15707888196";"CASA TOGNINI MATERIAIS HID E SANIT LTDA";"0,00";"A PRIMEIRA PARCELA SERÁ PAGA PELA CMHF E SERÁ SOLICITADO O REEMBOLSO, POIS PASSOU DA DATA DE CORTE DA GERENCIADORA DEVIDO A UM ERRO NO SISTEMA DELES.
EM RELAÇÃO AOS BOLETOS PARA OS QUAIS FORAM SOLICITADOS A ANTENCIPAÇÃO, COM VENCIMENTOS EM 20/02 E 22/03, SERÃO PAGOS PELA GERENCIADORA (AJGSPE) NAS DATAS 10/02 E 10/03

COMPRA FEITA PARA ATENDER A OBRA ED. GATTAS - 2901

COMPRA FEITA EM NOME DA AJGSPE NO PERÍODO DE RECESSO SEM A AUTORIZAÇÃO FORMALIZADA DO VICTOR COM ORDEM DO MÁRCIO.

FATURAMENTO EM 3X - INSTRUÇÃO DO MÁRCIO PARA CASO A AJGSPE NÃO ACEITE A COMPRA SEM APROVAÇÃO, A CMHF SERÁ RESPONSÁVEL!!";"Em aberto";"16158257396";"";"";"IMPOSTOS";"1,00";"534,4400";"um";"0,0000";"2901"
"24752515118";"8326";"05/01/2026";"";"15707888196";"CASA TOGNINI MATERIAIS HID E SANIT LTDA";"0,00";"COMPRA FEITA PARA ATENDER A OBRA HP BIO - 2789

COMPRA FEITA EM NOME DA AJGSPE NO PERÍODO DE RECESSO SEM A AUTORIZAÇÃO FORMALIZADA DO VICTOR COM ORDEM DO MÁRCIO.

FATURAMENTO EM 3X - INSTRUÇÃO DO MÁRCIO PARA CASO A AJGSPE NÃO ACEITE A COMPRA SEM APROVAÇÃO, A CMHF SERÁ RESPONSÁVEL!!";"Em aberto";"9706095384";"0000000003972";"";"TUBO PVC BRANCO 75MM";"18,00";"75,6700";"BR";"0,0000";"2789"
"24752515118";"8326";"05/01/2026";"";"15707888196";"CASA TOGNINI MATERIAIS HID E SANIT LTDA";"0,00";"COMPRA FEITA PARA ATENDER A OBRA HP BIO - 2789

COMPRA FEITA EM NOME DA AJGSPE NO PERÍODO DE RECESSO SEM A AUTORIZAÇÃO FORMALIZADA DO VICTOR COM ORDEM DO MÁRCIO.

FATURAMENTO EM 3X - INSTRUÇÃO DO MÁRCIO PARA CASO A AJGSPE NÃO ACEITE A COMPRA SEM APROVAÇÃO, A CMHF SERÁ RESPONSÁVEL!!";"Em aberto";"16100229644";"0000000001005";"";"LUVA PVC BRANCO 75MM";"15,00";"3,7300";"PC";"0,0000";"2789"
"24752515118";"8326";"05/01/2026";"";"15707888196";"CASA TOGNINI MATERIAIS HID E SANIT LTDA";"0,00";"COMPRA FEITA PARA ATENDER A OBRA HP BIO - 2789

COMPRA FEITA EM NOME DA AJGSPE NO PERÍODO DE RECESSO SEM A AUTORIZAÇÃO FORMALIZADA DO VICTOR COM ORDEM DO MÁRCIO.

FATURAMENTO EM 3X - INSTRUÇÃO DO MÁRCIO PARA CASO A AJGSPE NÃO ACEITE A COMPRA SEM APROVAÇÃO, A CMHF SERÁ RESPONSÁVEL!!";"Em aberto";"16100231932";"0000000001007";"";"COTOVELO PVC BRANCO 75MM X 45º";"10,00";"4,9500";"PC";"0,0000";"2789"
"24752515118";"8326";"05/01/2026";"";"15707888196";"CASA TOGNINI MATERIAIS HID E SANIT LTDA";"0,00";"COMPRA FEITA PARA ATENDER A OBRA HP BIO - 2789

COMPRA FEITA EM NOME DA AJGSPE NO PERÍODO DE RECESSO SEM A AUTORIZAÇÃO FORMALIZADA DO VICTOR COM ORDEM DO MÁRCIO.

FATURAMENTO EM 3X - INSTRUÇÃO DO MÁRCIO PARA CASO A AJGSPE NÃO ACEITE A COMPRA SEM APROVAÇÃO, A CMHF SERÁ RESPONSÁVEL!!";"Em aberto";"16100231380";"0000000001006";"";"COTOVELO PVC BRANCO 75MM X 90º";"10,00";"3,7800";"PC";"0,0000";"2789"
"24752515118";"8326";"05/01/2026";"";"15707888196";"CASA TOGNINI MATERIAIS HID E SANIT LTDA";"0,00";"COMPRA FEITA PARA ATENDER A OBRA HP BIO - 2789

COMPRA FEITA EM NOME DA AJGSPE NO PERÍODO DE RECESSO SEM A AUTORIZAÇÃO FORMALIZADA DO VICTOR COM ORDEM DO MÁRCIO.

FATURAMENTO EM 3X - INSTRUÇÃO DO MÁRCIO PARA CASO A AJGSPE NÃO ACEITE A COMPRA SEM APROVAÇÃO, A CMHF SERÁ RESPONSÁVEL!!";"Em aberto";"16362541699";"0000000002495";"";"ANEL DE BORRACHA 75MM";"150,00";"0,6200";"PC";"0,0000";"2789"
"24752515118";"8326";"05/01/2026";"";"15707888196";"CASA TOGNINI MATERIAIS HID E SANIT LTDA";"0,00";"COMPRA FEITA PARA ATENDER A OBRA HP BIO - 2789

COMPRA FEITA EM NOME DA AJGSPE NO PERÍODO DE RECESSO SEM A AUTORIZAÇÃO FORMALIZADA DO VICTOR COM ORDEM DO MÁRCIO.

FATURAMENTO EM 3X - INSTRUÇÃO DO MÁRCIO PARA CASO A AJGSPE NÃO ACEITE A COMPRA SEM APROVAÇÃO, A CMHF SERÁ RESPONSÁVEL!!";"Em aberto";"16361778861";"0000000002483";"";"TUBO PVC BRANCO 100MM";"15,00";"73,2200";"BR";"0,0000";"2789"
"24752515118";"8326";"05/01/2026";"";"15707888196";"CASA TOGNINI MATERIAIS HID E SANIT LTDA";"0,00";"COMPRA FEITA PARA ATENDER A OBRA HP BIO - 2789

COMPRA FEITA EM NOME DA AJGSPE NO PERÍODO DE RECESSO SEM A AUTORIZAÇÃO FORMALIZADA DO VICTOR COM ORDEM DO MÁRCIO.

FATURAMENTO EM 3X - INSTRUÇÃO DO MÁRCIO PARA CASO A AJGSPE NÃO ACEITE A COMPRA SEM APROVAÇÃO, A CMHF SERÁ RESPONSÁVEL!!";"Em aberto";"16074603445";"0000000000930";"";"COTOVELO PVC BRANCO 100MM X 45º";"15,00";"5,4100";"PC";"0,0000";"2789"
"24752515118";"8326";"05/01/2026";"";"15707888196";"CASA TOGNINI MATERIAIS HID E SANIT LTDA";"0,00";"COMPRA FEITA PARA ATENDER A OBRA HP BIO - 2789

COMPRA FEITA EM NOME DA AJGSPE NO PERÍODO DE RECESSO SEM A AUTORIZAÇÃO FORMALIZADA DO VICTOR COM ORDEM DO MÁRCIO.

FATURAMENTO EM 3X - INSTRUÇÃO DO MÁRCIO PARA CASO A AJGSPE NÃO ACEITE A COMPRA SEM APROVAÇÃO, A CMHF SERÁ RESPONSÁVEL!!";"Em aberto";"10293298854";"0000000000176";"";"LUVA PVC BRANCO 100MM";"10,00";"3,8400";"PC";"0,0000";"2789"
"24752515118";"8326";"05/01/2026";"";"15707888196";"CASA TOGNINI MATERIAIS HID E SANIT LTDA";"0,00";"COMPRA FEITA PARA ATENDER A OBRA HP BIO - 2789

COMPRA FEITA EM NOME DA AJGSPE NO PERÍODO DE RECESSO SEM A AUTORIZAÇÃO FORMALIZADA DO VICTOR COM ORDEM DO MÁRCIO.

FATURAMENTO EM 3X - INSTRUÇÃO DO MÁRCIO PARA CASO A AJGSPE NÃO ACEITE A COMPRA SEM APROVAÇÃO, A CMHF SERÁ RESPONSÁVEL!!";"Em aberto";"16095837203";"0000000000964";"";"COTOVELO PVC BRANCO 100MM X 90º";"10,00";"6,0100";"PC";"0,0000";"2789"
"24752515118";"8326";"05/01/2026";"";"15707888196";"CASA TOGNINI MATERIAIS HID E SANIT LTDA";"0,00";"COMPRA FEITA PARA ATENDER A OBRA HP BIO - 2789

COMPRA FEITA EM NOME DA AJGSPE NO PERÍODO DE RECESSO SEM A AUTORIZAÇÃO FORMALIZADA DO VICTOR COM ORDEM DO MÁRCIO.

FATURAMENTO EM 3X - INSTRUÇÃO DO MÁRCIO PARA CASO A AJGSPE NÃO ACEITE A COMPRA SEM APROVAÇÃO, A CMHF SERÁ RESPONSÁVEL!!";"Em aberto";"16324209044";"0000000001817";"";"ANEL DE BORRACHA 100MM";"150,00";"0,8400";"PC";"0,0000";"2789"
"24752515118";"8326";"05/01/2026";"";"15707888196";"CASA TOGNINI MATERIAIS HID E SANIT LTDA";"0,00";"COMPRA FEITA PARA ATENDER A OBRA HP BIO - 2789

COMPRA FEITA EM NOME DA AJGSPE NO PERÍODO DE RECESSO SEM A AUTORIZAÇÃO FORMALIZADA DO VICTOR COM ORDEM DO MÁRCIO.

FATURAMENTO EM 3X - INSTRUÇÃO DO MÁRCIO PARA CASO A AJGSPE NÃO ACEITE A COMPRA SEM APROVAÇÃO, A CMHF SERÁ RESPONSÁVEL!!";"Em aberto";"9885242647";"0000000004045";"";"TUBO PVC BRANCO 50MM";"6,00";"47,1100";"BR";"0,0000";"2789"
"24752515118";"8326";"05/01/2026";"";"15707888196";"CASA TOGNINI MATERIAIS HID E SANIT LTDA";"0,00";"COMPRA FEITA PARA ATENDER A OBRA HP BIO - 2789

COMPRA FEITA EM NOME DA AJGSPE NO PERÍODO DE RECESSO SEM A AUTORIZAÇÃO FORMALIZADA DO VICTOR COM ORDEM DO MÁRCIO.

FATURAMENTO EM 3X - INSTRUÇÃO DO MÁRCIO PARA CASO A AJGSPE NÃO ACEITE A COMPRA SEM APROVAÇÃO, A CMHF SERÁ RESPONSÁVEL!!";"Em aberto";"10293507735";"0000000000183";"";"BUCHA REDUCAO PVC BRANCO 75 X 50MM";"10,00";"4,5200";"PC";"0,0000";"2789"
"24752515118";"8326";"05/01/2026";"";"15707888196";"CASA TOGNINI MATERIAIS HID E SANIT LTDA";"0,00";"COMPRA FEITA PARA ATENDER A OBRA HP BIO - 2789

COMPRA FEITA EM NOME DA AJGSPE NO PERÍODO DE RECESSO SEM A AUTORIZAÇÃO FORMALIZADA DO VICTOR COM ORDEM DO MÁRCIO.

FATURAMENTO EM 3X - INSTRUÇÃO DO MÁRCIO PARA CASO A AJGSPE NÃO ACEITE A COMPRA SEM APROVAÇÃO, A CMHF SERÁ RESPONSÁVEL!!";"Em aberto";"16360336905";"0000000002467";"";"ANEL DE BORRACHA 50MM";"50,00";"0,5400";"PC";"0,0000";"2789"
"24752515118";"8326";"05/01/2026";"";"15707888196";"CASA TOGNINI MATERIAIS HID E SANIT LTDA";"0,00";"COMPRA FEITA PARA ATENDER A OBRA HP BIO - 2789

COMPRA FEITA EM NOME DA AJGSPE NO PERÍODO DE RECESSO SEM A AUTORIZAÇÃO FORMALIZADA DO VICTOR COM ORDEM DO MÁRCIO.

FATURAMENTO EM 3X - INSTRUÇÃO DO MÁRCIO PARA CASO A AJGSPE NÃO ACEITE A COMPRA SEM APROVAÇÃO, A CMHF SERÁ RESPONSÁVEL!!";"Em aberto";"9735592993";"0000000003986";"";"REGISTRO GAVETA BASE 3/4""";"20,00";"42,4800";"PC";"0,0000";"2789"
"24752515118";"8326";"05/01/2026";"";"15707888196";"CASA TOGNINI MATERIAIS HID E SANIT LTDA";"0,00";"COMPRA FEITA PARA ATENDER A OBRA HP BIO - 2789

COMPRA FEITA EM NOME DA AJGSPE NO PERÍODO DE RECESSO SEM A AUTORIZAÇÃO FORMALIZADA DO VICTOR COM ORDEM DO MÁRCIO.

FATURAMENTO EM 3X - INSTRUÇÃO DO MÁRCIO PARA CASO A AJGSPE NÃO ACEITE A COMPRA SEM APROVAÇÃO, A CMHF SERÁ RESPONSÁVEL!!";"Em aberto";"9735719500";"0000000003987";"";"REGISTRO PRESSAO BASE 3/4""";"3,00";"49,6600";"PC";"0,0000";"2789"
"24752515118";"8326";"05/01/2026";"";"15707888196";"CASA TOGNINI MATERIAIS HID E SANIT LTDA";"0,00";"COMPRA FEITA PARA ATENDER A OBRA HP BIO - 2789

COMPRA FEITA EM NOME DA AJGSPE NO PERÍODO DE RECESSO SEM A AUTORIZAÇÃO FORMALIZADA DO VICTOR COM ORDEM DO MÁRCIO.

FATURAMENTO EM 3X - INSTRUÇÃO DO MÁRCIO PARA CASO A AJGSPE NÃO ACEITE A COMPRA SEM APROVAÇÃO, A CMHF SERÁ RESPONSÁVEL!!";"Em aberto";"16405233827";"0000000002819";"";"CONECTOR MACHO PVC PPR 25MM X 3/4""";"43,00";"18,6800";"PC";"0,0000";"2789"
"24752515118";"8326";"05/01/2026";"";"15707888196";"CASA TOGNINI MATERIAIS HID E SANIT LTDA";"0,00";"COMPRA FEITA PARA ATENDER A OBRA HP BIO - 2789

COMPRA FEITA EM NOME DA AJGSPE NO PERÍODO DE RECESSO SEM A AUTORIZAÇÃO FORMALIZADA DO VICTOR COM ORDEM DO MÁRCIO.

FATURAMENTO EM 3X - INSTRUÇÃO DO MÁRCIO PARA CASO A AJGSPE NÃO ACEITE A COMPRA SEM APROVAÇÃO, A CMHF SERÁ RESPONSÁVEL!!";"Em aberto";"16378988929";"0000000002655";"";"COTOVELO PVC PPR 25MM X 90°";"50,00";"1,6800";"PÇ";"0,0000";"2789"
"24752515118";"8326";"05/01/2026";"";"15707888196";"CASA TOGNINI MATERIAIS HID E SANIT LTDA";"0,00";"COMPRA FEITA PARA ATENDER A OBRA HP BIO - 2789

COMPRA FEITA EM NOME DA AJGSPE NO PERÍODO DE RECESSO SEM A AUTORIZAÇÃO FORMALIZADA DO VICTOR COM ORDEM DO MÁRCIO.

FATURAMENTO EM 3X - INSTRUÇÃO DO MÁRCIO PARA CASO A AJGSPE NÃO ACEITE A COMPRA SEM APROVAÇÃO, A CMHF SERÁ RESPONSÁVEL!!";"Em aberto";"16378988930";"0000000002656";"";"TE PVC PPR 25MM";"6,00";"3,1800";"PÇ";"0,0000";"2789"
"24752515118";"8326";"05/01/2026";"";"15707888196";"CASA TOGNINI MATERIAIS HID E SANIT LTDA";"0,00";"COMPRA FEITA PARA ATENDER A OBRA HP BIO - 2789

COMPRA FEITA EM NOME DA AJGSPE NO PERÍODO DE RECESSO SEM A AUTORIZAÇÃO FORMALIZADA DO VICTOR COM ORDEM DO MÁRCIO.

FATURAMENTO EM 3X - INSTRUÇÃO DO MÁRCIO PARA CASO A AJGSPE NÃO ACEITE A COMPRA SEM APROVAÇÃO, A CMHF SERÁ RESPONSÁVEL!!";"Em aberto";"16518482561";"0000000004280";"";"COTOVELO LR PVC PPR 25MM X 1/2""";"25,00";"11,5900";"PC";"0,0000";"2789"
"24752515118";"8326";"05/01/2026";"";"15707888196";"CASA TOGNINI MATERIAIS HID E SANIT LTDA";"0,00";"COMPRA FEITA PARA ATENDER A OBRA HP BIO - 2789

COMPRA FEITA EM NOME DA AJGSPE NO PERÍODO DE RECESSO SEM A AUTORIZAÇÃO FORMALIZADA DO VICTOR COM ORDEM DO MÁRCIO.

FATURAMENTO EM 3X - INSTRUÇÃO DO MÁRCIO PARA CASO A AJGSPE NÃO ACEITE A COMPRA SEM APROVAÇÃO, A CMHF SERÁ RESPONSÁVEL!!";"Em aberto";"16445660395";"0000000003037";"";"CONECTOR MACHO PVC PPR 25MM X 1/2""";"4,00";"11,6900";"PC";"0,0000";"2789"
"24752515118";"8326";"05/01/2026";"";"15707888196";"CASA TOGNINI MATERIAIS HID E SANIT LTDA";"0,00";"COMPRA FEITA PARA ATENDER A OBRA HP BIO - 2789

COMPRA FEITA EM NOME DA AJGSPE NO PERÍODO DE RECESSO SEM A AUTORIZAÇÃO FORMALIZADA DO VICTOR COM ORDEM DO MÁRCIO.

FATURAMENTO EM 3X - INSTRUÇÃO DO MÁRCIO PARA CASO A AJGSPE NÃO ACEITE A COMPRA SEM APROVAÇÃO, A CMHF SERÁ RESPONSÁVEL!!";"Em aberto";"16518512306";"0000000004295";"";"TE LR PVC PPR 25MM X 1/2""";"10,00";"17,5400";"PC";"0,0000";"2789"
"24752515118";"8326";"05/01/2026";"";"15707888196";"CASA TOGNINI MATERIAIS HID E SANIT LTDA";"0,00";"COMPRA FEITA PARA ATENDER A OBRA HP BIO - 2789

COMPRA FEITA EM NOME DA AJGSPE NO PERÍODO DE RECESSO SEM A AUTORIZAÇÃO FORMALIZADA DO VICTOR COM ORDEM DO MÁRCIO.

FATURAMENTO EM 3X - INSTRUÇÃO DO MÁRCIO PARA CASO A AJGSPE NÃO ACEITE A COMPRA SEM APROVAÇÃO, A CMHF SERÁ RESPONSÁVEL!!";"Em aberto";"16518089902";"0000000004263";"";"CONECTOR FEMEA PVC PPR 25MM X 3/4""";"3,00";"14,6200";"PC";"0,0000";"2789"
"24752515118";"8326";"05/01/2026";"";"15707888196";"CASA TOGNINI MATERIAIS HID E SANIT LTDA";"0,00";"COMPRA FEITA PARA ATENDER A OBRA HP BIO - 2789

COMPRA FEITA EM NOME DA AJGSPE NO PERÍODO DE RECESSO SEM A AUTORIZAÇÃO FORMALIZADA DO VICTOR COM ORDEM DO MÁRCIO.

FATURAMENTO EM 3X - INSTRUÇÃO DO MÁRCIO PARA CASO A AJGSPE NÃO ACEITE A COMPRA SEM APROVAÇÃO, A CMHF SERÁ RESPONSÁVEL!!";"Em aberto";"16318699500";"0000000001753";"";"COTOVELO PVC PPR 50MM X 90°";"4,00";"11,2300";"PÇ";"0,0000";"2789"
"24752515118";"8326";"05/01/2026";"";"15707888196";"CASA TOGNINI MATERIAIS HID E SANIT LTDA";"0,00";"COMPRA FEITA PARA ATENDER A OBRA HP BIO - 2789

COMPRA FEITA EM NOME DA AJGSPE NO PERÍODO DE RECESSO SEM A AUTORIZAÇÃO FORMALIZADA DO VICTOR COM ORDEM DO MÁRCIO.

FATURAMENTO EM 3X - INSTRUÇÃO DO MÁRCIO PARA CASO A AJGSPE NÃO ACEITE A COMPRA SEM APROVAÇÃO, A CMHF SERÁ RESPONSÁVEL!!";"Em aberto";"16518509323";"0000000004292";"";"TE PVC PPR 50 X 25MM";"3,00";"21,0000";"PC";"0,0000";"2789"
"24752515118";"8326";"05/01/2026";"";"15707888196";"CASA TOGNINI MATERIAIS HID E SANIT LTDA";"0,00";"COMPRA FEITA PARA ATENDER A OBRA HP BIO - 2789

COMPRA FEITA EM NOME DA AJGSPE NO PERÍODO DE RECESSO SEM A AUTORIZAÇÃO FORMALIZADA DO VICTOR COM ORDEM DO MÁRCIO.

FATURAMENTO EM 3X - INSTRUÇÃO DO MÁRCIO PARA CASO A AJGSPE NÃO ACEITE A COMPRA SEM APROVAÇÃO, A CMHF SERÁ RESPONSÁVEL!!";"Em aberto";"16518503775";"0000000004287";"";"TE PVC PPR 50MM";"1,00";"21,7200";"PC";"0,0000";"2789"
"24752515118";"8326";"05/01/2026";"";"15707888196";"CASA TOGNINI MATERIAIS HID E SANIT LTDA";"0,00";"COMPRA FEITA PARA ATENDER A OBRA HP BIO - 2789

COMPRA FEITA EM NOME DA AJGSPE NO PERÍODO DE RECESSO SEM A AUTORIZAÇÃO FORMALIZADA DO VICTOR COM ORDEM DO MÁRCIO.

FATURAMENTO EM 3X - INSTRUÇÃO DO MÁRCIO PARA CASO A AJGSPE NÃO ACEITE A COMPRA SEM APROVAÇÃO, A CMHF SERÁ RESPONSÁVEL!!";"Em aberto";"16399880447";"0000000002794";"";"BUCHA REDUCAO PVC PPR 50 X 32MM";"1,00";"15,2900";"PC";"0,0000";"2789"
"24752515118";"8326";"05/01/2026";"";"15707888196";"CASA TOGNINI MATERIAIS HID E SANIT LTDA";"0,00";"COMPRA FEITA PARA ATENDER A OBRA HP BIO - 2789

COMPRA FEITA EM NOME DA AJGSPE NO PERÍODO DE RECESSO SEM A AUTORIZAÇÃO FORMALIZADA DO VICTOR COM ORDEM DO MÁRCIO.

FATURAMENTO EM 3X - INSTRUÇÃO DO MÁRCIO PARA CASO A AJGSPE NÃO ACEITE A COMPRA SEM APROVAÇÃO, A CMHF SERÁ RESPONSÁVEL!!";"Em aberto";"16518505457";"0000000004289";"";"TE PVC PPR 32 X 25MM";"3,00";"6,8300";"PC";"0,0000";"2789"
"24752515118";"8326";"05/01/2026";"";"15707888196";"CASA TOGNINI MATERIAIS HID E SANIT LTDA";"0,00";"COMPRA FEITA PARA ATENDER A OBRA HP BIO - 2789

COMPRA FEITA EM NOME DA AJGSPE NO PERÍODO DE RECESSO SEM A AUTORIZAÇÃO FORMALIZADA DO VICTOR COM ORDEM DO MÁRCIO.

FATURAMENTO EM 3X - INSTRUÇÃO DO MÁRCIO PARA CASO A AJGSPE NÃO ACEITE A COMPRA SEM APROVAÇÃO, A CMHF SERÁ RESPONSÁVEL!!";"Em aberto";"16372039716";"0000000002621";"";"BUCHA REDUCAO PVC PPR 32 X 25MM";"3,00";"3,8700";"PC";"0,0000";"2789"
"24752515118";"8326";"05/01/2026";"";"15707888196";"CASA TOGNINI MATERIAIS HID E SANIT LTDA";"0,00";"COMPRA FEITA PARA ATENDER A OBRA HP BIO - 2789

COMPRA FEITA EM NOME DA AJGSPE NO PERÍODO DE RECESSO SEM A AUTORIZAÇÃO FORMALIZADA DO VICTOR COM ORDEM DO MÁRCIO.

FATURAMENTO EM 3X - INSTRUÇÃO DO MÁRCIO PARA CASO A AJGSPE NÃO ACEITE A COMPRA SEM APROVAÇÃO, A CMHF SERÁ RESPONSÁVEL!!";"Em aberto";"16348122122";"0000000002179";"";"BUCHA REDUCAO PVC PPR 50 X 40MM";"1,00";"15,7400";"PC";"0,0000";"2789"
"24752515118";"8326";"05/01/2026";"";"15707888196";"CASA TOGNINI MATERIAIS HID E SANIT LTDA";"0,00";"COMPRA FEITA PARA ATENDER A OBRA HP BIO - 2789

COMPRA FEITA EM NOME DA AJGSPE NO PERÍODO DE RECESSO SEM A AUTORIZAÇÃO FORMALIZADA DO VICTOR COM ORDEM DO MÁRCIO.

FATURAMENTO EM 3X - INSTRUÇÃO DO MÁRCIO PARA CASO A AJGSPE NÃO ACEITE A COMPRA SEM APROVAÇÃO, A CMHF SERÁ RESPONSÁVEL!!";"Em aberto";"16150626832";"0000000001118";"";"BUCHA REDUCAO PVC PPR 40 X 25MM";"3,00";"8,6000";"PC";"0,0000";"2789"
"24752515118";"8326";"05/01/2026";"";"15707888196";"CASA TOGNINI MATERIAIS HID E SANIT LTDA";"0,00";"COMPRA FEITA PARA ATENDER A OBRA HP BIO - 2789

COMPRA FEITA EM NOME DA AJGSPE NO PERÍODO DE RECESSO SEM A AUTORIZAÇÃO FORMALIZADA DO VICTOR COM ORDEM DO MÁRCIO.

FATURAMENTO EM 3X - INSTRUÇÃO DO MÁRCIO PARA CASO A AJGSPE NÃO ACEITE A COMPRA SEM APROVAÇÃO, A CMHF SERÁ RESPONSÁVEL!!";"Em aberto";"16313860734";"0000000001645";"";"TE PVC PPR 40MM";"2,00";"11,9100";"PC";"0,0000";"2789"
"24752515118";"8326";"05/01/2026";"";"15707888196";"CASA TOGNINI MATERIAIS HID E SANIT LTDA";"0,00";"COMPRA FEITA PARA ATENDER A OBRA HP BIO - 2789

COMPRA FEITA EM NOME DA AJGSPE NO PERÍODO DE RECESSO SEM A AUTORIZAÇÃO FORMALIZADA DO VICTOR COM ORDEM DO MÁRCIO.

FATURAMENTO EM 3X - INSTRUÇÃO DO MÁRCIO PARA CASO A AJGSPE NÃO ACEITE A COMPRA SEM APROVAÇÃO, A CMHF SERÁ RESPONSÁVEL!!";"Em aberto";"16518106127";"0000000004266";"";"BUCHA REDUCAO PVC PPR 40 X 32MM";"4,00";"8,8600";"PC";"0,0000";"2789"
"24752515118";"8326";"05/01/2026";"";"15707888196";"CASA TOGNINI MATERIAIS HID E SANIT LTDA";"0,00";"COMPRA FEITA PARA ATENDER A OBRA HP BIO - 2789

COMPRA FEITA EM NOME DA AJGSPE NO PERÍODO DE RECESSO SEM A AUTORIZAÇÃO FORMALIZADA DO VICTOR COM ORDEM DO MÁRCIO.

FATURAMENTO EM 3X - INSTRUÇÃO DO MÁRCIO PARA CASO A AJGSPE NÃO ACEITE A COMPRA SEM APROVAÇÃO, A CMHF SERÁ RESPONSÁVEL!!";"Em aberto";"16392614746";"0000000002262";"";"COTOVELO PVC PPR 32MM X 90°";"1,00";"3,1500";"PC";"0,0000";"2789"
"24752515118";"8326";"05/01/2026";"";"15707888196";"CASA TOGNINI MATERIAIS HID E SANIT LTDA";"0,00";"COMPRA FEITA PARA ATENDER A OBRA HP BIO - 2789

COMPRA FEITA EM NOME DA AJGSPE NO PERÍODO DE RECESSO SEM A AUTORIZAÇÃO FORMALIZADA DO VICTOR COM ORDEM DO MÁRCIO.

FATURAMENTO EM 3X - INSTRUÇÃO DO MÁRCIO PARA CASO A AJGSPE NÃO ACEITE A COMPRA SEM APROVAÇÃO, A CMHF SERÁ RESPONSÁVEL!!";"Em aberto";"16299663933";"0000000001540";"";"COTOVELO PVC PPR 40MM X 90º";"5,00";"6,6800";"PC";"0,0000";"2789"
"24752515118";"8326";"05/01/2026";"";"15707888196";"CASA TOGNINI MATERIAIS HID E SANIT LTDA";"0,00";"COMPRA FEITA PARA ATENDER A OBRA HP BIO - 2789

COMPRA FEITA EM NOME DA AJGSPE NO PERÍODO DE RECESSO SEM A AUTORIZAÇÃO FORMALIZADA DO VICTOR COM ORDEM DO MÁRCIO.

FATURAMENTO EM 3X - INSTRUÇÃO DO MÁRCIO PARA CASO A AJGSPE NÃO ACEITE A COMPRA SEM APROVAÇÃO, A CMHF SERÁ RESPONSÁVEL!!";"Em aberto";"16354793077";"0000000002411";"";"COTOVELO PVC PPR 40MM X 45°";"1,00";"11,6400";"PÇ";"0,0000";"2789"
"24752515118";"8326";"05/01/2026";"";"15707888196";"CASA TOGNINI MATERIAIS HID E SANIT LTDA";"0,00";"COMPRA FEITA PARA ATENDER A OBRA HP BIO - 2789

COMPRA FEITA EM NOME DA AJGSPE NO PERÍODO DE RECESSO SEM A AUTORIZAÇÃO FORMALIZADA DO VICTOR COM ORDEM DO MÁRCIO.

FATURAMENTO EM 3X - INSTRUÇÃO DO MÁRCIO PARA CASO A AJGSPE NÃO ACEITE A COMPRA SEM APROVAÇÃO, A CMHF SERÁ RESPONSÁVEL!!";"Em aberto";"16518508486";"0000000004290";"";"TE PVC PPR 40 X 25MM";"10,00";"17,0900";"PC";"0,0000";"2789"
"24752515118";"8326";"05/01/2026";"";"15707888196";"CASA TOGNINI MATERIAIS HID E SANIT LTDA";"0,00";"COMPRA FEITA PARA ATENDER A OBRA HP BIO - 2789

COMPRA FEITA EM NOME DA AJGSPE NO PERÍODO DE RECESSO SEM A AUTORIZAÇÃO FORMALIZADA DO VICTOR COM ORDEM DO MÁRCIO.

FATURAMENTO EM 3X - INSTRUÇÃO DO MÁRCIO PARA CASO A AJGSPE NÃO ACEITE A COMPRA SEM APROVAÇÃO, A CMHF SERÁ RESPONSÁVEL!!";"Em aberto";"16318740688";"0000000001767";"";"TUBO PVC PPR PN20 50MM";"4,00";"81,2400";"BR";"0,0000";"2789"
"24752515118";"8326";"05/01/2026";"";"15707888196";"CASA TOGNINI MATERIAIS HID E SANIT LTDA";"0,00";"COMPRA FEITA PARA ATENDER A OBRA HP BIO - 2789

COMPRA FEITA EM NOME DA AJGSPE NO PERÍODO DE RECESSO SEM A AUTORIZAÇÃO FORMALIZADA DO VICTOR COM ORDEM DO MÁRCIO.

FATURAMENTO EM 3X - INSTRUÇÃO DO MÁRCIO PARA CASO A AJGSPE NÃO ACEITE A COMPRA SEM APROVAÇÃO, A CMHF SERÁ RESPONSÁVEL!!";"Em aberto";"16487322304";"0000000003295";"";"TUBO PVC PPR PN20 40MM";"11,00";"50,6500";"BR";"0,0000";"2789"
"24752515118";"8326";"05/01/2026";"";"15707888196";"CASA TOGNINI MATERIAIS HID E SANIT LTDA";"0,00";"COMPRA FEITA PARA ATENDER A OBRA HP BIO - 2789

COMPRA FEITA EM NOME DA AJGSPE NO PERÍODO DE RECESSO SEM A AUTORIZAÇÃO FORMALIZADA DO VICTOR COM ORDEM DO MÁRCIO.

FATURAMENTO EM 3X - INSTRUÇÃO DO MÁRCIO PARA CASO A AJGSPE NÃO ACEITE A COMPRA SEM APROVAÇÃO, A CMHF SERÁ RESPONSÁVEL!!";"Em aberto";"16487427329";"0000000003306";"";"TUBO PVC PPR PN20 32MM";"11,00";"38,1100";"BR";"0,0000";"2789"
"24752515118";"8326";"05/01/2026";"";"15707888196";"CASA TOGNINI MATERIAIS HID E SANIT LTDA";"0,00";"COMPRA FEITA PARA ATENDER A OBRA HP BIO - 2789

COMPRA FEITA EM NOME DA AJGSPE NO PERÍODO DE RECESSO SEM A AUTORIZAÇÃO FORMALIZADA DO VICTOR COM ORDEM DO MÁRCIO.

FATURAMENTO EM 3X - INSTRUÇÃO DO MÁRCIO PARA CASO A AJGSPE NÃO ACEITE A COMPRA SEM APROVAÇÃO, A CMHF SERÁ RESPONSÁVEL!!";"Em aberto";"16487427067";"0000000003305";"";"TUBO PVC PPR PN20 25MM";"44,00";"25,0300";"BR";"0,0000";"2789"
"24753239728";"8327";"05/01/2026";"";"15707888196";"CASA TOGNINI MATERIAIS HID E SANIT LTDA";"0,00";"COMPRA FEITA PARA ATENDER A OBRA ZAVIT - 3260

COMPRA FEITA EM NOME DA AJGSPE NO PERÍODO DE RECESSO SEM A AUTORIZAÇÃO FORMALIZADA DO VICTOR COM ORDEM DO MÁRCIO.

FATURAMENTO EM 3X - INSTRUÇÃO DO MÁRCIO PARA CASO A AJGSPE NÃO ACEITE A COMPRA SEM APROVAÇÃO, A CMHF SERÁ RESPONSÁVEL!!";"Em aberto";"16512868451";"0000000004185";"200591";"TUBO COBRE CLASSE E 28MM";"13,00";"267,3800";"BR";"0,0000";"3260"
"24753239728";"8327";"05/01/2026";"";"15707888196";"CASA TOGNINI MATERIAIS HID E SANIT LTDA";"0,00";"COMPRA FEITA PARA ATENDER A OBRA ZAVIT - 3260

COMPRA FEITA EM NOME DA AJGSPE NO PERÍODO DE RECESSO SEM A AUTORIZAÇÃO FORMALIZADA DO VICTOR COM ORDEM DO MÁRCIO.

FATURAMENTO EM 3X - INSTRUÇÃO DO MÁRCIO PARA CASO A AJGSPE NÃO ACEITE A COMPRA SEM APROVAÇÃO, A CMHF SERÁ RESPONSÁVEL!!";"Em aberto";"15888376864";"0000000000562";"";"TUBO COBRE CLASSE E - 35MM";"2,00";"406,9700";"BR";"0,0000";"3260"
"24753239728";"8327";"05/01/2026";"";"15707888196";"CASA TOGNINI MATERIAIS HID E SANIT LTDA";"0,00";"COMPRA FEITA PARA ATENDER A OBRA ZAVIT - 3260

COMPRA FEITA EM NOME DA AJGSPE NO PERÍODO DE RECESSO SEM A AUTORIZAÇÃO FORMALIZADA DO VICTOR COM ORDEM DO MÁRCIO.

FATURAMENTO EM 3X - INSTRUÇÃO DO MÁRCIO PARA CASO A AJGSPE NÃO ACEITE A COMPRA SEM APROVAÇÃO, A CMHF SERÁ RESPONSÁVEL!!";"Em aberto";"16512821169";"0000000004174";"323589";"TE COBRE SEM ANEL 35 x 22MM";"4,00";"45,7900";"PC";"0,0000";"3260"
"24753239728";"8327";"05/01/2026";"";"15707888196";"CASA TOGNINI MATERIAIS HID E SANIT LTDA";"0,00";"COMPRA FEITA PARA ATENDER A OBRA ZAVIT - 3260

COMPRA FEITA EM NOME DA AJGSPE NO PERÍODO DE RECESSO SEM A AUTORIZAÇÃO FORMALIZADA DO VICTOR COM ORDEM DO MÁRCIO.

FATURAMENTO EM 3X - INSTRUÇÃO DO MÁRCIO PARA CASO A AJGSPE NÃO ACEITE A COMPRA SEM APROVAÇÃO, A CMHF SERÁ RESPONSÁVEL!!";"Em aberto";"16512833950";"0000000004182";"205157";"COTOVELO COBRE SEM ANEL 28MM X 90°";"30,00";"17,1800";"PC";"0,0000";"3260"
"24753239728";"8327";"05/01/2026";"";"15707888196";"CASA TOGNINI MATERIAIS HID E SANIT LTDA";"0,00";"COMPRA FEITA PARA ATENDER A OBRA ZAVIT - 3260

COMPRA FEITA EM NOME DA AJGSPE NO PERÍODO DE RECESSO SEM A AUTORIZAÇÃO FORMALIZADA DO VICTOR COM ORDEM DO MÁRCIO.

FATURAMENTO EM 3X - INSTRUÇÃO DO MÁRCIO PARA CASO A AJGSPE NÃO ACEITE A COMPRA SEM APROVAÇÃO, A CMHF SERÁ RESPONSÁVEL!!";"Em aberto";"16562222684";"0000000004557";"";"TE COBRE SEM ANEL 28MM";"10,00";"25,9800";"PC";"0,0000";"3260"
"24753239728";"8327";"05/01/2026";"";"15707888196";"CASA TOGNINI MATERIAIS HID E SANIT LTDA";"0,00";"COMPRA FEITA PARA ATENDER A OBRA ZAVIT - 3260

COMPRA FEITA EM NOME DA AJGSPE NO PERÍODO DE RECESSO SEM A AUTORIZAÇÃO FORMALIZADA DO VICTOR COM ORDEM DO MÁRCIO.

FATURAMENTO EM 3X - INSTRUÇÃO DO MÁRCIO PARA CASO A AJGSPE NÃO ACEITE A COMPRA SEM APROVAÇÃO, A CMHF SERÁ RESPONSÁVEL!!";"Em aberto";"15845439338";"0000000000457";"205133";"CONECTOR COBRE FEMEA SEM ANEL 28MM X 1/2""";"26,00";"22,4200";"PC";"0,0000";"3260"
"24753239728";"8327";"05/01/2026";"";"15707888196";"CASA TOGNINI MATERIAIS HID E SANIT LTDA";"0,00";"COMPRA FEITA PARA ATENDER A OBRA ZAVIT - 3260

COMPRA FEITA EM NOME DA AJGSPE NO PERÍODO DE RECESSO SEM A AUTORIZAÇÃO FORMALIZADA DO VICTOR COM ORDEM DO MÁRCIO.

FATURAMENTO EM 3X - INSTRUÇÃO DO MÁRCIO PARA CASO A AJGSPE NÃO ACEITE A COMPRA SEM APROVAÇÃO, A CMHF SERÁ RESPONSÁVEL!!";"Em aberto";"16576970980";"0000000004600";"";"LUVA PASSANTE COBRE 28MM";"10,00";"8,1400";"PC";"0,0000";"3260"
"24753239728";"8327";"05/01/2026";"";"15707888196";"CASA TOGNINI MATERIAIS HID E SANIT LTDA";"0,00";"COMPRA FEITA PARA ATENDER A OBRA ZAVIT - 3260

COMPRA FEITA EM NOME DA AJGSPE NO PERÍODO DE RECESSO SEM A AUTORIZAÇÃO FORMALIZADA DO VICTOR COM ORDEM DO MÁRCIO.

FATURAMENTO EM 3X - INSTRUÇÃO DO MÁRCIO PARA CASO A AJGSPE NÃO ACEITE A COMPRA SEM APROVAÇÃO, A CMHF SERÁ RESPONSÁVEL!!";"Em aberto";"0";"";"";"LUVA PASSANTE COBRE 35MM";"5,00";"14,0200";"PC";"0,0000";"3260"
"24753239728";"8327";"05/01/2026";"";"15707888196";"CASA TOGNINI MATERIAIS HID E SANIT LTDA";"0,00";"COMPRA FEITA PARA ATENDER A OBRA ZAVIT - 3260

COMPRA FEITA EM NOME DA AJGSPE NO PERÍODO DE RECESSO SEM A AUTORIZAÇÃO FORMALIZADA DO VICTOR COM ORDEM DO MÁRCIO.

FATURAMENTO EM 3X - INSTRUÇÃO DO MÁRCIO PARA CASO A AJGSPE NÃO ACEITE A COMPRA SEM APROVAÇÃO, A CMHF SERÁ RESPONSÁVEL!!";"Em aberto";"16572630656";"0000000004582";"";"COTOVELO COBRE SEM ANEL 35MM X 90º";"5,00";"25,6300";"PC";"0,0000";"3260"
"24753239728";"8327";"05/01/2026";"";"15707888196";"CASA TOGNINI MATERIAIS HID E SANIT LTDA";"0,00";"COMPRA FEITA PARA ATENDER A OBRA ZAVIT - 3260

COMPRA FEITA EM NOME DA AJGSPE NO PERÍODO DE RECESSO SEM A AUTORIZAÇÃO FORMALIZADA DO VICTOR COM ORDEM DO MÁRCIO.

FATURAMENTO EM 3X - INSTRUÇÃO DO MÁRCIO PARA CASO A AJGSPE NÃO ACEITE A COMPRA SEM APROVAÇÃO, A CMHF SERÁ RESPONSÁVEL!!";"Em aberto";"15888852351";"0000000000571";"";"LIXA FERRO Nº100";"10,00";"1,9500";"PC";"0,0000";"3260"
"24753239728";"8327";"05/01/2026";"";"15707888196";"CASA TOGNINI MATERIAIS HID E SANIT LTDA";"0,00";"COMPRA FEITA PARA ATENDER A OBRA ZAVIT - 3260

COMPRA FEITA EM NOME DA AJGSPE NO PERÍODO DE RECESSO SEM A AUTORIZAÇÃO FORMALIZADA DO VICTOR COM ORDEM DO MÁRCIO.

FATURAMENTO EM 3X - INSTRUÇÃO DO MÁRCIO PARA CASO A AJGSPE NÃO ACEITE A COMPRA SEM APROVAÇÃO, A CMHF SERÁ RESPONSÁVEL!!";"Em aberto";"15218312207";"0000000004545";"";"REFIL P/ MACARICO";"5,00";"37,0500";"PC";"0,0000";"3260"
"24753239728";"8327";"05/01/2026";"";"15707888196";"CASA TOGNINI MATERIAIS HID E SANIT LTDA";"0,00";"COMPRA FEITA PARA ATENDER A OBRA ZAVIT - 3260

COMPRA FEITA EM NOME DA AJGSPE NO PERÍODO DE RECESSO SEM A AUTORIZAÇÃO FORMALIZADA DO VICTOR COM ORDEM DO MÁRCIO.

FATURAMENTO EM 3X - INSTRUÇÃO DO MÁRCIO PARA CASO A AJGSPE NÃO ACEITE A COMPRA SEM APROVAÇÃO, A CMHF SERÁ RESPONSÁVEL!!";"Em aberto";"13606846581";"0000000000350";"";"BICO PARA MAÇARICO";"2,00";"153,8900";"PC";"0,0000";"3260"
"24753239728";"8327";"05/01/2026";"";"15707888196";"CASA TOGNINI MATERIAIS HID E SANIT LTDA";"0,00";"COMPRA FEITA PARA ATENDER A OBRA ZAVIT - 3260

COMPRA FEITA EM NOME DA AJGSPE NO PERÍODO DE RECESSO SEM A AUTORIZAÇÃO FORMALIZADA DO VICTOR COM ORDEM DO MÁRCIO.

FATURAMENTO EM 3X - INSTRUÇÃO DO MÁRCIO PARA CASO A AJGSPE NÃO ACEITE A COMPRA SEM APROVAÇÃO, A CMHF SERÁ RESPONSÁVEL!!";"Em aberto";"16172594669";"0000000001170";"";"PASTA LUBRIFICANTE 950G";"2,00";"24,6700";"PC";"0,0000";"3260"
"24753239728";"8327";"05/01/2026";"";"15707888196";"CASA TOGNINI MATERIAIS HID E SANIT LTDA";"0,00";"COMPRA FEITA PARA ATENDER A OBRA ZAVIT - 3260

COMPRA FEITA EM NOME DA AJGSPE NO PERÍODO DE RECESSO SEM A AUTORIZAÇÃO FORMALIZADA DO VICTOR COM ORDEM DO MÁRCIO.

FATURAMENTO EM 3X - INSTRUÇÃO DO MÁRCIO PARA CASO A AJGSPE NÃO ACEITE A COMPRA SEM APROVAÇÃO, A CMHF SERÁ RESPONSÁVEL!!";"Em aberto";"16049504902";"0000000000840";"";"CARRETEL DE ESTANHO 50X50";"5,00";"104,6500";"PC";"0,0000";"3260"
"24753239728";"8327";"05/01/2026";"";"15707888196";"CASA TOGNINI MATERIAIS HID E SANIT LTDA";"0,00";"COMPRA FEITA PARA ATENDER A OBRA ZAVIT - 3260

COMPRA FEITA EM NOME DA AJGSPE NO PERÍODO DE RECESSO SEM A AUTORIZAÇÃO FORMALIZADA DO VICTOR COM ORDEM DO MÁRCIO.

FATURAMENTO EM 3X - INSTRUÇÃO DO MÁRCIO PARA CASO A AJGSPE NÃO ACEITE A COMPRA SEM APROVAÇÃO, A CMHF SERÁ RESPONSÁVEL!!";"Em aberto";"16264767708";"0000000001424";"";"SOLDA EM BARRA 50X50";"5,00";"24,4500";"PC";"0,0000";"3260"
"24753239728";"8327";"05/01/2026";"";"15707888196";"CASA TOGNINI MATERIAIS HID E SANIT LTDA";"0,00";"COMPRA FEITA PARA ATENDER A OBRA ZAVIT - 3260

COMPRA FEITA EM NOME DA AJGSPE NO PERÍODO DE RECESSO SEM A AUTORIZAÇÃO FORMALIZADA DO VICTOR COM ORDEM DO MÁRCIO.

FATURAMENTO EM 3X - INSTRUÇÃO DO MÁRCIO PARA CASO A AJGSPE NÃO ACEITE A COMPRA SEM APROVAÇÃO, A CMHF SERÁ RESPONSÁVEL!!";"Em aberto";"9895657417";"0000000004068";"";"VERGALHÃO ROSCADO 1/4""";"5,00";"11,0400";"BR";"0,0000";"3260"
"24753239728";"8327";"05/01/2026";"";"15707888196";"CASA TOGNINI MATERIAIS HID E SANIT LTDA";"0,00";"COMPRA FEITA PARA ATENDER A OBRA ZAVIT - 3260

COMPRA FEITA EM NOME DA AJGSPE NO PERÍODO DE RECESSO SEM A AUTORIZAÇÃO FORMALIZADA DO VICTOR COM ORDEM DO MÁRCIO.

FATURAMENTO EM 3X - INSTRUÇÃO DO MÁRCIO PARA CASO A AJGSPE NÃO ACEITE A COMPRA SEM APROVAÇÃO, A CMHF SERÁ RESPONSÁVEL!!";"Em aberto";"9763927236";"0000000004001";"ABEG003";"ABRAÇADEIRA ECONOMICA 1""";"15,00";"1,2400";"PC";"0,0000";"3260"
"24753239728";"8327";"05/01/2026";"";"15707888196";"CASA TOGNINI MATERIAIS HID E SANIT LTDA";"0,00";"COMPRA FEITA PARA ATENDER A OBRA ZAVIT - 3260

COMPRA FEITA EM NOME DA AJGSPE NO PERÍODO DE RECESSO SEM A AUTORIZAÇÃO FORMALIZADA DO VICTOR COM ORDEM DO MÁRCIO.

FATURAMENTO EM 3X - INSTRUÇÃO DO MÁRCIO PARA CASO A AJGSPE NÃO ACEITE A COMPRA SEM APROVAÇÃO, A CMHF SERÁ RESPONSÁVEL!!";"Em aberto";"9893843671";"0000000004060";"";"ABRAÇADEIRA ECONOMICA 1 1/4""";"5,00";"1,6700";"PC";"0,0000";"3260"
"24753239728";"8327";"05/01/2026";"";"15707888196";"CASA TOGNINI MATERIAIS HID E SANIT LTDA";"0,00";"COMPRA FEITA PARA ATENDER A OBRA ZAVIT - 3260

COMPRA FEITA EM NOME DA AJGSPE NO PERÍODO DE RECESSO SEM A AUTORIZAÇÃO FORMALIZADA DO VICTOR COM ORDEM DO MÁRCIO.

FATURAMENTO EM 3X - INSTRUÇÃO DO MÁRCIO PARA CASO A AJGSPE NÃO ACEITE A COMPRA SEM APROVAÇÃO, A CMHF SERÁ RESPONSÁVEL!!";"Em aberto";"16356861381";"0000000002217";"";"ARRUELA LISA 1/4";"150,00";"0,1000";"PC";"0,0000";"3260"
"24753239728";"8327";"05/01/2026";"";"15707888196";"CASA TOGNINI MATERIAIS HID E SANIT LTDA";"0,00";"COMPRA FEITA PARA ATENDER A OBRA ZAVIT - 3260

COMPRA FEITA EM NOME DA AJGSPE NO PERÍODO DE RECESSO SEM A AUTORIZAÇÃO FORMALIZADA DO VICTOR COM ORDEM DO MÁRCIO.

FATURAMENTO EM 3X - INSTRUÇÃO DO MÁRCIO PARA CASO A AJGSPE NÃO ACEITE A COMPRA SEM APROVAÇÃO, A CMHF SERÁ RESPONSÁVEL!!";"Em aberto";"9895610720";"0000000004067";"";"PORCA SEXTAVADA 1/4""";"150,00";"0,1500";"PC";"0,0000";"3260"
"24753239728";"8327";"05/01/2026";"";"15707888196";"CASA TOGNINI MATERIAIS HID E SANIT LTDA";"0,00";"COMPRA FEITA PARA ATENDER A OBRA ZAVIT - 3260

COMPRA FEITA EM NOME DA AJGSPE NO PERÍODO DE RECESSO SEM A AUTORIZAÇÃO FORMALIZADA DO VICTOR COM ORDEM DO MÁRCIO.

FATURAMENTO EM 3X - INSTRUÇÃO DO MÁRCIO PARA CASO A AJGSPE NÃO ACEITE A COMPRA SEM APROVAÇÃO, A CMHF SERÁ RESPONSÁVEL!!";"Em aberto";"9895595837";"0000000004066";"";"CHUMBADOR 1/4""";"50,00";"0,7600";"PC";"0,0000";"3260"
"24753239728";"8327";"05/01/2026";"";"15707888196";"CASA TOGNINI MATERIAIS HID E SANIT LTDA";"0,00";"COMPRA FEITA PARA ATENDER A OBRA ZAVIT - 3260

COMPRA FEITA EM NOME DA AJGSPE NO PERÍODO DE RECESSO SEM A AUTORIZAÇÃO FORMALIZADA DO VICTOR COM ORDEM DO MÁRCIO.

FATURAMENTO EM 3X - INSTRUÇÃO DO MÁRCIO PARA CASO A AJGSPE NÃO ACEITE A COMPRA SEM APROVAÇÃO, A CMHF SERÁ RESPONSÁVEL!!";"Em aberto";"16158257396";"";"";"IMPOSTOS";"1,00";"139,5200";"um";"0,0000";"3260"
"24753552088";"8328";"05/01/2026";"";"17817353740";"MARCELO PAES ME";"0,00";"PAGAMENTO DO BOLETO REFERENTE AO ALUGUEL DO MAQUINÁRIO DESTINADO A OBRA JANDAIA - 2449

COMO COMBINADO, TODAS AS FERRAMENTAS, SERÃO EM NOME DA BIGPAR.";"Em aberto";"16573863767";"";"";"LOCAÇÃO DE MAQUINARIO";"1,00";"8.000,0000";"VB";"0,0000";"2449"
"24758555785";"8330";"06/01/2026";"";"17880310297";"MONTMAGNO COMERCIAL LTDA";"0,00";"MATERIAL SOLICITADO PARA ATENDER A OBRA JANDAIA - 2449";"Em aberto";"16257451448";"0000000001392";"";"PARAFUSO - 3/4""X3/8""";"4.000,00";"0,2700";"PC";"0,0000";"2449"
"24758555785";"8330";"06/01/2026";"";"17880310297";"MONTMAGNO COMERCIAL LTDA";"0,00";"MATERIAL SOLICITADO PARA ATENDER A OBRA JANDAIA - 2449";"Em aberto";"16320292959";"0000000004439";"";"PORCA SEXTAVADA 3/8""";"4.000,00";"0,1000";"PC";"0,0000";"2449"
"24758555785";"8330";"06/01/2026";"";"17880310297";"MONTMAGNO COMERCIAL LTDA";"0,00";"MATERIAL SOLICITADO PARA ATENDER A OBRA JANDAIA - 2449";"Em aberto";"16356861382";"0000000002218";"";"ARRUELA LISA 3/8";"4.000,00";"0,0700";"PC";"0,0000";"2449"
"24758555785";"8330";"06/01/2026";"";"17880310297";"MONTMAGNO COMERCIAL LTDA";"0,00";"MATERIAL SOLICITADO PARA ATENDER A OBRA JANDAIA - 2449";"Em aberto";"16158257396";"";"";"IMPOSTOS";"1,00";"28,0000";"um";"0,0000";"2449"
"24763144619";"8331";"06/01/2026";"";"16911835488";"FÁBIO S. L. FIARTE";"0,00";"UNIFORMES SOLICITADOS PELO RH PARA ABASTECER O ESTOQUE.

15 M - 20 G – 15 GG.";"Em aberto";"15854482839";"";"";"CONFECÇÃO DE UNIFORME";"50,00";"44,9000";"VB";"0,0000";""
"24771797280";"8332";"07/01/2026";"";"15707888196";"CASA TOGNINI MATERIAIS HID E SANIT LTDA";"0,00";"MATERIAL SOLICITADO PARA ATENDER OBRA ZAVIT - 3260

MATERIAL COMPRADO COM O CRÉDITO REFERENTE A NOTA FISCAL DE DEVOLUÇÃO Nº 621.459

COMPRA NO VALOR DE R$115,95

SALDO ANTERIOR - R$1.871,66
SALDO RESTANTE - R$1.755,71";"Em aberto";"15900700838";"0000000000620";"";"LUVA COBRE SEM ANEL 28MM";"1,00";"0,0100";"PC";"0,0000";"3260"
"24773508018";"8333";"07/01/2026";"";"16853103881";"KALUNGA";"0,00";"PEDIDO SOLICITADO PELO RH

compra da impressora Multifuncional Tanque de Tinta EcoTank L3250, colorida, Wi-Fi, conexão USB, bivolt, Epson, + kit com 4 garrafas de tinta Epson (preto, ciano, magenta e amarelo) + lapis + mouse + saco plástico

";"Em aberto";"16587230314";"";"";"IMPRESSORA MULTIFUNCIONAL";"1,00";"999,0000";"PC";"0,0000";""
"24773508018";"8333";"07/01/2026";"";"16853103881";"KALUNGA";"0,00";"PEDIDO SOLICITADO PELO RH

compra da impressora Multifuncional Tanque de Tinta EcoTank L3250, colorida, Wi-Fi, conexão USB, bivolt, Epson, + kit com 4 garrafas de tinta Epson (preto, ciano, magenta e amarelo) + lapis + mouse + saco plástico

";"Em aberto";"16587230810";"";"";"KIT DE TINTA PARA IMPRESSORA";"1,00";"225,9000";"PC";"0,0000";""
"24773508018";"8333";"07/01/2026";"";"16853103881";"KALUNGA";"0,00";"PEDIDO SOLICITADO PELO RH

compra da impressora Multifuncional Tanque de Tinta EcoTank L3250, colorida, Wi-Fi, conexão USB, bivolt, Epson, + kit com 4 garrafas de tinta Epson (preto, ciano, magenta e amarelo) + lapis + mouse + saco plástico

";"Em aberto";"16381762746";"";"";"MOUSE";"2,00";"49,9000";"PC";"0,0000";""
"24773508018";"8333";"07/01/2026";"";"16853103881";"KALUNGA";"0,00";"PEDIDO SOLICITADO PELO RH

compra da impressora Multifuncional Tanque de Tinta EcoTank L3250, colorida, Wi-Fi, conexão USB, bivolt, Epson, + kit com 4 garrafas de tinta Epson (preto, ciano, magenta e amarelo) + lapis + mouse + saco plástico

";"Em aberto";"16587332989";"";"";"LÁPIS GRAFITE";"1,00";"9,2000";"PC";"0,0000";""
"24773508018";"8333";"07/01/2026";"";"16853103881";"KALUNGA";"0,00";"PEDIDO SOLICITADO PELO RH

compra da impressora Multifuncional Tanque de Tinta EcoTank L3250, colorida, Wi-Fi, conexão USB, bivolt, Epson, + kit com 4 garrafas de tinta Epson (preto, ciano, magenta e amarelo) + lapis + mouse + saco plástico

";"Em aberto";"16587333127";"";"";"SACO PLÁSTICO";"1,00";"11,9000";"PC";"0,0000";""
"24773508018";"8333";"07/01/2026";"";"16853103881";"KALUNGA";"0,00";"PEDIDO SOLICITADO PELO RH

compra da impressora Multifuncional Tanque de Tinta EcoTank L3250, colorida, Wi-Fi, conexão USB, bivolt, Epson, + kit com 4 garrafas de tinta Epson (preto, ciano, magenta e amarelo) + lapis + mouse + saco plástico

";"Em aberto";"9640855418";"";"";"FRETE";"1,00";"0,0000";"VB";"0,0000";""
"24783840984";"8334";"08/01/2026";"";"15707888196";"CASA TOGNINI MATERIAIS HID E SANIT LTDA";"0,00";"MATERIAL SOLICITADO PARA ATENDER A OBRA JASMIM - 2652

PAGAR NO PRIMEIRO HORÁRIO";"Em aberto";"16362541699";"0000000002495";"";"ANEL DE BORRACHA 75MM";"20,00";"0,6000";"PC";"0,0000";"2652"
"24783840984";"8334";"08/01/2026";"";"15707888196";"CASA TOGNINI MATERIAIS HID E SANIT LTDA";"0,00";"MATERIAL SOLICITADO PARA ATENDER A OBRA JASMIM - 2652

PAGAR NO PRIMEIRO HORÁRIO";"Em aberto";"16100229644";"0000000001005";"";"LUVA PVC BRANCO 75MM";"20,00";"3,6000";"PC";"0,0000";"2652"
"24783840984";"8334";"08/01/2026";"";"15707888196";"CASA TOGNINI MATERIAIS HID E SANIT LTDA";"0,00";"MATERIAL SOLICITADO PARA ATENDER A OBRA JASMIM - 2652

PAGAR NO PRIMEIRO HORÁRIO";"Em aberto";"16316472657";"0000000001704";"";"COTOVELO LR PVC AZUL 25MM X 1/2""";"10,00";"4,3700";"PC";"0,0000";"2652"
"24783840984";"8334";"08/01/2026";"";"15707888196";"CASA TOGNINI MATERIAIS HID E SANIT LTDA";"0,00";"MATERIAL SOLICITADO PARA ATENDER A OBRA JASMIM - 2652

PAGAR NO PRIMEIRO HORÁRIO";"Em aberto";"16332103565";"0000000001944";"";"PLUG PVC BRANCO 1/2""";"20,00";"0,5700";"PÇ";"0,0000";"2652"
"24783840984";"8334";"08/01/2026";"";"15707888196";"CASA TOGNINI MATERIAIS HID E SANIT LTDA";"0,00";"MATERIAL SOLICITADO PARA ATENDER A OBRA JASMIM - 2652

PAGAR NO PRIMEIRO HORÁRIO";"Em aberto";"16324862449";"0000000001842";"";"CAPS PVC SILENTIUM 40MM";"2,00";"5,4800";"PC";"0,0000";"2652"
"24783840984";"8334";"08/01/2026";"";"15707888196";"CASA TOGNINI MATERIAIS HID E SANIT LTDA";"0,00";"MATERIAL SOLICITADO PARA ATENDER A OBRA JASMIM - 2652

PAGAR NO PRIMEIRO HORÁRIO";"Em aberto";"9706095384";"0000000003972";"";"TUBO PVC BRANCO 75MM";"1,00";"72,9300";"BR";"0,0000";"2652"
"24783840984";"8334";"08/01/2026";"";"15707888196";"CASA TOGNINI MATERIAIS HID E SANIT LTDA";"0,00";"MATERIAL SOLICITADO PARA ATENDER A OBRA JASMIM - 2652

PAGAR NO PRIMEIRO HORÁRIO";"Em aberto";"16272632406";"0000000001453";"";"TUBO PVC SILENTIUM 50MM";"1,00";"104,8000";"BR";"0,0000";"2652"
"24783840984";"8334";"08/01/2026";"";"15707888196";"CASA TOGNINI MATERIAIS HID E SANIT LTDA";"0,00";"MATERIAL SOLICITADO PARA ATENDER A OBRA JASMIM - 2652

PAGAR NO PRIMEIRO HORÁRIO";"Em aberto";"16516091396";"0000000004228";"";"LUVA PVC SILENTIUM 50MM";"20,00";"6,3200";"PC";"0,0000";"2652"
"24783840984";"8334";"08/01/2026";"";"15707888196";"CASA TOGNINI MATERIAIS HID E SANIT LTDA";"0,00";"MATERIAL SOLICITADO PARA ATENDER A OBRA JASMIM - 2652

PAGAR NO PRIMEIRO HORÁRIO";"Em aberto";"16273519396";"0000000001472";"";"COTOVELO PVC SILENTIUM 40MM X 90º";"10,00";"4,2900";"PC";"0,0000";"2652"
"24783840984";"8334";"08/01/2026";"";"15707888196";"CASA TOGNINI MATERIAIS HID E SANIT LTDA";"0,00";"MATERIAL SOLICITADO PARA ATENDER A OBRA JASMIM - 2652

PAGAR NO PRIMEIRO HORÁRIO";"Em aberto";"12544938234";"0000000000292";"";"PROLONGADOR - 1/2"" LONGO 5CM";"8,00";"9,0900";"PC";"0,0000";"2652"
"24783840984";"8334";"08/01/2026";"";"15707888196";"CASA TOGNINI MATERIAIS HID E SANIT LTDA";"0,00";"MATERIAL SOLICITADO PARA ATENDER A OBRA JASMIM - 2652

PAGAR NO PRIMEIRO HORÁRIO";"Em aberto";"16399880447";"0000000002794";"";"BUCHA REDUCAO PVC PPR 50 X 32MM";"4,00";"14,7400";"PC";"0,0000";"2652"
"24783840984";"8334";"08/01/2026";"";"15707888196";"CASA TOGNINI MATERIAIS HID E SANIT LTDA";"0,00";"MATERIAL SOLICITADO PARA ATENDER A OBRA JASMIM - 2652

PAGAR NO PRIMEIRO HORÁRIO";"Em aberto";"16518106525";"0000000004267";"";"BUCHA REDUCAO PVC PPR 50 X 25MM";"1,00";"14,3000";"PC";"0,0000";"2652"
"24783840984";"8334";"08/01/2026";"";"15707888196";"CASA TOGNINI MATERIAIS HID E SANIT LTDA";"0,00";"MATERIAL SOLICITADO PARA ATENDER A OBRA JASMIM - 2652

PAGAR NO PRIMEIRO HORÁRIO";"Em aberto";"16487427329";"0000000003306";"";"TUBO PVC PPR PN20 32MM";"15,00";"36,7300";"BR";"0,0000";"2652"
"24783840984";"8334";"08/01/2026";"";"15707888196";"CASA TOGNINI MATERIAIS HID E SANIT LTDA";"0,00";"MATERIAL SOLICITADO PARA ATENDER A OBRA JASMIM - 2652

PAGAR NO PRIMEIRO HORÁRIO";"Em aberto";"15888852351";"0000000000571";"";"LIXA FERRO Nº100";"10,00";"1,9100";"PC";"0,0000";"2652"
"24783840984";"8334";"08/01/2026";"";"15707888196";"CASA TOGNINI MATERIAIS HID E SANIT LTDA";"0,00";"MATERIAL SOLICITADO PARA ATENDER A OBRA JASMIM - 2652

PAGAR NO PRIMEIRO HORÁRIO";"Em aberto";"9113454981";"0000000003686";"";"DISCO DE CORTE 4.1/2""";"5,00";"3,5600";"UN";"0,0000";"2652"
"24783840984";"8334";"08/01/2026";"";"15707888196";"CASA TOGNINI MATERIAIS HID E SANIT LTDA";"0,00";"MATERIAL SOLICITADO PARA ATENDER A OBRA JASMIM - 2652

PAGAR NO PRIMEIRO HORÁRIO";"Em aberto";"16535255243";"0000000004451";"";"BROCA 10MM VIDEA";"2,00";"8,6500";"PC";"0,0000";"2652"
"24783840984";"8334";"08/01/2026";"";"15707888196";"CASA TOGNINI MATERIAIS HID E SANIT LTDA";"0,00";"MATERIAL SOLICITADO PARA ATENDER A OBRA JASMIM - 2652

PAGAR NO PRIMEIRO HORÁRIO";"Em aberto";"16317546881";"0000000001728";"";"LAMINA DE SERRA";"5,00";"12,5400";"PC";"0,0000";"2652"
"24783840984";"8334";"08/01/2026";"";"15707888196";"CASA TOGNINI MATERIAIS HID E SANIT LTDA";"0,00";"MATERIAL SOLICITADO PARA ATENDER A OBRA JASMIM - 2652

PAGAR NO PRIMEIRO HORÁRIO";"Em aberto";"16405233827";"0000000002819";"";"CONECTOR MACHO PVC PPR 25MM X 3/4""";"15,00";"18,0100";"PC";"0,0000";"2652"
"24783840984";"8334";"08/01/2026";"";"15707888196";"CASA TOGNINI MATERIAIS HID E SANIT LTDA";"0,00";"MATERIAL SOLICITADO PARA ATENDER A OBRA JASMIM - 2652

PAGAR NO PRIMEIRO HORÁRIO";"Em aberto";"16552260230";"0000000004523";"";"RALO SIFONADO PVC SILENTIUM 100 X 100 X 50";"5,00";"59,2900";"PC";"0,0000";"2652"
"24783840984";"8334";"08/01/2026";"";"15707888196";"CASA TOGNINI MATERIAIS HID E SANIT LTDA";"0,00";"MATERIAL SOLICITADO PARA ATENDER A OBRA JASMIM - 2652

PAGAR NO PRIMEIRO HORÁRIO";"Em aberto";"16273521714";"0000000001475";"";"JUNCAO PVC SILENTIUM 100MM";"1,00";"38,3500";"PC";"0,0000";"2652"
"24792198799";"8335";"09/01/2026";"";"15707888196";"CASA TOGNINI MATERIAIS HID E SANIT LTDA";"0,00";"MATERIAL SOLICITADO COM URGENCIA PARA ATENDER A OBRA HPBIO - 2789";"Em aberto";"9784767702";"0000000004008";"";"COTOVELO PVC BRANCO 40MM X 90° COM ANEL LABIAL";"1,00";"3,9800";"PC";"0,0000";"2789"
"24792198799";"8335";"09/01/2026";"";"15707888196";"CASA TOGNINI MATERIAIS HID E SANIT LTDA";"0,00";"MATERIAL SOLICITADO COM URGENCIA PARA ATENDER A OBRA HPBIO - 2789";"Em aberto";"10293307586";"0000000000177";"";"LUVA PVC BRANCO 50MM";"10,00";"2,0800";"PC";"0,0000";"2789"
"24792198799";"8335";"09/01/2026";"";"15707888196";"CASA TOGNINI MATERIAIS HID E SANIT LTDA";"0,00";"MATERIAL SOLICITADO COM URGENCIA PARA ATENDER A OBRA HPBIO - 2789";"Em aberto";"0";"";"";"BUCHA REDUÇÃO PVC MARROM 40 X 25MM";"6,00";"3,2100";"PC";"0,0000";"2789"
"24792198799";"8335";"09/01/2026";"";"15707888196";"CASA TOGNINI MATERIAIS HID E SANIT LTDA";"0,00";"MATERIAL SOLICITADO COM URGENCIA PARA ATENDER A OBRA HPBIO - 2789";"Em aberto";"15900726450";"0000000000645";"";"TUBO DE COLA 850G";"4,00";"42,5800";"PC";"0,0000";"2789"
"24792198799";"8335";"09/01/2026";"";"15707888196";"CASA TOGNINI MATERIAIS HID E SANIT LTDA";"0,00";"MATERIAL SOLICITADO COM URGENCIA PARA ATENDER A OBRA HPBIO - 2789";"Em aberto";"16191278638";"0000000001187";"";"PARAFUSOS AUTO BROCANTE 4,2X13";"100,00";"0,1000";"PC";"0,0000";"2789"
"24792198799";"8335";"09/01/2026";"";"15707888196";"CASA TOGNINI MATERIAIS HID E SANIT LTDA";"0,00";"MATERIAL SOLICITADO COM URGENCIA PARA ATENDER A OBRA HPBIO - 2789";"Em aberto";"9113454981";"0000000003686";"";"DISCO DE CORTE 4.1/2""";"1,00";"3,5600";"UN";"0,0000";"2789"
"24792198799";"8335";"09/01/2026";"";"15707888196";"CASA TOGNINI MATERIAIS HID E SANIT LTDA";"0,00";"MATERIAL SOLICITADO COM URGENCIA PARA ATENDER A OBRA HPBIO - 2789";"Em aberto";"0";"";"";"BOCAL TERMOFUSOR 50MM";"1,00";"70,3900";"PC";"0,0000";"2789"
"24810236505";"8336";"12/01/2026";"";"17893250174";"53.980.269 DANIEL DA SILVA BRITO";"0,00";"PAGAMENTO REFERENTE A EMPREITA NA OBRA BRADESCO - 2758";"Em aberto";"16357119601";"";"";"EMPREITA";"1,00";"2.700,0000";"";"0,0000";"2758"
"24810334470";"8337";"12/01/2026";"";"16746334546";"RENAS REPARAÇÕES AUTOMOTIVAS";"0,00";"PEDIDO REFERENTE A MANUTENÇÃO DO CARRO.

VALOR CONFORME O ORÇAMENTO - R$375,00
VALOR COM DESCONTO - R$360,00";"Em aberto";"9320939311";"";"";"MANUTENÇÃO DE VEICULO DA EMPRESA";"1,00";"360,0000";"VB";"0,0000";""
"24812249467";"8338";"12/01/2026";"";"17893659368";"LRA MANUTENCAO INSTALACAO E PREVENCAO CONTRA INCENDIO LTDA";"0,00";"MATERIAL SOLICITADO COM URGENCIA PARA ATENDER A OBRA BRADESCO - 2758";"Em aberto";"16532577350";"0000000004440";"";"DETECTOR OPTICO DE FUMACA HARPIA DFON-H";"1,00";"450,0000";"PC";"0,0000";"2758"
"24813600662";"8339";"12/01/2026";"";"17509564092";"61.572.068 WILLIAN SOUSA ROCHA (PJ)";"0,00";"REEMBOLSO REFERENTE A UBER ATÉ A OBRA BOTTHE - 0020";"Em aberto";"9084675624";"";"";"REEMBOLSO";"1,00";"16,5500";"VB";"0,0000";"0020"
"24813620197";"8340";"12/01/2026";"";"17509564092";"61.572.068 WILLIAN SOUSA ROCHA (PJ)";"0,00";"REEMBOLSO REFERENTE A UBER ATÉ A OBRA BOGOSIAN - 1783";"Em aberto";"9084675624";"";"";"REEMBOLSO";"1,00";"15,7000";"VB";"0,0000";"1783"
"24815016027";"8341";"12/01/2026";"";"15707888196";"CASA TOGNINI MATERIAIS HID E SANIT LTDA";"0,00";"MATERIAL SOLICITADO PARA ATENDER A OBRA JANDAIA - 2449

VALOR DO ORÇAMENTO - R$446,00
VALE REFERENTE A DEVOLUÇÃO DAS BROCAS - R$84,20

VALOR TOTAL A SER PAGO - R$361,80

FAVOR, PAGAR AMANHA NO PRIMEIRO HORÁRIO";"Em aberto";"16470430592";"";"";"SERRA COPO 64MM";"4,00";"73,8500";"";"0,0000";"2449"
"24815016027";"8341";"12/01/2026";"";"15707888196";"CASA TOGNINI MATERIAIS HID E SANIT LTDA";"0,00";"MATERIAL SOLICITADO PARA ATENDER A OBRA JANDAIA - 2449

VALOR DO ORÇAMENTO - R$446,00
VALE REFERENTE A DEVOLUÇÃO DAS BROCAS - R$84,20

VALOR TOTAL A SER PAGO - R$361,80

FAVOR, PAGAR AMANHA NO PRIMEIRO HORÁRIO";"Em aberto";"16573135369";"0000000004592";"";"BROCA VIDEA 14MM";"5,00";"13,2800";"PC";"0,0000";"2449"
"24815707364";"8342";"12/01/2026";"";"16612278278";"MARKETING DIGITAL CMHF";"0,00";"Valor mantido por período: R$ 600,00
________________________________________
Semana 3
Período: 12/01 a 16/01
Data prevista para pagamento: 13/01
________________________________________
Semana 4
Período: 19/01 a 23/01
Data prevista para pagamento: 19/01
________________________________________
Semana 5
Período: 26/01 a 30/01
Data prevista para pagamento: 26/01
________________________________________
";"Em aberto";"15995664043";"";"";"Marketing digital GOOGLE ADS";"3,00";"600,0000";"";"0,0000";""
"24822650786";"8343";"13/01/2026";"";"16301861367";"PRESSING GRAFICA";"0,00";"PEDIDO REFERENTE AS ETIQUETAS DA OBRA JASMIM - 2652

PLOTAGEM DE PROJETOS - DIVERSAS OBRAS";"Em aberto";"9406380659";"";"";"PLOTAGEM DE PROJETOS";"1,00";"16,0000";"VB";"0,0000";""
"24822650786";"8343";"13/01/2026";"";"16301861367";"PRESSING GRAFICA";"0,00";"PEDIDO REFERENTE AS ETIQUETAS DA OBRA JASMIM - 2652

PLOTAGEM DE PROJETOS - DIVERSAS OBRAS";"Em aberto";"16589704330";"";"";"ETIQUETA AUTOADESIVA";"1,00";"252,0000";"PC";"0,0000";""
"24832395942";"8344";"14/01/2026";"";"13962940782";"SOEDRAL SOCIEDADE ELETRICA HIDRAULICA LTDA";"0,00";"COMPRA SOLICITADA PARA ATENDER PEDIDO DE VENDA 1389

CONFORME INFORMADO VIA E-MAIL PELO VENDEDOR THIAGO, A COMPRA SERÁ FEITA EM NOME DA SAENG, PORÉM O PAGAMENTO SERÁ FEITO PELA CMHF.";"Em aberto";"16587060030";"0000000004603";"9988";"VALVULA ESFERA PVC MARROM 20MM";"370,00";"4,8600";"PÇ";"0,0000";"P1389"
"24832641750";"8345";"14/01/2026";"";"17713182428";"Thailane Bispo Santos (BILU)";"0,00";"PEDIDO REFERENTE A PAGAMENTO DAS DESPESAS DA SEMANA NA OBRA - HPBIO - 2789";"Em aberto";"0";"";"";"EMPREITA";"1,00";"150,0000";"";"0,0000";"2789"
"24840245996";"8346";"15/01/2026";"";"16392563602";"FAGNER DE JESUS SANTANA";"0,00";"SOLICITAÇÃO REFERENTE A LIMPEZA DOS AR-CONDCIONADOS DO ESCRITÓRIO.";"Em aberto";"16161030797";"";"";"LIMPEZA DO AR CONDICIONADO";"4,00";"200,0000";"PÇ";"0,0000";""
"24840725631";"8347";"15/01/2026";"";"17713182428";"Thailane Bispo Santos (BILU)";"0,00";"PEDIDO REFERENTE A DIARIA DOS DIAS 12/01 A 16/01.";"Em aberto";"16357119601";"";"";"EMPREITA";"1,00";"850,0000";"";"0,0000";"2789"
"24842196906";"8348";"15/01/2026";"";"15707888196";"CASA TOGNINI MATERIAIS HID E SANIT LTDA";"0,00";"MATERIAL SOLICITADO PARA ATENDER OBRA HP BIO - 2789

MATERIAL COMPRADO COM O CRÉDITO REFERENTE A NOTA FISCAL DE DEVOLUÇÃO Nº 621.459

COMPRA NO VALOR DE R$1.320,38

SALDO ANTERIOR - R$1.755,71
SALDO RESTANTE - R$435,33";"Em aberto";"16590889234";"0000000004604";"";"CAIXA DE DESCARGA EMBUTIDA DECA MOD. 2500 CX.MC.AF";"1,00";"0,0100";"PC";"0,0000";"2789"
"24842196906";"8348";"15/01/2026";"";"15707888196";"CASA TOGNINI MATERIAIS HID E SANIT LTDA";"0,00";"MATERIAL SOLICITADO PARA ATENDER OBRA HP BIO - 2789

MATERIAL COMPRADO COM O CRÉDITO REFERENTE A NOTA FISCAL DE DEVOLUÇÃO Nº 621.459

COMPRA NO VALOR DE R$1.320,38

SALDO ANTERIOR - R$1.755,71
SALDO RESTANTE - R$435,33";"Em aberto";"16591051957";"0000000004605";"";"BOLSA PARA VASO SANITÁRIO 4""";"1,00";"0,0000";"PC";"0,0000";"2789"
"24844368584";"8349";"15/01/2026";"";"16956290851";"SHIRLEY SALGADOS E BOLOS";"0,00";"PEDIDO REFERENTE A SALGADOS PARA COMEMORAR O ANIVERSÁRIO NO ESCRITÓRIO.";"Em aberto";"16414311383";"";"";"SALGADOS";"1,00";"61,2500";"CT";"0,0000";""
"24844377905";"8350";"15/01/2026";"";"9228469919";"DONEGA BOLOS LTDA";"0,00";"PEDIDO REFERENTE A BOLO PARA COMEMORAR O ANIVERSÁRIO NO ESCRITÓRIO.";"Em aberto";"16480772652";"0000000003270";"";"BOLO";"1,00";"85,0000";"FD";"0,0000";""
"24844410784";"8351";"15/01/2026";"";"16994136282";"SEGURA RH SOLUÇÕES";"0,00";"valor de R$ 360,00, composto por:
– 1 funcionário do Adaciel/Julio (Vanderson): 6 documentos (NR-06, NR-12, NR-18, NR-35, OS e Ficha de EPI) – 30 x 6 = R$ 180,00. Obra Jandaia
– 1 funcionário da CMHF (Manuel – renovação de documentos): 6 documentos (NR-06, NR-12, NR-18, NR-35, OS e Ficha de EPI) – 30 x 6 = R$ 180,00.";"Em aberto";"16365607877";"";"";"DOCUMENTAÇÃO";"1,00";"360,0000";"UN";"0,0000";"2449"
"24845091553";"8352";"15/01/2026";"";"17820731098";"FLUIDMAX COMERCIO DE MATERIAIS DE CONSTRUCAO LIMITADA";"0,00";"PAGAR NO PRIMEIRO HORÁRIO

MATERIAL SOLICITADO PARA ATENDER A OBRA ZAVIT - 3260";"Cancelado";"9784826091";"0000000004010";"";"TUBO COBRE CLASSE E - 28MM";"3,00";"257,5300";"BR";"0,0000";"3260"
"24845091553";"8352";"15/01/2026";"";"17820731098";"FLUIDMAX COMERCIO DE MATERIAIS DE CONSTRUCAO LIMITADA";"0,00";"PAGAR NO PRIMEIRO HORÁRIO

MATERIAL SOLICITADO PARA ATENDER A OBRA ZAVIT - 3260";"Cancelado";"15845439338";"0000000000457";"";"CONECTOR COBRE FEMEA SEM ANEL 28MM X 1/2""";"3,00";"22,9600";"PC";"0,0000";"3260"
"24849439114";"8353";"16/01/2026";"";"15707683973";"SANTIL COMERCIAL ELETRICA LTDA";"0,00";"MATERIAL SOLICITADO PARA FAZER EXTENSÕES.";"Em aberto";"16543868876";"0000000004468";"";"CABO ELETRICO";"1,00";"432,8000";"VB";"0,0000";""
"24849439114";"8353";"16/01/2026";"";"15707683973";"SANTIL COMERCIAL ELETRICA LTDA";"0,00";"MATERIAL SOLICITADO PARA FAZER EXTENSÕES.";"Em aberto";"16591312974";"";"";"PLUG FEMEA 2P+T 10A 250V PT";"6,00";"4,1000";"PC";"0,0000";""
"24849439114";"8353";"16/01/2026";"";"15707683973";"SANTIL COMERCIAL ELETRICA LTDA";"0,00";"MATERIAL SOLICITADO PARA FAZER EXTENSÕES.";"Em aberto";"16591313293";"";"";"PLUG MACHO 2P+T 10A 250V PT";"6,00";"5,0000";"PC";"0,0000";""
"24849481909";"8354";"16/01/2026";"";"16874294220";"CLÍNICA LARGO TREZE";"0,00";"PEDIDO REFERENTE A ASO PARA EQUIPE DO ADACIEL/JULIO

FUNCIONARIO - VANDERSON";"Em aberto";"16365590662";"";"";"EXAMES";"1,00";"70,0000";"";"0,0000";"2449"
"24851945724";"8356";"16/01/2026";"";"9406825547";"CASA FARIA MATERIAIS HIDRAULICOS LTDA";"0,00";"MATERIAL SOLICITADO PARA ATENDER OBRA ZAVIT - 3260";"Atendido";"9784826091";"0000000004010";"";"TUBO COBRE CLASSE E - 28MM";"12,00";"62,7800";"MT";"0,0000";"3260"
"24851945724";"8356";"16/01/2026";"";"9406825547";"CASA FARIA MATERIAIS HIDRAULICOS LTDA";"0,00";"MATERIAL SOLICITADO PARA ATENDER OBRA ZAVIT - 3260";"Atendido";"15845439338";"0000000000457";"";"CONECTOR COBRE FEMEA SEM ANEL 28MM X 1/2""";"3,00";"14,7500";"PC";"0,0000";"3260"
"24851971138";"8357";"16/01/2026";"";"9406825547";"CASA FARIA MATERIAIS HIDRAULICOS LTDA";"0,00";"MATERIAL SOLICITADO PARA ATENDER OBRA HPBIO - 2789";"Atendido";"16259504417";"0000000001402";"";"ABRACADEIRA TIPO U 3""";"30,00";"4,2600";"PC";"0,0000";"2789"
"24851971138";"8357";"16/01/2026";"";"9406825547";"CASA FARIA MATERIAIS HIDRAULICOS LTDA";"0,00";"MATERIAL SOLICITADO PARA ATENDER OBRA HPBIO - 2789";"Atendido";"13524164407";"0000000000341";"";"ABRACADEIRA TIPO U 2""";"30,00";"3,2300";"PC";"0,0000";"2789"
"24851971138";"8357";"16/01/2026";"";"9406825547";"CASA FARIA MATERIAIS HIDRAULICOS LTDA";"0,00";"MATERIAL SOLICITADO PARA ATENDER OBRA HPBIO - 2789";"Atendido";"15964125982";"0000000000722";"";"ABRACADEIRA TIPO U 1""";"30,00";"0,7800";"PC";"0,0000";"2789"
"24872155245";"8358";"19/01/2026";"";"9406825547";"CASA FARIA MATERIAIS HIDRAULICOS LTDA";"0,00";"MATERIAL SOLICITADO REFERENTE A MATERIAL URGENTE PARA A OBRA JASMIM - 2652";"Em aberto";"16316044368";"0000000001693";"";"LUVA PVC PPR 32MM";"2,00";"3,1900";"PC";"0,0000";"2652"
"24872155245";"8358";"19/01/2026";"";"9406825547";"CASA FARIA MATERIAIS HIDRAULICOS LTDA";"0,00";"MATERIAL SOLICITADO REFERENTE A MATERIAL URGENTE PARA A OBRA JASMIM - 2652";"Em aberto";"10293298854";"0000000000176";"AM.CE.LU.05";"LUVA PVC BRANCO 100MM";"10,00";"4,6900";"PC";"0,0000";"2652"
"24872155245";"8358";"19/01/2026";"";"9406825547";"CASA FARIA MATERIAIS HIDRAULICOS LTDA";"0,00";"MATERIAL SOLICITADO REFERENTE A MATERIAL URGENTE PARA A OBRA JASMIM - 2652";"Em aberto";"16100229644";"0000000001005";"AM.CE.LU.03";"LUVA PVC BRANCO 75MM";"10,00";"4,5700";"PC";"0,0000";"2652"
"24877605902";"8359";"20/01/2026";"";"17117181382";"SECAVE PARAFUSOS E FERRAMENTAS";"0,00";"PEDIDO REALIZADO REFERENTE A OBRA HPBIO - 2789";"Em aberto";"16328779371";"0000000001901";"";"PARAFUSO 1/4";"100,00";"0,2200";"CT";"0,0000";"2789"
"24877605902";"8359";"20/01/2026";"";"17117181382";"SECAVE PARAFUSOS E FERRAMENTAS";"0,00";"PEDIDO REALIZADO REFERENTE A OBRA HPBIO - 2789";"Em aberto";"9895610720";"0000000004067";"";"PORCA SEXTAVADA 1/4""";"100,00";"0,1600";"PC";"0,0000";"2789"
"24877605902";"8359";"20/01/2026";"";"17117181382";"SECAVE PARAFUSOS E FERRAMENTAS";"0,00";"PEDIDO REALIZADO REFERENTE A OBRA HPBIO - 2789";"Em aberto";"16356861381";"0000000002217";"";"ARRUELA LISA 1/4";"100,00";"0,1200";"PC";"0,0000";"2789"
"24881677196";"8360";"20/01/2026";"";"12547815395";"CEMIL TUBOS E CONEXOES LTDA";"0,00";"MATERIAL SOLICITADO PARA INICIAR A OBRA ON RUNNING - 3310";"Em aberto";"16459404717";"0000000003171";"";"COTOVELO AÇO CARBONO PRETO BSP 1 1/4"" X 90º";"1,00";"20,7100";"PC";"0,0000";"3310"
"24881677196";"8360";"20/01/2026";"";"12547815395";"CEMIL TUBOS E CONEXOES LTDA";"0,00";"MATERIAL SOLICITADO PARA INICIAR A OBRA ON RUNNING - 3310";"Em aberto";"10024785352";"0000000000024";"";"COTOVELO ACO CARBONO PRETO BSP 2"" X 90º";"1,00";"46,4400";"PC";"0,0000";"3310"
"24881677196";"8360";"20/01/2026";"";"12547815395";"CEMIL TUBOS E CONEXOES LTDA";"0,00";"MATERIAL SOLICITADO PARA INICIAR A OBRA ON RUNNING - 3310";"Em aberto";"16459323146";"0000000003168";"";"TE AÇO CARBONO PRETO BSP 2"" X 1""";"9,00";"68,1700";"PÇ";"0,0000";"3310"
"24881677196";"8360";"20/01/2026";"";"12547815395";"CEMIL TUBOS E CONEXOES LTDA";"0,00";"MATERIAL SOLICITADO PARA INICIAR A OBRA ON RUNNING - 3310";"Em aberto";"16513949200";"0000000004205";"";"TE AÇO CARBONO PRETO BSP 1 1/2"" X 1""";"2,00";"42,3800";"PC";"0,0000";"3310"
"24881677196";"8360";"20/01/2026";"";"12547815395";"CEMIL TUBOS E CONEXOES LTDA";"0,00";"MATERIAL SOLICITADO PARA INICIAR A OBRA ON RUNNING - 3310";"Em aberto";"16319934309";"0000000001778";"";"BUCHA REDUCAO ACO CARBONO PRETO BSP 2"" X 1 1/2""";"5,00";"25,4200";"PC";"0,0000";"3310"
"24881677196";"8360";"20/01/2026";"";"12547815395";"CEMIL TUBOS E CONEXOES LTDA";"0,00";"MATERIAL SOLICITADO PARA INICIAR A OBRA ON RUNNING - 3310";"Em aberto";"16510149793";"0000000004120";"";"BUCHA REDUCAO ACO CARBONO PRETO BSP 1 1/2"" X 1 1/4""";"8,00";"19,7300";"PC";"0,0000";"3310"
"24881677196";"8360";"20/01/2026";"";"12547815395";"CEMIL TUBOS E CONEXOES LTDA";"0,00";"MATERIAL SOLICITADO PARA INICIAR A OBRA ON RUNNING - 3310";"Em aberto";"16124437876";"0000000001087";"";"TUBO ACO CARBONO PRETO C/C 5590 SCH10 - 4""";"6,00";"76,7200";"BR";"0,0000";"3310"
"24881677196";"8360";"20/01/2026";"";"12547815395";"CEMIL TUBOS E CONEXOES LTDA";"0,00";"MATERIAL SOLICITADO PARA INICIAR A OBRA ON RUNNING - 3310";"Em aberto";"16336351111";"0000000002016";"";"TUBO ACO CARBONO PRETO C/C 5590 SCH10 3""";"12,00";"60,1300";"";"0,0000";"3310"
"24881677196";"8360";"20/01/2026";"";"12547815395";"CEMIL TUBOS E CONEXOES LTDA";"0,00";"MATERIAL SOLICITADO PARA INICIAR A OBRA ON RUNNING - 3310";"Em aberto";"15964113687";"0000000000716";"";"TUBO ACO CARBONO PRETO 5580 - 1.1/2""";"24,00";"33,4300";"BR";"0,0000";"3310"
"24881677196";"8360";"20/01/2026";"";"12547815395";"CEMIL TUBOS E CONEXOES LTDA";"0,00";"MATERIAL SOLICITADO PARA INICIAR A OBRA ON RUNNING - 3310";"Em aberto";"15964114753";"0000000000718";"";"TUBO ACO CARBONO PRETO 5580  1""";"54,00";"22,3400";"MT";"0,0000";"3310"
"24881677196";"8360";"20/01/2026";"";"12547815395";"CEMIL TUBOS E CONEXOES LTDA";"0,00";"MATERIAL SOLICITADO PARA INICIAR A OBRA ON RUNNING - 3310";"Em aberto";"9763927236";"0000000004001";"";"ABRAÇADEIRA ECONOMICA 1""";"20,00";"1,0600";"PC";"0,0000";"3310"
"24881677196";"8360";"20/01/2026";"";"12547815395";"CEMIL TUBOS E CONEXOES LTDA";"0,00";"MATERIAL SOLICITADO PARA INICIAR A OBRA ON RUNNING - 3310";"Em aberto";"14382817686";"0000000000384";"";"PLUG AÇO CARBONO PRETO BSP 1/2""";"25,00";"2,4900";"PC";"0,0000";"3310"
"24881677196";"8360";"20/01/2026";"";"12547815395";"CEMIL TUBOS E CONEXOES LTDA";"0,00";"MATERIAL SOLICITADO PARA INICIAR A OBRA ON RUNNING - 3310";"Em aberto";"15964113168";"0000000000715";"";"TUBO ACO CARBONO PRETO 5580 - 2""";"12,00";"45,3400";"BR";"0,0000";"3310"
"24888029585";"8361";"21/01/2026";"";"17713182428";"Thailane Bispo Santos (BILU)";"0,00";"PAGAMENTO REFERENTE A DESPESAS DE ALIMENTAÇÃO E MOBILIDADE NA OBRA HPBIO - 2789";"Em aberto";"16357119601";"";"";"EMPREITA";"1,00";"200,0000";"";"0,0000";"2789"
"24889270985";"8362";"21/01/2026";"";"12547960790";"ACOS FERNANDES TUBOS E CONEXOES LTDA";"0,00";"MATERIAL SOLICITADO PARA INICIO DA OBRA ON RUNNING - 3310";"Em aberto";"16085253638";"0000000000946";"";"COTOVELO RANHURADO 4"" X 90º";"3,00";"41,1300";"PC";"0,0000";"3310"
"24889270985";"8362";"21/01/2026";"";"12547960790";"ACOS FERNANDES TUBOS E CONEXOES LTDA";"0,00";"MATERIAL SOLICITADO PARA INICIO DA OBRA ON RUNNING - 3310";"Em aberto";"16054947472";"0000000000846";"";"ACOPLAMENTO FLEXIVEL 4"" (114MM)";"4,00";"26,5700";"PC";"0,0000";"3310"
"24889270985";"8362";"21/01/2026";"";"12547960790";"ACOS FERNANDES TUBOS E CONEXOES LTDA";"0,00";"MATERIAL SOLICITADO PARA INICIO DA OBRA ON RUNNING - 3310";"Em aberto";"16167320889";"0000000001129";"";"ACOPLAMENTO FLEXIVEL 3"" X 2.1/2""(73MM)";"1,00";"43,0200";"PC";"0,0000";"3310"
"24889270985";"8362";"21/01/2026";"";"12547960790";"ACOS FERNANDES TUBOS E CONEXOES LTDA";"0,00";"MATERIAL SOLICITADO PARA INICIO DA OBRA ON RUNNING - 3310";"Em aberto";"16520013726";"0000000004329";"";"TE MECANICO ROSCA 3"" X 2""";"4,00";"32,2200";"PC";"0,0000";"3310"
"24889270985";"8362";"21/01/2026";"";"12547960790";"ACOS FERNANDES TUBOS E CONEXOES LTDA";"0,00";"MATERIAL SOLICITADO PARA INICIO DA OBRA ON RUNNING - 3310";"Em aberto";"16342487745";"0000000002118";"";"TE MECANICO ROSCA 2 1/2(73MM) X 2""";"1,00";"32,9100";"PC";"0,0000";"3310"
"24889270985";"8362";"21/01/2026";"";"12547960790";"ACOS FERNANDES TUBOS E CONEXOES LTDA";"0,00";"MATERIAL SOLICITADO PARA INICIO DA OBRA ON RUNNING - 3310";"Em aberto";"9194015725";"0000000003729";"";"SPRINKLER PENDENTE RESPOSTA PADRÃO - 68º X 1/2"" - K80";"20,00";"21,0000";"PC";"0,0000";"3310"
"24889270985";"8362";"21/01/2026";"";"12547960790";"ACOS FERNANDES TUBOS E CONEXOES LTDA";"0,00";"MATERIAL SOLICITADO PARA INICIO DA OBRA ON RUNNING - 3310";"Em aberto";"16158257396";"";"";"IMPOSTOS";"1,00";"27,7700";"um";"0,0000";"3310"
"24889524194";"8363";"21/01/2026";"";"17633212980";"Epi Interlagos Comercio de Produtos Ltda";"0,00";"SOLICITAÇÃO FEITA PELO RH PARA O COLABORADOR MANUEL(CHILENO) QUE ALEGOU TER RASGADO A BOTA.";"Em aberto";"16417313040";"0000000002873";"EPI-010439";"BOTA NOBUCK BRACOL";"1,00";"129,9900";"PC";"0,0000";""
"24891353295";"8364";"21/01/2026";"";"9406825547";"CASA FARIA MATERIAIS HIDRAULICOS LTDA";"0,00";"MATERIAL SOLICITADO PARA A OBRA HPBIO - 2789";"Em aberto";"14382817686";"0000000000384";"";"PLUG AÇO CARBONO PRETO BSP 1/2""";"20,00";"1,6100";"PC";"0,0000";"2789"
"24891353295";"8364";"21/01/2026";"";"9406825547";"CASA FARIA MATERIAIS HIDRAULICOS LTDA";"0,00";"MATERIAL SOLICITADO PARA A OBRA HPBIO - 2789";"Em aberto";"9113454981";"0000000003686";"";"DISCO DE CORTE 4.1/2""";"10,00";"1,9000";"UN";"0,0000";"2789"
"24896073602";"8366";"22/01/2026";"";"17509564092";"61.572.068 WILLIAN SOUSA ROCHA (PJ)";"0,00";"REEMBOLSO REFERENTE A COMPRA DO BARBANTE PARA A OBRA ON RUNNING - 3310";"Em aberto";"9084675624";"";"";"REEMBOLSO";"1,00";"23,0000";"VB";"0,0000";"3310"
"24896213352";"8367";"22/01/2026";"";"17631611996";"JOSÉ RIBAMAR PEREIRA (CLT)";"0,00";"REEMBOLSO REFERENTE A MATERIAL COMPRADO PARA ATENDER OBRA HPBIO - 2789";"Em aberto";"9084675624";"";"";"REEMBOLSO";"1,00";"23,4000";"VB";"0,0000";"2789"
"24896241985";"8368";"22/01/2026";"";"17631611996";"JOSÉ RIBAMAR PEREIRA (CLT)";"0,00";"REEMBOLSO REFERENTE A MATERIAL COMPRADO PARA ATENDER OBRA HPBIO - 2789";"Em aberto";"9084675624";"";"";"REEMBOLSO";"1,00";"8,9200";"VB";"0,0000";"2789"
"24896273031";"8369";"22/01/2026";"";"17631611996";"JOSÉ RIBAMAR PEREIRA (CLT)";"0,00";"REEMBOLSO REFERENTE A COMPRA DE MATERIAIS PARA ATENDER A OBRA BOGOSIAN - 1783";"Em aberto";"9084675624";"";"";"REEMBOLSO";"1,00";"49,7900";"VB";"0,0000";"1783"
"24897095386";"8370";"22/01/2026";"";"16874294220";"CLÍNICA LARGO TREZE";"0,00";"PEDIDO REALIZADO REFERENTE A ASO PARA A EQUIPE DO ADACIEL/JULIO PARA A OBRA JANDAIA - 2449
FUNCIONÁRIO: WEVLLYN SOUZA DA SILVA";"Em aberto";"16365590662";"";"";"EXAMES";"1,00";"70,0000";"";"0,0000";"2449"
"24897162224";"8371";"22/01/2026";"";"10499996535";"HIDRO - JET - COMERCIAL LTDA";"0,00";"PEDIDO REFERENTE A MANUTENÇÃO DE BOMBAS";"Em aberto";"16013100034";"";"";"MANUTENÇÃO DE BOMBA";"1,00";"1.345,0000";"VB";"0,0000";""
"24897182895";"8372";"22/01/2026";"";"10499996535";"HIDRO - JET - COMERCIAL LTDA";"0,00";"PEDIDO REFERENTE A MANUTENÇÃO DE BOMBAS";"Em aberto";"16013100034";"";"";"MANUTENÇÃO DE BOMBA";"1,00";"637,0000";"VB";"0,0000";""
"24897193160";"8373";"22/01/2026";"";"10499996535";"HIDRO - JET - COMERCIAL LTDA";"0,00";"PEDIDO REFERENTE A MANUTENÇÃO DE BOMBAS";"Em aberto";"16013100034";"";"";"MANUTENÇÃO DE BOMBA";"1,00";"1.303,0000";"VB";"0,0000";""
"24898425103";"8374";"22/01/2026";"";"17817241141";"JUND-LOC LOCAÇÕES DE CONTAINER LTDA";"0,00";"RENOVAÇÃO DO CONTAINER SOLICITADO PARA ATENDER NECESSIDADES NA OBRA JANDAIA - 2449

OBS - EM NOME DA BIGPAR";"Em aberto";"16573863767";"";"";"LOCAÇÃO DE MAQUINARIO";"1,00";"360,0000";"VB";"0,0000";"2449"
"24898438101";"8375";"22/01/2026";"";"17817241141";"JUND-LOC LOCAÇÕES DE CONTAINER LTDA";"0,00";"RENOVAÇÃO DO CONTAINER SOLICITADO PARA ATENDER NECESSIDADES NA OBRA JANDAIA - 2449

OBS - EM NOME DA BIGPAR";"Em aberto";"16573863767";"";"";"LOCAÇÃO DE MAQUINARIO";"1,00";"550,0000";"VB";"0,0000";"2449"
"24900081214";"8376";"22/01/2026";"";"15888987307";"ATACADAO S.A.";"0,00";"PEDIDO REFERENTE A COMPRA DE PLANTAS PARA BRINDES";"Em aberto";"16277772817";"";"";"BRINDE";"1,00";"33,0000";"un";"0,0000";""
"24900549405";"8377";"22/01/2026";"";"16294523222";"SIDEILTON PROSPERO DA ROCHA";"0,00";"PEDIDO REFERENTE A EMPREITA REALIZADA NA OBRA ON RUNNING - 3110";"Em aberto";"16357119601";"";"";"EMPREITA";"1,00";"14.500,0000";"";"0,0000";"3310"
"24901034588";"8378";"22/01/2026";"";"16893479316";"MERCADO LIVRE";"0,00";"PEDIDO REFERENTE A COMPRA DE PLACA PARA A PORTA (ESCRITÓRIO).";"Em aberto";"16277884578";"";"";"MATERIAIS PARA ESCRITORIO";"1,00";"23,8300";"UN";"0,0000";""
"24901149803";"8379";"22/01/2026";"";"17914715594";"WESLEY LIMA DA SILVA";"0,00";"PEDIDO REFERENTE A EMPREITA REALIZADA NA OBRA JASMIM - 2652";"Em aberto";"16357119601";"";"";"EMPREITA";"1,00";"6.000,0000";"";"0,0000";"2652"
"24905937435";"8380";"23/01/2026";"";"15707888196";"CASA TOGNINI MATERIAIS HID E SANIT LTDA";"0,00";"MATERIAL SOLICITADO PARA ATENDER URGENCIA NA OBRA JASMIM - 2652";"Em aberto";"9784767702";"0000000004008";"";"COTOVELO PVC BRANCO 40MM X 90° COM ANEL LABIAL";"10,00";"1,3300";"PC";"0,0000";"2652"
"24905937435";"8380";"23/01/2026";"";"15707888196";"CASA TOGNINI MATERIAIS HID E SANIT LTDA";"0,00";"MATERIAL SOLICITADO PARA ATENDER URGENCIA NA OBRA JASMIM - 2652";"Em aberto";"16273522624";"0000000001477";"";"LUVA PVC SILENTIUM 100MM";"20,00";"10,2700";"PC";"0,0000";"2652"
"24905937435";"8380";"23/01/2026";"";"15707888196";"CASA TOGNINI MATERIAIS HID E SANIT LTDA";"0,00";"MATERIAL SOLICITADO PARA ATENDER URGENCIA NA OBRA JASMIM - 2652";"Em aberto";"16316044368";"0000000001693";"";"LUVA PVC PPR 32MM";"20,00";"3,3800";"PC";"0,0000";"2652"
"24905937435";"8380";"23/01/2026";"";"15707888196";"CASA TOGNINI MATERIAIS HID E SANIT LTDA";"0,00";"MATERIAL SOLICITADO PARA ATENDER URGENCIA NA OBRA JASMIM - 2652";"Em aberto";"16445660401";"0000000003040";"";"LUVA PVC PPR 25MM";"10,00";"1,7700";"PC";"0,0000";"2652"
"24905937435";"8380";"23/01/2026";"";"15707888196";"CASA TOGNINI MATERIAIS HID E SANIT LTDA";"0,00";"MATERIAL SOLICITADO PARA ATENDER URGENCIA NA OBRA JASMIM - 2652";"Em aberto";"16273528029";"0000000001486";"";"TUBO PVC SILENTIUM 100MM";"4,00";"201,7700";"BR";"0,0000";"2652"
"24905937435";"8380";"23/01/2026";"";"15707888196";"CASA TOGNINI MATERIAIS HID E SANIT LTDA";"0,00";"MATERIAL SOLICITADO PARA ATENDER URGENCIA NA OBRA JASMIM - 2652";"Em aberto";"16272632916";"0000000001454";"";"TUBO PVC SILENTIUM 75MM";"2,00";"141,2600";"BR";"0,0000";"2652"
"24905937435";"8380";"23/01/2026";"";"15707888196";"CASA TOGNINI MATERIAIS HID E SANIT LTDA";"0,00";"MATERIAL SOLICITADO PARA ATENDER URGENCIA NA OBRA JASMIM - 2652";"Em aberto";"16338049177";"0000000002043";"";"COTOVELO PVC SILENTIUM 100MM X 90°";"6,00";"16,1700";"PC";"0,0000";"2652"
"24905937435";"8380";"23/01/2026";"";"15707888196";"CASA TOGNINI MATERIAIS HID E SANIT LTDA";"0,00";"MATERIAL SOLICITADO PARA ATENDER URGENCIA NA OBRA JASMIM - 2652";"Em aberto";"16327951994";"0000000001887";"";"COTOVELO PVC SILENTIUM 100MM X 45°";"16,00";"15,5500";"PC";"0,0000";"2652"
"24905937435";"8380";"23/01/2026";"";"15707888196";"CASA TOGNINI MATERIAIS HID E SANIT LTDA";"0,00";"MATERIAL SOLICITADO PARA ATENDER URGENCIA NA OBRA JASMIM - 2652";"Em aberto";"16362541699";"0000000002495";"";"ANEL DE BORRACHA 75MM";"30,00";"0,9000";"PC";"0,0000";"2652"
"24905937435";"8380";"23/01/2026";"";"15707888196";"CASA TOGNINI MATERIAIS HID E SANIT LTDA";"0,00";"MATERIAL SOLICITADO PARA ATENDER URGENCIA NA OBRA JASMIM - 2652";"Em aberto";"16432843143";"0000000002929";"";"COTOVELO PVC MARROM 32MM X 90°";"10,00";"1,9300";"PC";"0,0000";"2652"
"24906400571";"8382";"23/01/2026";"";"16956290851";"SHIRLEY SALGADOS E BOLOS";"0,00";"PEDIDO REFERENTE A PAGAMENTO DA DIFERENÇA DOS SALGADOS";"Em aberto";"16414311383";"";"";"SALGADOS";"1,00";"8,7500";"CT";"0,0000";""
"24906785206";"8383";"23/01/2026";"";"17713182428";"Thailane Bispo Santos (BILU)";"0,00";"PEDIDO SOLICITADO REFERENTE A EMPREITA NA OBRA HPBIO - 2789";"Em aberto";"16357119601";"";"";"EMPREITA";"1,00";"600,0000";"";"0,0000";"2789"
"24907014667";"8384";"23/01/2026";"";"9120546018";"MARCIO LEITE FELIX - MATERIAL";"0,00";"REEMBOLSO REFERENTE A MATERIAL COMPRADO COM URGENCIA NA RIMAR PARA A OBRA JANDAIA - 2449";"Em aberto";"9084675624";"";"";"REEMBOLSO";"1,00";"179,5300";"VB";"0,0000";"2449"
"24908840582";"8385";"23/01/2026";"";"9120546018";"MARCIO LEITE FELIX - MATERIAL";"0,00";"REEMBOLSO REFERENTE A COMPRA FEITA PARA A OBRA ON RUNNING - EPI INTERLAGOS";"Em aberto";"9084675624";"";"";"REEMBOLSO";"1,00";"307,2000";"VB";"0,0000";"3310"
"24908906545";"8386";"23/01/2026";"";"9120546018";"MARCIO LEITE FELIX - MATERIAL";"0,00";"REEMBOLSO REFERENTE A COMPRA FEITA PARA A OBRA ON RUNNING - CASA FARIA";"Em aberto";"9084675624";"";"";"REEMBOLSO";"1,00";"307,2000";"VB";"0,0000";"3310"
"24908925470";"8387";"23/01/2026";"";"9120546018";"MARCIO LEITE FELIX - MATERIAL";"0,00";"REEMBOLSO REFERENTE A COMPRA FEITA PARA A OBRA ON RUNNING - SANTIL";"Em aberto";"16357119601";"";"";"EMPREITA";"1,00";"34,6000";"";"0,0000";"3310"
"24908934145";"8388";"23/01/2026";"";"9120546018";"MARCIO LEITE FELIX - MATERIAL";"0,00";"REEMBOLSO REFERENTE A COMPRA FEITA PARA A OBRA ON RUNNING - RIMAR";"Em aberto";"16357119601";"";"";"EMPREITA";"1,00";"123,5700";"";"0,0000";"3310"
"24909040582";"8389";"23/01/2026";"";"9168691350";"CMHF COMERCIO E SERVICOS EIRELI";"0,00";"PEDIDO REFERENTE A COMPRA DE BEBIDAS PARA CONFRATERNIZAÇÃO NA EMPRESA";"Em aberto";"16365614683";"";"";"BEBIDAS";"1,00";"27,9700";"FD";"0,0000";""
"24909224793";"8390";"23/01/2026";"";"15846388423";"NILMAQ LOCACAO, MANUTENCAO E VENDAS DE MAQUINAS LTDA";"0,00";"PEDIDO REFERENTE A MANUTENÇÃO DA ROSQUEADEIRA

ORÇAMENTO NO VALOR DE R$1.415,00
ORÇAMENTO COM DESCONTO - R$1.200,00";"Em aberto";"16024073100";"";"";"MANUTENÇÃO ROSQUEADEIRA";"1,00";"1.200,0000";"VB";"0,0000";""
"24909868350";"8391";"23/01/2026";"";"17916633332";"WT ARTEFATOS EM ACO INOX LTDA";"0,00";"PEDIDO REFERENTE A VENDA - 1399";"Em aberto";"16594665413";"0000000004615";"";"MOLDURA P/ HIDRANTE EMBUTIR C/ PORTAINOX E VISOR ACRILICO 95X65X17";"5,00";"800,0000";"PC";"0,0000";"P1399"
"24922950373";"8392";"26/01/2026";"";"9120546018";"MARCIO LEITE FELIX - MATERIAL";"0,00";"REEMBOLSO REFERENTE AO VEICULO ALUGADO + PEDÁGIO + COMBUSTIVEL";"Em aberto";"9084675624";"";"";"REEMBOLSO";"1,00";"1.090,0000";"VB";"0,0000";""
"24925115930";"8393";"26/01/2026";"";"9228469919";"DONEGA BOLOS LTDA";"0,00";"PEDIDO REFERENTE A CONFRATERNIZAÇÃO COM A CICLOS.";"Em aberto";"16357417713";"";"";"CONFRATERNIZAÇÃO";"1,00";"44,0000";"";"0,0000";""
"24925304944";"8394";"26/01/2026";"";"15525702206";"COMERCIAL RIMAR LTDA";"0,00";"MATERIAL SOLICITADO PARA ATENDER OBRA ON RUNNING - 3110

BOLETO FOI PRORROGADO POIS A SAENG NÃO QUIS REALIZAR O PAGAMENTO

CMHF FICARÁ RESPONSÁVEL PELO PAGAMENTO.";"Em aberto";"16463327807";"0000000003186";"";"BUCHA REDUCAO AÇO CARBONO PRETO BSP 1"" X 1/2""";"45,00";"7,9700";"PC";"0,0000";"3310"
"24925304944";"8394";"26/01/2026";"";"15525702206";"COMERCIAL RIMAR LTDA";"0,00";"MATERIAL SOLICITADO PARA ATENDER OBRA ON RUNNING - 3110

BOLETO FOI PRORROGADO POIS A SAENG NÃO QUIS REALIZAR O PAGAMENTO

CMHF FICARÁ RESPONSÁVEL PELO PAGAMENTO.";"Em aberto";"16019664806";"0000000000751";"";"TE RANHURADO 3""";"1,00";"45,4900";"PC";"0,0000";"3310"
"24925304944";"8394";"26/01/2026";"";"15525702206";"COMERCIAL RIMAR LTDA";"0,00";"MATERIAL SOLICITADO PARA ATENDER OBRA ON RUNNING - 3110

BOLETO FOI PRORROGADO POIS A SAENG NÃO QUIS REALIZAR O PAGAMENTO

CMHF FICARÁ RESPONSÁVEL PELO PAGAMENTO.";"Em aberto";"16479494379";"0000000003267";"";"VALVULA GLOBO ANGULAR 2.1/2"" X 45º (73MM)";"2,00";"156,0000";"PC";"0,0000";"3310"
"24925304944";"8394";"26/01/2026";"";"15525702206";"COMERCIAL RIMAR LTDA";"0,00";"MATERIAL SOLICITADO PARA ATENDER OBRA ON RUNNING - 3110

BOLETO FOI PRORROGADO POIS A SAENG NÃO QUIS REALIZAR O PAGAMENTO

CMHF FICARÁ RESPONSÁVEL PELO PAGAMENTO.";"Em aberto";"16167320889";"0000000001129";"";"ACOPLAMENTO FLEXIVEL 3"" X 2.1/2""(73MM)";"2,00";"40,5400";"PC";"0,0000";"3310"
"24925304944";"8394";"26/01/2026";"";"15525702206";"COMERCIAL RIMAR LTDA";"0,00";"MATERIAL SOLICITADO PARA ATENDER OBRA ON RUNNING - 3110

BOLETO FOI PRORROGADO POIS A SAENG NÃO QUIS REALIZAR O PAGAMENTO

CMHF FICARÁ RESPONSÁVEL PELO PAGAMENTO.";"Em aberto";"9835241689";"0000000004033";"";"MANGUEIRA TIPO 1. - 1.1/2"" X 15MT";"4,00";"295,8400";"PC";"0,0000";"3310"
"24925304944";"8394";"26/01/2026";"";"15525702206";"COMERCIAL RIMAR LTDA";"0,00";"MATERIAL SOLICITADO PARA ATENDER OBRA ON RUNNING - 3110

BOLETO FOI PRORROGADO POIS A SAENG NÃO QUIS REALIZAR O PAGAMENTO

CMHF FICARÁ RESPONSÁVEL PELO PAGAMENTO.";"Em aberto";"15186105786";"0000000000415";"";"ESGUICHO REGULAVEL - 1.1/2"" LATÃO";"2,00";"118,6700";"PC";"0,0000";"3310"
"24925304944";"8394";"26/01/2026";"";"15525702206";"COMERCIAL RIMAR LTDA";"0,00";"MATERIAL SOLICITADO PARA ATENDER OBRA ON RUNNING - 3110

BOLETO FOI PRORROGADO POIS A SAENG NÃO QUIS REALIZAR O PAGAMENTO

CMHF FICARÁ RESPONSÁVEL PELO PAGAMENTO.";"Em aberto";"10084989571";"0000000000128";"";"ADAPTADOR STORZ 2 1/2"" X 1 1/2"" LATÃO";"2,00";"52,7500";"PC";"0,0000";"3310"
"24925304944";"8394";"26/01/2026";"";"15525702206";"COMERCIAL RIMAR LTDA";"0,00";"MATERIAL SOLICITADO PARA ATENDER OBRA ON RUNNING - 3110

BOLETO FOI PRORROGADO POIS A SAENG NÃO QUIS REALIZAR O PAGAMENTO

CMHF FICARÁ RESPONSÁVEL PELO PAGAMENTO.";"Em aberto";"9131348085";"0000000003713";"";"TAMPAO STORZ LATAO 1.1/2""";"2,00";"59,6000";"PC";"0,0000";"3310"
"24925304944";"8394";"26/01/2026";"";"15525702206";"COMERCIAL RIMAR LTDA";"0,00";"MATERIAL SOLICITADO PARA ATENDER OBRA ON RUNNING - 3110

BOLETO FOI PRORROGADO POIS A SAENG NÃO QUIS REALIZAR O PAGAMENTO

CMHF FICARÁ RESPONSÁVEL PELO PAGAMENTO.";"Em aberto";"12329219101";"0000000000285";"";"CHAVE STORZ DUPLA 2.1/2"" X 1.1/2"" - LATÃO";"3,00";"14,5600";"PC";"0,0000";"3310"
"24925304944";"8394";"26/01/2026";"";"15525702206";"COMERCIAL RIMAR LTDA";"0,00";"MATERIAL SOLICITADO PARA ATENDER OBRA ON RUNNING - 3110

BOLETO FOI PRORROGADO POIS A SAENG NÃO QUIS REALIZAR O PAGAMENTO

CMHF FICARÁ RESPONSÁVEL PELO PAGAMENTO.";"Em aberto";"15964112596";"0000000000714";"TP001J";"TUBO ACO CARBONO PRETO 5580 - 3""";"5,00";"398,5000";"BR";"0,0000";"3310"
"24925304944";"8394";"26/01/2026";"";"15525702206";"COMERCIAL RIMAR LTDA";"0,00";"MATERIAL SOLICITADO PARA ATENDER OBRA ON RUNNING - 3110

BOLETO FOI PRORROGADO POIS A SAENG NÃO QUIS REALIZAR O PAGAMENTO

CMHF FICARÁ RESPONSÁVEL PELO PAGAMENTO.";"Em aberto";"15964113687";"0000000000716";"";"TUBO ACO CARBONO PRETO 5580 - 1.1/2""";"2,00";"202,2100";"BR";"0,0000";"3310"
"24925304944";"8394";"26/01/2026";"";"15525702206";"COMERCIAL RIMAR LTDA";"0,00";"MATERIAL SOLICITADO PARA ATENDER OBRA ON RUNNING - 3110

BOLETO FOI PRORROGADO POIS A SAENG NÃO QUIS REALIZAR O PAGAMENTO

CMHF FICARÁ RESPONSÁVEL PELO PAGAMENTO.";"Em aberto";"16158257396";"";"";"IMPOSTOS";"1,00";"4,1200";"um";"0,0000";"3310"
"24926820936";"8395";"26/01/2026";"";"9406825547";"CASA FARIA MATERIAIS HIDRAULICOS LTDA";"0,00";"MATERIAL SOLICITADO PARA ATENDER OBRA ON RUNNING - 3310

COMPRA FEITA NO CRÉDITO REFERENTE A PAGAMENTO FEITO ERRADO NO DIA 23/01/2025

SALDO ANTERIOR: R$201,63
VALOR GASTO: R$95,67
SALDO ATUAL: R$105,96";"Em aberto";"16046591517";"0000000000801";"";"ABRACADEIRA UNIAO HORIZONTAL - 1""";"2,00";"0,0000";"PC";"0,0000";"3310"
"24926820936";"8395";"26/01/2026";"";"9406825547";"CASA FARIA MATERIAIS HIDRAULICOS LTDA";"0,00";"MATERIAL SOLICITADO PARA ATENDER OBRA ON RUNNING - 3310

COMPRA FEITA NO CRÉDITO REFERENTE A PAGAMENTO FEITO ERRADO NO DIA 23/01/2025

SALDO ANTERIOR: R$201,63
VALOR GASTO: R$95,67
SALDO ATUAL: R$105,96";"Em aberto";"16042666483";"0000000000788";"";"MANOMETRO DN 63 S/VERT.SECO.NPT 1/4 0 A 10KG";"1,00";"0,0100";"";"0,0000";"3310"
"24926956350";"8396";"26/01/2026";"";"15525702206";"COMERCIAL RIMAR LTDA";"0,00";"POR FAVOR, PAGAR NO PRIMEIRO HORÁRIO

MATERIAL SOLICITADO PARA ATENDER A OBRA ON RUNNING - 3110";"Em aberto";"16518574479";"0000000004308";"";"ACOPLAMENTO FLEXIVEL 2 1/2""(76MM) X 2 1/2""(73MM)";"1,00";"35,6600";"PC";"0,0000";"3310"
"24926956350";"8396";"26/01/2026";"";"15525702206";"COMERCIAL RIMAR LTDA";"0,00";"POR FAVOR, PAGAR NO PRIMEIRO HORÁRIO

MATERIAL SOLICITADO PARA ATENDER A OBRA ON RUNNING - 3110";"Em aberto";"16336917237";"0000000002031";"";"ACOPLAMENTO FLEXIVEL 2.1/2""(76MM) X 2""";"1,00";"36,8000";"PC";"0,0000";"3310"
"24926956350";"8396";"26/01/2026";"";"15525702206";"COMERCIAL RIMAR LTDA";"0,00";"POR FAVOR, PAGAR NO PRIMEIRO HORÁRIO

MATERIAL SOLICITADO PARA ATENDER A OBRA ON RUNNING - 3110";"Em aberto";"16158257396";"";"";"IMPOSTOS";"1,00";"2,3600";"um";"0,0000";"3310"
"24927456682";"8397";"26/01/2026";"";"15707888196";"CASA TOGNINI MATERIAIS HID E SANIT LTDA";"0,00";"MATERIAL SOLICITADO PARA ATENDER OBRA JASMIM - 2652";"Em aberto";"9784767702";"0000000004008";"";"COTOVELO PVC BRANCO 40MM X 90° COM ANEL LABIAL";"10,00";"1,2800";"PC";"0,0000";"2652"
"24927456682";"8397";"26/01/2026";"";"15707888196";"CASA TOGNINI MATERIAIS HID E SANIT LTDA";"0,00";"MATERIAL SOLICITADO PARA ATENDER OBRA JASMIM - 2652";"Em aberto";"16273522624";"0000000001477";"";"LUVA PVC SILENTIUM 100MM";"20,00";"9,9000";"PC";"0,0000";"2652"
"24927456682";"8397";"26/01/2026";"";"15707888196";"CASA TOGNINI MATERIAIS HID E SANIT LTDA";"0,00";"MATERIAL SOLICITADO PARA ATENDER OBRA JASMIM - 2652";"Em aberto";"16316044368";"0000000001693";"";"LUVA PVC PPR 32MM";"20,00";"3,2500";"PC";"0,0000";"2652"
"24927456682";"8397";"26/01/2026";"";"15707888196";"CASA TOGNINI MATERIAIS HID E SANIT LTDA";"0,00";"MATERIAL SOLICITADO PARA ATENDER OBRA JASMIM - 2652";"Em aberto";"16445660401";"0000000003040";"";"LUVA PVC PPR 25MM";"10,00";"1,7100";"PC";"0,0000";"2652"
"24927456682";"8397";"26/01/2026";"";"15707888196";"CASA TOGNINI MATERIAIS HID E SANIT LTDA";"0,00";"MATERIAL SOLICITADO PARA ATENDER OBRA JASMIM - 2652";"Em aberto";"16273528029";"0000000001486";"";"TUBO PVC SILENTIUM 100MM";"4,00";"194,4800";"BR";"0,0000";"2652"
"24927456682";"8397";"26/01/2026";"";"15707888196";"CASA TOGNINI MATERIAIS HID E SANIT LTDA";"0,00";"MATERIAL SOLICITADO PARA ATENDER OBRA JASMIM - 2652";"Em aberto";"16272632916";"0000000001454";"";"TUBO PVC SILENTIUM 75MM";"2,00";"136,1500";"BR";"0,0000";"2652"
"24927456682";"8397";"26/01/2026";"";"15707888196";"CASA TOGNINI MATERIAIS HID E SANIT LTDA";"0,00";"MATERIAL SOLICITADO PARA ATENDER OBRA JASMIM - 2652";"Em aberto";"16338049177";"0000000002043";"";"COTOVELO PVC SILENTIUM 100MM X 90°";"6,00";"15,5800";"PC";"0,0000";"2652"
"24927456682";"8397";"26/01/2026";"";"15707888196";"CASA TOGNINI MATERIAIS HID E SANIT LTDA";"0,00";"MATERIAL SOLICITADO PARA ATENDER OBRA JASMIM - 2652";"Em aberto";"16327951994";"0000000001887";"";"COTOVELO PVC SILENTIUM 100MM X 45°";"16,00";"14,9900";"PC";"0,0000";"2652"
"24927456682";"8397";"26/01/2026";"";"15707888196";"CASA TOGNINI MATERIAIS HID E SANIT LTDA";"0,00";"MATERIAL SOLICITADO PARA ATENDER OBRA JASMIM - 2652";"Em aberto";"16362541699";"0000000002495";"";"ANEL DE BORRACHA 75MM";"30,00";"0,8700";"PC";"0,0000";"2652"
"24927456682";"8397";"26/01/2026";"";"15707888196";"CASA TOGNINI MATERIAIS HID E SANIT LTDA";"0,00";"MATERIAL SOLICITADO PARA ATENDER OBRA JASMIM - 2652";"Em aberto";"16432843143";"0000000002929";"";"COTOVELO PVC MARROM 32MM X 90°";"20,00";"1,8600";"PC";"0,0000";"2652"
"24927456682";"8397";"26/01/2026";"";"15707888196";"CASA TOGNINI MATERIAIS HID E SANIT LTDA";"0,00";"MATERIAL SOLICITADO PARA ATENDER OBRA JASMIM - 2652";"Em aberto";"16172565506";"0000000001163";"";"COTOVELO PVC MARROM 40MM x 90°";"3,00";"3,4900";"PC";"0,0000";"2652"
"24927456682";"8397";"26/01/2026";"";"15707888196";"CASA TOGNINI MATERIAIS HID E SANIT LTDA";"0,00";"MATERIAL SOLICITADO PARA ATENDER OBRA JASMIM - 2652";"Em aberto";"16095847732";"0000000000968";"000000000000011643";"COTOVELO PVC MARROM 32MM X 45º";"6,00";"3,5200";"PC";"0,0000";"2652"
"24927456682";"8397";"26/01/2026";"";"15707888196";"CASA TOGNINI MATERIAIS HID E SANIT LTDA";"0,00";"MATERIAL SOLICITADO PARA ATENDER OBRA JASMIM - 2652";"Em aberto";"9858779822";"0000000004034";"000000000000010459-M";"TUBO PVC MARROM - 32MM";"2,00";"41,6200";"BR";"0,0000";"2652"
"24927456682";"8397";"26/01/2026";"";"15707888196";"CASA TOGNINI MATERIAIS HID E SANIT LTDA";"0,00";"MATERIAL SOLICITADO PARA ATENDER OBRA JASMIM - 2652";"Em aberto";"9787367587";"0000000004016";"";"TUBO PVC MARROM - 50MM";"2,00";"71,0300";"BR";"0,0000";"2652"
"24927456682";"8397";"26/01/2026";"";"15707888196";"CASA TOGNINI MATERIAIS HID E SANIT LTDA";"0,00";"MATERIAL SOLICITADO PARA ATENDER OBRA JASMIM - 2652";"Em aberto";"16291979083";"0000000001504";"";"TUBO PVC MARROM - 40MM";"2,00";"64,7500";"BR";"0,0000";"2652"
"24927456682";"8397";"26/01/2026";"";"15707888196";"CASA TOGNINI MATERIAIS HID E SANIT LTDA";"0,00";"MATERIAL SOLICITADO PARA ATENDER OBRA JASMIM - 2652";"Em aberto";"16517976815";"0000000004253";"";"TE PVC MARROM 50 x 32MM";"2,00";"9,7400";"PC";"0,0000";"2652"
"24927456682";"8397";"26/01/2026";"";"15707888196";"CASA TOGNINI MATERIAIS HID E SANIT LTDA";"0,00";"MATERIAL SOLICITADO PARA ATENDER OBRA JASMIM - 2652";"Em aberto";"15964130665";"0000000000723";"";"TE PVC MARROM 32MM";"3,00";"2,7200";"PC";"0,0000";"2652"
"24927456682";"8397";"26/01/2026";"";"15707888196";"CASA TOGNINI MATERIAIS HID E SANIT LTDA";"0,00";"MATERIAL SOLICITADO PARA ATENDER OBRA JASMIM - 2652";"Em aberto";"16026051457";"0000000000763";"";"LUVA PVC MARROM 50MM";"3,00";"2,4700";"PC";"0,0000";"2652"
"24927456682";"8397";"26/01/2026";"";"15707888196";"CASA TOGNINI MATERIAIS HID E SANIT LTDA";"0,00";"MATERIAL SOLICITADO PARA ATENDER OBRA JASMIM - 2652";"Em aberto";"16518106975";"0000000004268";"000000000000011545";"BUCHA REDUCAO PVC MARROM 50 X 32MM";"1,00";"4,8200";"PC";"0,0000";"2652"
"24927456682";"8397";"26/01/2026";"";"15707888196";"CASA TOGNINI MATERIAIS HID E SANIT LTDA";"0,00";"MATERIAL SOLICITADO PARA ATENDER OBRA JASMIM - 2652";"Em aberto";"16100229644";"0000000001005";"";"LUVA PVC BRANCO 75MM";"1,00";"3,7000";"PC";"0,0000";"2652"
"24927456682";"8397";"26/01/2026";"";"15707888196";"CASA TOGNINI MATERIAIS HID E SANIT LTDA";"0,00";"MATERIAL SOLICITADO PARA ATENDER OBRA JASMIM - 2652";"Em aberto";"10293507735";"0000000000183";"";"BUCHA REDUCAO PVC BRANCO 75 X 50MM";"1,00";"4,4800";"PC";"0,0000";"2652"
"24927456682";"8397";"26/01/2026";"";"15707888196";"CASA TOGNINI MATERIAIS HID E SANIT LTDA";"0,00";"MATERIAL SOLICITADO PARA ATENDER OBRA JASMIM - 2652";"Em aberto";"16487427329";"0000000003306";"";"TUBO PVC PPR PN20 32MM";"12,00";"37,7400";"BR";"0,0000";"2652"
"24927456682";"8397";"26/01/2026";"";"15707888196";"CASA TOGNINI MATERIAIS HID E SANIT LTDA";"0,00";"MATERIAL SOLICITADO PARA ATENDER OBRA JASMIM - 2652";"Em aberto";"16272632406";"0000000001453";"";"TUBO PVC SILENTIUM 50MM";"4,00";"107,6700";"BR";"0,0000";"2652"
"24927456682";"8397";"26/01/2026";"";"15707888196";"CASA TOGNINI MATERIAIS HID E SANIT LTDA";"0,00";"MATERIAL SOLICITADO PARA ATENDER OBRA JASMIM - 2652";"Em aberto";"12329219101";"0000000000285";"";"CHAVE STORZ DUPLA 2.1/2"" X 1.1/2"" - LATÃO";"5,00";"16,6400";"PC";"0,0000";"2652"
"24928091235";"8398";"26/01/2026";"";"16257067962";"ESTRIBOFIRE";"0,00";"PAGAMENTO NO PRIMEIRO HORÁRIO, POR FAVOR
FAZER PAGAMENTO NA CONTA DO WANDERLEI DA SILVA: 
Pix : 11980847898 - Santander

MATERIAL SOLICITADO PARA TENDER A OBRA ON RUNNING - 3310";"Em aberto";"16595587267";"0000000004621";"";"ABRIGO HIDRANTE 120 X 60 X 30 SOBREPOR";"1,00";"500,0000";"PC";"0,0000";"3310"
"24928125558";"8399";"26/01/2026";"";"15525702206";"COMERCIAL RIMAR LTDA";"0,00";"POR FAVOR, PAGAR NO PRIMEIRO HORÁRIO

MATERIAL SOLICITADO PARA ATENDER OBRA ZAVIT - 3260";"Em aberto";"9194015725";"0000000003729";"";"SPRINKLER PENDENTE RESPOSTA PADRÃO - 68º X 1/2"" - K80";"30,00";"17,0000";"PC";"0,0000";"3260"
"24928959101";"8400";"26/01/2026";"";"15525702206";"COMERCIAL RIMAR LTDA";"0,00";"POR FAVOR, PAGAR NO PRIMEIRO HORÁRIO

PEDIDO REALIZADO PARA ABASTECER O ESTOQUE";"Em aberto";"12329219101";"0000000000285";"";"CHAVE STORZ DUPLA 2.1/2"" X 1.1/2"" - LATÃO";"10,00";"14,5600";"PC";"0,0000";""
"24934816065";"8401";"27/01/2026";"";"17922945434";"QUALLITY SOM E ACESSORIOS LTDA";"0,00";"PEDIDO REFERENTE A PELICULAS DE VIDRO PARA MANUTENÇÃO NO ESCRITÓRIO";"Em aberto";"16277884578";"";"";"MATERIAIS PARA ESCRITORIO";"1,00";"741,0000";"UN";"0,0000";""
"24937692167";"8402";"27/01/2026";"";"15888987307";"ATACADAO S.A.";"0,00";"MATERIAL SOLICITADO PARA ESCRITÓRIO

PEDIDO ALTERADO PARA - R$407,88";"Em aberto";"16377465275";"";"";"COMPRAS DIVERSAS";"1,00";"407,8800";"";"0,0000";""
"24941578720";"8403";"28/01/2026";"";"16994136282";"SEGURA RH SOLUÇÕES";"0,00";"PEDIDO REFERENTE A EXAMES DE NOVOS COLABORADORES";"Em aberto";"16365607877";"";"";"DOCUMENTAÇÃO";"9,00";"30,0000";"UN";"0,0000";""
"24942389043";"8404";"28/01/2026";"";"15525702206";"COMERCIAL RIMAR LTDA";"0,00";"MATERIAL SOLICITADO PARA ATENDER OBRA ON RUNNING - 3310

PAGAMENTO URGENTE";"Em aberto";"16344352056";"0000000002132";"";"ACOPLAMENTO FLEXIVEL 3"" X 2.1/2""(76MM)";"1,00";"41,8600";"PC";"0,0000";"3310"
"24946797944";"8405";"28/01/2026";"";"17713182428";"Thailane Bispo Santos (BILU)";"0,00";"PEDIDO REFERENTE A DIARIA DO FUNCIONARIO BILU NA OBRA HPBIO - 2789";"Atendido";"16091529406";"";"";"DIARIA";"1,00";"250,0000";"VB";"0,0000";"2789"
"24951456370";"8406";"29/01/2026";"";"17633212980";"Epi Interlagos Comercio de Produtos Ltda";"0,00";"MATERIAL SOLICITADO PARA ATENDER NOVO FUNCIONÁRIO

PAGAR PELA MANHÃ DE PREFERENCIA";"Em aberto";"16417313040";"0000000002873";"EPI-010439";"BOTA NOBUCK BRACOL";"1,00";"129,9900";"PC";"0,0000";""
"24952954630";"8407";"29/01/2026";"";"9406825547";"CASA FARIA MATERIAIS HIDRAULICOS LTDA";"0,00";"MATERIAL SOLICITADO COM URGENCIA PARA ATENDER OBRA ON RUNNING - 3310

ORÇAMENTO NO VALOR DE R$145,48
CRÉDITO DISPONIVEL REFERENTE A UMA COMPRA FEITA PELO MÁRCIO QUE JÁ FOI SOLICITADO REEMBOLSO DO VALOR TOTAL - R$R$105,96

OU SEJA, ESTAMOS PAGANDO SOMENTE A DIFERENÇA DE R$39,52";"Em aberto";"16378988934";"0000000002660";"";"MANOMETRO DN 63 S/VERT.C/GLIC.BSP 1/4"" 0-25KGF";"1,00";"39,5200";"PÇ";"0,0000";"3310"
"24953016188";"8408";"29/01/2026";"";"9406825547";"CASA FARIA MATERIAIS HIDRAULICOS LTDA";"0,00";"MATERIAL SOLICITADO PARA ATENDER OBRA HPBIO - 2789";"Em aberto";"16445660401";"0000000003040";"";"LUVA PVC PPR 25MM";"10,00";"2,0500";"PC";"0,0000";"2789"
"24953016188";"8408";"29/01/2026";"";"9406825547";"CASA FARIA MATERIAIS HIDRAULICOS LTDA";"0,00";"MATERIAL SOLICITADO PARA ATENDER OBRA HPBIO - 2789";"Em aberto";"16597041143";"";"";"BROCA AÇO RAPIDO 8MM";"1,00";"6,1000";"PC";"0,0000";"2789"
"24954634372";"8409";"29/01/2026";"";"17633212980";"Epi Interlagos Comercio de Produtos Ltda";"0,00";"MATERIAL SOLICITADO PARA ATENDER NOVO FUNCIONÁRIO";"Em aberto";"16417313040";"0000000002873";"EPI-010439";"BOTA NOBUCK BRACOL";"1,00";"129,9900";"PC";"0,0000";""
"24955014894";"8410";"29/01/2026";"";"17713182428";"Thailane Bispo Santos (BILU)";"0,00";"PEDIDO REFERENTE A EMPREITA REALIZADA NA OBRA HPBIO - 2789";"Em aberto";"16357119601";"";"";"EMPREITA";"1,00";"750,0000";"";"0,0000";"2789"
"24959445242";"8411";"30/01/2026";"";"15941473366";"DUTRAFORTE MAQUINAS E FERRAMETAS LTDA";"0,00";"MATERIAL SOLICITADO PARA ATENDER OBRA HPBIO - 2789";"Em aberto";"16597424279";"";"";"REBITE 2MM X 12MM";"200,00";"0,1400";"PC";"0,0000";"2789"
"24960031959";"8412";"30/01/2026";"";"16874294220";"CLÍNICA LARGO TREZE";"0,00";"PEDIDO REFERENTE A ""ASO"" PARA EQUIPE DO ADACIEL/JULIO

Funcionário: Célio Moreira Duarte";"Em aberto";"16365590662";"";"";"EXAMES";"1,00";"70,0000";"";"0,0000";"2449"
"24960903702";"8413";"30/01/2026";"";"16612278278";"MARKETING DIGITAL CMHF";"0,00";"PEDIDO SOLICITADO REFERENTE A INVESTIMENTO DE MARKETING.";"Atendido";"15995664043";"";"";"Marketing digital GOOGLE ADS";"1,00";"2.400,0000";"";"0,0000";""
"24960985679";"8414";"30/01/2026";"";"12547960790";"ACOS FERNANDES TUBOS E CONEXOES LTDA";"0,00";"PEDIDO REFERENTE A COMPRA PARA ABASTECER ESTOQUE";"Em aberto";"16553174324";"0000000004528";"";"SPRINKLER EMBUTIDO RESPOSTA RAPIDA - 68º X 1/2"" - K80";"120,00";"74,3400";"PC";"0,0000";""
"24963301141";"8415";"30/01/2026";"";"9406825547";"CASA FARIA MATERIAIS HIDRAULICOS LTDA";"0,00";"MATERIAL SOLICITADO PARA ATENDER PEDIDO DE VENDA - 1408";"Atendido";"16359924867";"0000000002460";"";"TE CPVC FIRE 1"" X 3/4""";"1,00";"28,6400";"PC";"0,0000";"P1408"
"24963301141";"8415";"30/01/2026";"";"9406825547";"CASA FARIA MATERIAIS HIDRAULICOS LTDA";"0,00";"MATERIAL SOLICITADO PARA ATENDER PEDIDO DE VENDA - 1408";"Atendido";"14758427252";"0000000000389";"";"TE CPVC FIRE 2"" X 1""";"4,00";"104,2200";"PC";"0,0000";"P1408"
"24963301141";"8415";"30/01/2026";"";"9406825547";"CASA FARIA MATERIAIS HIDRAULICOS LTDA";"0,00";"MATERIAL SOLICITADO PARA ATENDER PEDIDO DE VENDA - 1408";"Atendido";"16337111863";"0000000002035";"";"TE CPVC FIRE 3/4""";"2,00";"19,3200";"PC";"0,0000";"P1408"
"24963301141";"8415";"30/01/2026";"";"9406825547";"CASA FARIA MATERIAIS HIDRAULICOS LTDA";"0,00";"MATERIAL SOLICITADO PARA ATENDER PEDIDO DE VENDA - 1408";"Atendido";"15859995491";"0000000000503";"";"COTOVELO CPVC FIRE 3/4"" X 90º";"25,00";"15,2400";"PC";"0,0000";"P1408"
"24963301141";"8415";"30/01/2026";"";"9406825547";"CASA FARIA MATERIAIS HIDRAULICOS LTDA";"0,00";"MATERIAL SOLICITADO PARA ATENDER PEDIDO DE VENDA - 1408";"Atendido";"11925700791";"0000000000270";"";"TUBO CPVC FIRE 3/4""";"8,00";"63,3000";"BR";"0,0000";"P1408"
"24963301141";"8415";"30/01/2026";"";"9406825547";"CASA FARIA MATERIAIS HIDRAULICOS LTDA";"0,00";"MATERIAL SOLICITADO PARA ATENDER PEDIDO DE VENDA - 1408";"Atendido";"16104027155";"0000000001044";"";"ADAPTADOR CPVC FIRE 3/4"" X 1/2""";"11,00";"38,0000";"PC";"0,0000";"P1408"
"24963301141";"8415";"30/01/2026";"";"9406825547";"CASA FARIA MATERIAIS HIDRAULICOS LTDA";"0,00";"MATERIAL SOLICITADO PARA ATENDER PEDIDO DE VENDA - 1408";"Atendido";"16317546881";"0000000001728";"";"LAMINA DE SERRA";"2,00";"13,8100";"PC";"0,0000";"P1408"
"24963301141";"8415";"30/01/2026";"";"9406825547";"CASA FARIA MATERIAIS HIDRAULICOS LTDA";"0,00";"MATERIAL SOLICITADO PARA ATENDER PEDIDO DE VENDA - 1408";"Atendido";"16597669580";"0000000004622";"";"TUBO DE COLA CPVC 850G";"1,00";"137,4900";"PC";"0,0000";"P1408"
"24963301141";"8415";"30/01/2026";"";"9406825547";"CASA FARIA MATERIAIS HIDRAULICOS LTDA";"0,00";"MATERIAL SOLICITADO PARA ATENDER PEDIDO DE VENDA - 1408";"Atendido";"15859994959";"0000000000502";"";"CAPS CPVC FIRE - 3/4""";"2,00";"15,2000";"PC";"0,0000";"P1408"
"24963301141";"8415";"30/01/2026";"";"9406825547";"CASA FARIA MATERIAIS HIDRAULICOS LTDA";"0,00";"MATERIAL SOLICITADO PARA ATENDER PEDIDO DE VENDA - 1408";"Atendido";"11925688212";"0000000000269";"";"LUVA CPVC FIRE 3/4""";"4,00";"11,9700";"PC";"0,0000";"P1408"
"24963378786";"8416";"30/01/2026";"";"16994136282";"SEGURA RH SOLUÇÕES";"0,00";"PEDIDO REFERENTE A NR DO NOVO FUNCIONÁRIO.";"Em aberto";"16352003343";"";"";"NR'S";"6,00";"30,0000";"";"0,0000";""
"24963580398";"8417";"30/01/2026";"";"16994136282";"SEGURA RH SOLUÇÕES";"0,00";"PEDIDO REFERENTE AS NRS PARA O FUNCIONARIO CÉLIO";"Em aberto";"16352003343";"";"";"NR'S";"4,00";"30,0000";"";"0,0000";"2449"
"24963630392";"8418";"30/01/2026";"";"16994136282";"SEGURA RH SOLUÇÕES";"0,00";"PEDIDO REFERENTE A NR PARA NOVO FUNCIONARIO";"Em aberto";"16352003343";"";"";"NR'S";"1,00";"30,0000";"";"0,0000";""
"24963978943";"8419";"30/01/2026";"";"9406825547";"CASA FARIA MATERIAIS HIDRAULICOS LTDA";"0,00";"MATERIAL SOLICITADO PARA ATENDER A OBRA HPBIO - 2789

PAGAR NO PRIMEIRO HORÁRIO";"Em aberto";"10293298854";"0000000000176";"AM.CE.LU.05";"LUVA PVC BRANCO 100MM";"30,00";"4,0900";"PC";"0,0000";"2789"
