"ID";"N° do pedido";"Data";"Data prevista";"ID contato";"Nome do contato";"Desconto";"Observações";"Situação";"ID produto";"Código";"Código no fornecedor";"Descrição";"Quantidade";"Valor unitário";"Un";"Frete do item";"Ordem de compra"
"25716519709";"8739";"04/05/2026";"";"17852443821";"MEGA PEAD TUBOS E CONEXOES LTDA";"0,00";"PEDIDO REFERENTE A LOCAÇÃO DO MAQUINARIO PARA A OBRA JANDAIA - 2449";"Em aberto";"16573863767";"";"";"LOCAÇÃO DE MAQUINARIO";"1,00";"1.050,0000";"VB";"0,0000";"2449"
"25717119879";"8740";"04/05/2026";"";"13902521640";"PAULO ALVES VIEIRA";"0,00";"PEDIDO REFERENTE A EMPREITA REALIZADA NA OBRA BRADESCO - 3397";"Em aberto";"16357119601";"";"";"EMPREITA";"1,00";"6.500,0000";"";"0,0000";"3397"
"25718083578";"8741";"04/05/2026";"";"15707888196";"CASA TOGNINI MATERIAIS HID E SANIT LTDA";"0,00";"PEDIDO REFERENTE A MATERIAL PARA ABASTECER OBRA JASMIM - 2652

CONFORME CONVERSADO PESSOALMENTE COM O MARCIO - retirar o material faturado em nome da AJGSPE, pagar 3 dias antes do vencimento pela CMHF e pedir o reembolso para a gerenciadora.";"Em aberto";"9784826091";"0000000004010";"";"TUBO COBRE CLASSE E - 28MM";"12,00";"305,4600";"BR";"0,0000";"2652"
"25718083578";"8741";"04/05/2026";"";"15707888196";"CASA TOGNINI MATERIAIS HID E SANIT LTDA";"0,00";"PEDIDO REFERENTE A MATERIAL PARA ABASTECER OBRA JASMIM - 2652

CONFORME CONVERSADO PESSOALMENTE COM O MARCIO - retirar o material faturado em nome da AJGSPE, pagar 3 dias antes do vencimento pela CMHF e pedir o reembolso para a gerenciadora.";"Em aberto";"9169466555";"0000000003728";"";"COTOVELO COBRE COM ANEL 28MM X 90º";"15,00";"15,0700";"PÇ";"0,0000";"2652"
"25718083578";"8741";"04/05/2026";"";"15707888196";"CASA TOGNINI MATERIAIS HID E SANIT LTDA";"0,00";"PEDIDO REFERENTE A MATERIAL PARA ABASTECER OBRA JASMIM - 2652

CONFORME CONVERSADO PESSOALMENTE COM O MARCIO - retirar o material faturado em nome da AJGSPE, pagar 3 dias antes do vencimento pela CMHF e pedir o reembolso para a gerenciadora.";"Em aberto";"0";"";"205157";"COTOVELO COBRE SEM ANEL 28MM X 45°";"12,00";"14,1200";"PC";"0,0000";"2652"
"25718083578";"8741";"04/05/2026";"";"15707888196";"CASA TOGNINI MATERIAIS HID E SANIT LTDA";"0,00";"PEDIDO REFERENTE A MATERIAL PARA ABASTECER OBRA JASMIM - 2652

CONFORME CONVERSADO PESSOALMENTE COM O MARCIO - retirar o material faturado em nome da AJGSPE, pagar 3 dias antes do vencimento pela CMHF e pedir o reembolso para a gerenciadora.";"Em aberto";"15900700838";"0000000000620";"";"LUVA COBRE SEM ANEL 28MM";"10,00";"8,5900";"PC";"0,0000";"2652"
"25718083578";"8741";"04/05/2026";"";"15707888196";"CASA TOGNINI MATERIAIS HID E SANIT LTDA";"0,00";"PEDIDO REFERENTE A MATERIAL PARA ABASTECER OBRA JASMIM - 2652

CONFORME CONVERSADO PESSOALMENTE COM O MARCIO - retirar o material faturado em nome da AJGSPE, pagar 3 dias antes do vencimento pela CMHF e pedir o reembolso para a gerenciadora.";"Em aberto";"16440263387";"0000000002984";"";"ISOLANTE TERMICO 28MM";"34,00";"4,6100";"BR";"0,0000";"2652"
"25718083578";"8741";"04/05/2026";"";"15707888196";"CASA TOGNINI MATERIAIS HID E SANIT LTDA";"0,00";"PEDIDO REFERENTE A MATERIAL PARA ABASTECER OBRA JASMIM - 2652

CONFORME CONVERSADO PESSOALMENTE COM O MARCIO - retirar o material faturado em nome da AJGSPE, pagar 3 dias antes do vencimento pela CMHF e pedir o reembolso para a gerenciadora.";"Em aberto";"16572630656";"0000000004582";"";"COTOVELO COBRE SEM ANEL 35MM X 90º";"15,00";"27,7800";"PC";"0,0000";"2652"
"25718083578";"8741";"04/05/2026";"";"15707888196";"CASA TOGNINI MATERIAIS HID E SANIT LTDA";"0,00";"PEDIDO REFERENTE A MATERIAL PARA ABASTECER OBRA JASMIM - 2652

CONFORME CONVERSADO PESSOALMENTE COM O MARCIO - retirar o material faturado em nome da AJGSPE, pagar 3 dias antes do vencimento pela CMHF e pedir o reembolso para a gerenciadora.";"Em aberto";"0";"";"";"COTOVELO COBRE SEM ANEL 35MM X 45º";"10,00";"20,0800";"PC";"0,0000";"2652"
"25718083578";"8741";"04/05/2026";"";"15707888196";"CASA TOGNINI MATERIAIS HID E SANIT LTDA";"0,00";"PEDIDO REFERENTE A MATERIAL PARA ABASTECER OBRA JASMIM - 2652

CONFORME CONVERSADO PESSOALMENTE COM O MARCIO - retirar o material faturado em nome da AJGSPE, pagar 3 dias antes do vencimento pela CMHF e pedir o reembolso para a gerenciadora.";"Em aberto";"16524372587";"0000000004369";"";"DISCO DE CORTE DIAMANTADO PARA CONCRETO";"2,00";"3,5600";"PC";"0,0000";"2652"
"25718083578";"8741";"04/05/2026";"";"15707888196";"CASA TOGNINI MATERIAIS HID E SANIT LTDA";"0,00";"PEDIDO REFERENTE A MATERIAL PARA ABASTECER OBRA JASMIM - 2652

CONFORME CONVERSADO PESSOALMENTE COM O MARCIO - retirar o material faturado em nome da AJGSPE, pagar 3 dias antes do vencimento pela CMHF e pedir o reembolso para a gerenciadora.";"Em aberto";"9895657417";"0000000004068";"";"VERGALHÃO ROSCADO 1/4""";"10,00";"10,6900";"BR";"0,0000";"2652"
"25718083578";"8741";"04/05/2026";"";"15707888196";"CASA TOGNINI MATERIAIS HID E SANIT LTDA";"0,00";"PEDIDO REFERENTE A MATERIAL PARA ABASTECER OBRA JASMIM - 2652

CONFORME CONVERSADO PESSOALMENTE COM O MARCIO - retirar o material faturado em nome da AJGSPE, pagar 3 dias antes do vencimento pela CMHF e pedir o reembolso para a gerenciadora.";"Em aberto";"16302229023";"0000000001566";"";"PERFILADO 19X38X6MT";"4,00";"24,8100";"BR";"0,0000";"2652"
"25718083578";"8741";"04/05/2026";"";"15707888196";"CASA TOGNINI MATERIAIS HID E SANIT LTDA";"0,00";"PEDIDO REFERENTE A MATERIAL PARA ABASTECER OBRA JASMIM - 2652

CONFORME CONVERSADO PESSOALMENTE COM O MARCIO - retirar o material faturado em nome da AJGSPE, pagar 3 dias antes do vencimento pela CMHF e pedir o reembolso para a gerenciadora.";"Em aberto";"9895610720";"0000000004067";"";"PORCA SEXTAVADA 1/4""";"300,00";"0,1500";"PC";"0,0000";"2652"
"25718083578";"8741";"04/05/2026";"";"15707888196";"CASA TOGNINI MATERIAIS HID E SANIT LTDA";"0,00";"PEDIDO REFERENTE A MATERIAL PARA ABASTECER OBRA JASMIM - 2652

CONFORME CONVERSADO PESSOALMENTE COM O MARCIO - retirar o material faturado em nome da AJGSPE, pagar 3 dias antes do vencimento pela CMHF e pedir o reembolso para a gerenciadora.";"Em aberto";"16356861381";"0000000002217";"";"ARRUELA LISA 1/4";"300,00";"0,0900";"PC";"0,0000";"2652"
"25718083578";"8741";"04/05/2026";"";"15707888196";"CASA TOGNINI MATERIAIS HID E SANIT LTDA";"0,00";"PEDIDO REFERENTE A MATERIAL PARA ABASTECER OBRA JASMIM - 2652

CONFORME CONVERSADO PESSOALMENTE COM O MARCIO - retirar o material faturado em nome da AJGSPE, pagar 3 dias antes do vencimento pela CMHF e pedir o reembolso para a gerenciadora.";"Em aberto";"16349443745";"0000000002361";"";"ISOLANTE TERMICO 42MM 1.1/2 BR C/2MTS";"30,00";"7,8600";"BR";"0,0000";"2652"
"25718083578";"8741";"04/05/2026";"";"15707888196";"CASA TOGNINI MATERIAIS HID E SANIT LTDA";"0,00";"PEDIDO REFERENTE A MATERIAL PARA ABASTECER OBRA JASMIM - 2652

CONFORME CONVERSADO PESSOALMENTE COM O MARCIO - retirar o material faturado em nome da AJGSPE, pagar 3 dias antes do vencimento pela CMHF e pedir o reembolso para a gerenciadora.";"Em aberto";"9895595837";"0000000004066";"";"CHUMBADOR 1/4""";"100,00";"2,3800";"PC";"0,0000";"2652"
"25718083578";"8741";"04/05/2026";"";"15707888196";"CASA TOGNINI MATERIAIS HID E SANIT LTDA";"0,00";"PEDIDO REFERENTE A MATERIAL PARA ABASTECER OBRA JASMIM - 2652

CONFORME CONVERSADO PESSOALMENTE COM O MARCIO - retirar o material faturado em nome da AJGSPE, pagar 3 dias antes do vencimento pela CMHF e pedir o reembolso para a gerenciadora.";"Em aberto";"16049504902";"0000000000840";"";"CARRETEL DE ESTANHO 50X50";"2,00";"123,0900";"PC";"0,0000";"2652"
"25718083578";"8741";"04/05/2026";"";"15707888196";"CASA TOGNINI MATERIAIS HID E SANIT LTDA";"0,00";"PEDIDO REFERENTE A MATERIAL PARA ABASTECER OBRA JASMIM - 2652

CONFORME CONVERSADO PESSOALMENTE COM O MARCIO - retirar o material faturado em nome da AJGSPE, pagar 3 dias antes do vencimento pela CMHF e pedir o reembolso para a gerenciadora.";"Em aberto";"15218312207";"0000000004545";"";"REFIL P/ MACARICO";"2,00";"35,8300";"PC";"0,0000";"2652"
"25718083578";"8741";"04/05/2026";"";"15707888196";"CASA TOGNINI MATERIAIS HID E SANIT LTDA";"0,00";"PEDIDO REFERENTE A MATERIAL PARA ABASTECER OBRA JASMIM - 2652

CONFORME CONVERSADO PESSOALMENTE COM O MARCIO - retirar o material faturado em nome da AJGSPE, pagar 3 dias antes do vencimento pela CMHF e pedir o reembolso para a gerenciadora.";"Em aberto";"16158257396";"";"";"IMPOSTOS";"1,00";"119,1300";"um";"0,0000";"2652"
"25718104773";"8742";"04/05/2026";"";"12547960790";"ACOS FERNANDES TUBOS E CONEXOES LTDA";"0,00";"PEDIDO PARA ABASTECER O ESTOQUE

MATERIAL RETIRADO EM NOME DA SAENG - ON RUNNING - 3384";"Em aberto";"16553174324";"0000000004528";"507011002168EMBUL";"SPRINKLER EMBUTIDO RESPOSTA RAPIDA - 68º X 1/2"" - K80";"70,00";"77,0000";"PC";"0,0000";""
"25718104773";"8742";"04/05/2026";"";"12547960790";"ACOS FERNANDES TUBOS E CONEXOES LTDA";"0,00";"PEDIDO PARA ABASTECER O ESTOQUE

MATERIAL RETIRADO EM NOME DA SAENG - ON RUNNING - 3384";"Em aberto";"16158257396";"";"";"IMPOSTOS";"1,00";"175,1800";"um";"0,0000";""
"25719285421";"8743";"04/05/2026";"";"10502236965";"ELASTOBOR BORRACHAS E PLASTICOS LTDA";"0,00";"PEDIDO REFERENTE A VENDA 1531 PARA A OBRA HPBIO - 2789";"Em aberto";"0";"";"";"FITA SILVERTEC CINZA";"1,00";"71,9000";"PÇ";"0,0000";"P1531"
"25719400578";"8744";"04/05/2026";"";"17916633332";"WT ARTEFATOS EM ACO INOX LTDA";"0,00";"COMPRA REFERENTE A PEDIDO DE VENDA 1535";"Em aberto";"16640221195";"0000000004708";"";"CAIXA DE GORDURA INOX 300X300X250MM";"1,00";"634,9900";"PC";"0,0000";"P1535"
"25721202028";"8746";"04/05/2026";"";"15707888196";"CASA TOGNINI MATERIAIS HID E SANIT LTDA";"0,00";"PEDIDO REFERENTE A MATERIAL PARA INICIO DA OBRA BRADESCO - 3397";"Em aberto";"11925700791";"0000000000270";"";"TUBO CPVC FIRE 3/4""";"8,00";"54,0600";"BR";"0,0000";"3397"
"25721202028";"8746";"04/05/2026";"";"15707888196";"CASA TOGNINI MATERIAIS HID E SANIT LTDA";"0,00";"PEDIDO REFERENTE A MATERIAL PARA INICIO DA OBRA BRADESCO - 3397";"Em aberto";"16337111863";"0000000002035";"";"TE CPVC FIRE 3/4""";"9,00";"16,5200";"PC";"0,0000";"3397"
"25721202028";"8746";"04/05/2026";"";"15707888196";"CASA TOGNINI MATERIAIS HID E SANIT LTDA";"0,00";"PEDIDO REFERENTE A MATERIAL PARA INICIO DA OBRA BRADESCO - 3397";"Em aberto";"15859995491";"0000000000503";"";"COTOVELO CPVC FIRE 3/4"" X 90º";"30,00";"13,0200";"PC";"0,0000";"3397"
"25721202028";"8746";"04/05/2026";"";"15707888196";"CASA TOGNINI MATERIAIS HID E SANIT LTDA";"0,00";"PEDIDO REFERENTE A MATERIAL PARA INICIO DA OBRA BRADESCO - 3397";"Em aberto";"11925688212";"0000000000269";"";"LUVA CPVC FIRE 3/4""";"12,00";"10,2400";"PC";"0,0000";"3397"
"25721202028";"8746";"04/05/2026";"";"15707888196";"CASA TOGNINI MATERIAIS HID E SANIT LTDA";"0,00";"PEDIDO REFERENTE A MATERIAL PARA INICIO DA OBRA BRADESCO - 3397";"Em aberto";"16104027155";"0000000001044";"";"ADAPTADOR CPVC FIRE 3/4"" X 1/2""";"10,00";"15,0000";"PC";"0,0000";"3397"
"25721202028";"8746";"04/05/2026";"";"15707888196";"CASA TOGNINI MATERIAIS HID E SANIT LTDA";"0,00";"PEDIDO REFERENTE A MATERIAL PARA INICIO DA OBRA BRADESCO - 3397";"Em aberto";"16524055651";"0000000004367";"";"COLA CPVC FIRE 234G";"2,00";"145,8700";"PC";"0,0000";"3397"
"25721202028";"8746";"04/05/2026";"";"15707888196";"CASA TOGNINI MATERIAIS HID E SANIT LTDA";"0,00";"PEDIDO REFERENTE A MATERIAL PARA INICIO DA OBRA BRADESCO - 3397";"Em aberto";"15859994959";"0000000000502";"";"CAPS CPVC FIRE - 3/4""";"8,00";"9,5400";"PC";"0,0000";"3397"
"25721202028";"8746";"04/05/2026";"";"15707888196";"CASA TOGNINI MATERIAIS HID E SANIT LTDA";"0,00";"PEDIDO REFERENTE A MATERIAL PARA INICIO DA OBRA BRADESCO - 3397";"Em aberto";"9763927236";"0000000004001";"ABEG003";"ABRAÇADEIRA ECONOMICA 1""";"20,00";"1,2300";"PC";"0,0000";"3397"
"25721202028";"8746";"04/05/2026";"";"15707888196";"CASA TOGNINI MATERIAIS HID E SANIT LTDA";"0,00";"PEDIDO REFERENTE A MATERIAL PARA INICIO DA OBRA BRADESCO - 3397";"Em aberto";"9895595837";"0000000004066";"";"CHUMBADOR 1/4""";"20,00";"1,6200";"PC";"0,0000";"3397"
"25721202028";"8746";"04/05/2026";"";"15707888196";"CASA TOGNINI MATERIAIS HID E SANIT LTDA";"0,00";"PEDIDO REFERENTE A MATERIAL PARA INICIO DA OBRA BRADESCO - 3397";"Em aberto";"9895657417";"0000000004068";"";"VERGALHÃO ROSCADO 1/4""";"10,00";"11,0500";"BR";"0,0000";"3397"
"25721202028";"8746";"04/05/2026";"";"15707888196";"CASA TOGNINI MATERIAIS HID E SANIT LTDA";"0,00";"PEDIDO REFERENTE A MATERIAL PARA INICIO DA OBRA BRADESCO - 3397";"Em aberto";"9895610720";"0000000004067";"";"PORCA SEXTAVADA 1/4""";"60,00";"0,1500";"PC";"0,0000";"3397"
"25721202028";"8746";"04/05/2026";"";"15707888196";"CASA TOGNINI MATERIAIS HID E SANIT LTDA";"0,00";"PEDIDO REFERENTE A MATERIAL PARA INICIO DA OBRA BRADESCO - 3397";"Em aberto";"16356861381";"0000000002217";"";"ARRUELA LISA 1/4";"60,00";"0,1000";"PC";"0,0000";"3397"
"25721339277";"8747";"04/05/2026";"";"17550911958";"INOVA COM. DE MATERIAIS ELETRICOS LTDA";"0,00";"PEDIDO REFERENTE A MATERIAL PRA INICIO DA OBRA BRADESCO - 3397";"Em aberto";"16602350291";"0000000004623";"";"ELETRODUTO GALVANIZADO LEVE 3/4";"8,00";"15,4800";"BR";"0,0000";"3397"
"25721339277";"8747";"04/05/2026";"";"17550911958";"INOVA COM. DE MATERIAIS ELETRICOS LTDA";"0,00";"PEDIDO REFERENTE A MATERIAL PRA INICIO DA OBRA BRADESCO - 3397";"Em aberto";"16328783101";"0000000001909";"";"UNIDUT RETO COMUM 3/4 CURTO LSP-201/15 S/VED E001110030 - WETZEL";"12,00";"2,5200";"PC";"0,0000";"3397"
"25721339277";"8747";"04/05/2026";"";"17550911958";"INOVA COM. DE MATERIAIS ELETRICOS LTDA";"0,00";"PEDIDO REFERENTE A MATERIAL PRA INICIO DA OBRA BRADESCO - 3397";"Em aberto";"0";"";"";"UNIDUTE CONICO 3/4""";"15,00";"1,9600";"PC";"0,0000";"3397"
"25721339277";"8747";"04/05/2026";"";"17550911958";"INOVA COM. DE MATERIAIS ELETRICOS LTDA";"0,00";"PEDIDO REFERENTE A MATERIAL PRA INICIO DA OBRA BRADESCO - 3397";"Em aberto";"0";"";"";"CURVA GALVANIZADO 3/4""";"10,00";"3,4700";"PC";"0,0000";"3397"
"25721339277";"8747";"04/05/2026";"";"17550911958";"INOVA COM. DE MATERIAIS ELETRICOS LTDA";"0,00";"PEDIDO REFERENTE A MATERIAL PRA INICIO DA OBRA BRADESCO - 3397";"Em aberto";"0";"";"";"CONDULETE T 3/4""";"10,00";"8,4500";"PC";"0,0000";"3397"
"25721339277";"8747";"04/05/2026";"";"17550911958";"INOVA COM. DE MATERIAIS ELETRICOS LTDA";"0,00";"PEDIDO REFERENTE A MATERIAL PRA INICIO DA OBRA BRADESCO - 3397";"Em aberto";"0";"";"";"CONDULETE LL 3/4""";"10,00";"8,1900";"PC";"0,0000";"3397"
"25721339277";"8747";"04/05/2026";"";"17550911958";"INOVA COM. DE MATERIAIS ELETRICOS LTDA";"0,00";"PEDIDO REFERENTE A MATERIAL PRA INICIO DA OBRA BRADESCO - 3397";"Em aberto";"0";"";"";"CONDULETE C 3/4""";"4,00";"8,1900";"PC";"0,0000";"3397"
"25721339277";"8747";"04/05/2026";"";"17550911958";"INOVA COM. DE MATERIAIS ELETRICOS LTDA";"0,00";"PEDIDO REFERENTE A MATERIAL PRA INICIO DA OBRA BRADESCO - 3397";"Em aberto";"0";"";"";"CONDULETE LR 3/4""";"10,00";"8,1900";"PC";"0,0000";"3397"
"25721339277";"8747";"04/05/2026";"";"17550911958";"INOVA COM. DE MATERIAIS ELETRICOS LTDA";"0,00";"PEDIDO REFERENTE A MATERIAL PRA INICIO DA OBRA BRADESCO - 3397";"Em aberto";"16328781871";"0000000001906";"";"SEALTUBO C/CAPA 3/4 PT EFRP60034 - EKOFLEX";"1,00";"112,9600";"BR";"0,0000";"3397"
"25721339277";"8747";"04/05/2026";"";"17550911958";"INOVA COM. DE MATERIAIS ELETRICOS LTDA";"0,00";"PEDIDO REFERENTE A MATERIAL PRA INICIO DA OBRA BRADESCO - 3397";"Em aberto";"0";"";"";"CABO SHIELD 2 X 1,5MM";"50,00";"7,0800";"BR";"0,0000";"3397"
"25721339277";"8747";"04/05/2026";"";"17550911958";"INOVA COM. DE MATERIAIS ELETRICOS LTDA";"0,00";"PEDIDO REFERENTE A MATERIAL PRA INICIO DA OBRA BRADESCO - 3397";"Em aberto";"16328786048";"0000000001917";"";"FITA ISOLANTE IMPERIAL SLIM 18MM 20MT";"1,00";"33,1300";"PC";"0,0000";"3397"
"25721339277";"8747";"04/05/2026";"";"17550911958";"INOVA COM. DE MATERIAIS ELETRICOS LTDA";"0,00";"PEDIDO REFERENTE A MATERIAL PRA INICIO DA OBRA BRADESCO - 3397";"Em aberto";"16526863187";"0000000004427";"";"ABRAÇADEIRA TIPO D 3/4"" COM PARAFUSO";"20,00";"0,7900";"PC";"0,0000";"3397"
"25721339277";"8747";"04/05/2026";"";"17550911958";"INOVA COM. DE MATERIAIS ELETRICOS LTDA";"0,00";"PEDIDO REFERENTE A MATERIAL PRA INICIO DA OBRA BRADESCO - 3397";"Em aberto";"16328779834";"0000000001902";"";"BUCHA NYLON 8MM SIMPLES";"20,00";"0,1300";"CT";"0,0000";"3397"
"25721339277";"8747";"04/05/2026";"";"17550911958";"INOVA COM. DE MATERIAIS ELETRICOS LTDA";"0,00";"PEDIDO REFERENTE A MATERIAL PRA INICIO DA OBRA BRADESCO - 3397";"Em aberto";"16564067166";"0000000004564";"";"PARAFUSO BROCANTE 8MM";"20,00";"0,4200";"PC";"0,0000";"3397"
"25726236285";"8748";"05/05/2026";"";"16773093960";"PAES E DOCES INTERLAGOS LTDA - ME";"0,00";"PEDIDO REFERENTE A PAES PARA O ESCRITÓRIO";"Em aberto";"16348492107";"";"";"PÃES";"1,00";"165,0000";"";"0,0000";""
"25727538006";"8750";"05/05/2026";"";"18104404658";"GARCIA IMPLEMENTOS RODOVIARIOS LTDA";"0,00";"PEDIDO REFERENTE A COMPRA DA CARROCERIA PARA O NOVO VEICULO

Á VISTA R$ 11.000,00 SENDO METADE NA ENCOMENDA E METADE NA RETIRADA";"Em aberto";"0";"";"";"CARROCERIA";"1,00";"11.000,0000";"";"0,0000";""
"25728546669";"8751";"05/05/2026";"";"10502236965";"ELASTOBOR BORRACHAS E PLASTICOS LTDA";"0,00";"PEDIDO REFERENTE A PAPEL KRAFT PARA EMBALAGENS VOLTADAS A ML/CORREIO";"Em aberto";"16381762743";"";"";"PAPEL KRAFT 80GR 40MM X 50M";"1,00";"109,9000";"UN";"0,0000";""
"25730215853";"8752";"05/05/2026";"";"15903018883";"IKEMATA CONTROLE DE PRAGAS EIRELI";"0,00";"PEDIDO REFERENTE A DEDETIZAÇÃO NO ESCRITÓRIO

R$ 30,00 de desconto, por isso no orçamento está o valor de R$ 550,00";"Em aberto";"15953179089";"";"";"DEDETIZADORA";"1,00";"520,0000";"VB";"0,0000";""
"25730628505";"8753";"05/05/2026";"";"15525702206";"COMERCIAL RIMAR LTDA";"0,00";"PEDIDO REFERENTE A MATERIAL PARA ATENDER PEDIDO DE VENDA 1531 - PARA A OBRA HPBIO - 2789

MATERIAL RETIRADO EM NOME DA SAENG - ON RUNNING - 3384

COMPRA PRA VENDA 1531, SEM AUTORIZAÇÃO ANTES DO FECHAMENTO DA OBRA.";"Em aberto";"16067180834";"0000000000858";"";"TUBO ACO CARBONO PRETO C/C 5590 SCH10 - 1.1/2""";"5,00";"293,2700";"BR";"0,0000";"P1531"
"25730628505";"8753";"05/05/2026";"";"15525702206";"COMERCIAL RIMAR LTDA";"0,00";"PEDIDO REFERENTE A MATERIAL PARA ATENDER PEDIDO DE VENDA 1531 - PARA A OBRA HPBIO - 2789

MATERIAL RETIRADO EM NOME DA SAENG - ON RUNNING - 3384

COMPRA PRA VENDA 1531, SEM AUTORIZAÇÃO ANTES DO FECHAMENTO DA OBRA.";"Em aberto";"16392183041";"0000000002769";"XR90I*";"COTOVELO RANHURADO 2 1/2""(73MM) X 90°";"8,00";"23,9700";"PC";"0,0000";"P1531"
"25730628505";"8753";"05/05/2026";"";"15525702206";"COMERCIAL RIMAR LTDA";"0,00";"PEDIDO REFERENTE A MATERIAL PARA ATENDER PEDIDO DE VENDA 1531 - PARA A OBRA HPBIO - 2789

MATERIAL RETIRADO EM NOME DA SAENG - ON RUNNING - 3384

COMPRA PRA VENDA 1531, SEM AUTORIZAÇÃO ANTES DO FECHAMENTO DA OBRA.";"Em aberto";"12236428870";"0000000000282";"XR00I*";"ACOPLAMENTO RIGIDO UL/FM - 2.1/2"" (73MM)";"20,00";"17,1000";"PC";"0,0000";"P1531"
"25730628505";"8753";"05/05/2026";"";"15525702206";"COMERCIAL RIMAR LTDA";"0,00";"PEDIDO REFERENTE A MATERIAL PARA ATENDER PEDIDO DE VENDA 1531 - PARA A OBRA HPBIO - 2789

MATERIAL RETIRADO EM NOME DA SAENG - ON RUNNING - 3384

COMPRA PRA VENDA 1531, SEM AUTORIZAÇÃO ANTES DO FECHAMENTO DA OBRA.";"Em aberto";"16158257396";"";"";"IMPOSTOS";"1,00";"17,3500";"um";"0,0000";"P1531"
"25730745951";"8754";"05/05/2026";"";"17977550063";"52.462.593 ADACIEL MANGUEIRA DE SOUSA";"0,00";"PEDIDO REFERENTE A EMPREITA REALIZADA NA OBRA ON RUNNING - 3384";"Em aberto";"16357119601";"";"";"EMPREITA";"1,00";"35.000,0000";"";"0,0000";"3384"
"25731931668";"8755";"05/05/2026";"";"16257067962";"ESTRIBOFIRE";"0,00";"PEDIDO REFERENTE A VENDA 1461 - HPBIO - 2789";"Em aberto";"16611434832";"0000000004680";"";"CAIXA DE HIDRANTE 90X60X17 - EMBUTIR";"3,00";"145,0000";"PC";"0,0000";"P1461"
"25731931668";"8755";"05/05/2026";"";"16257067962";"ESTRIBOFIRE";"0,00";"PEDIDO REFERENTE A VENDA 1461 - HPBIO - 2789";"Em aberto";"15863234813";"0000000000519";"";"CAIXA DE HIDRANTE 90X60X17 - SOBREPOR";"3,00";"145,0000";"PC";"0,0000";"P1461"
"25731931668";"8755";"05/05/2026";"";"16257067962";"ESTRIBOFIRE";"0,00";"PEDIDO REFERENTE A VENDA 1461 - HPBIO - 2789";"Em aberto";"16473020242";"0000000002350";"";"CAIXA DE RECALQUE EMBUTIDO - 40X40X20";"1,00";"100,0000";"PC";"0,0000";"P1461"
"25739050427";"8756";"06/05/2026";"";"15888987307";"ATACADAO S.A.";"0,00";"PEDIDO REFERENTE A COMPRA NO ATACADÃO PARA O MÊS DE MAIO";"Em aberto";"16426059240";"";"";"MATERIAL DE CONSUMO";"1,00";"391,1800";"";"0,0000";""
"25739079678";"8757";"06/05/2026";"";"16614665233";"BRASLIMPO COMERCIAL LTDA";"0,00";"PEDIDO REFERENTE A COMPRA PARA O ESCRITÓRIO";"Em aberto";"16426059240";"";"";"MATERIAL DE CONSUMO";"1,00";"289,4300";"";"0,0000";""
"25739146016";"8758";"06/05/2026";"";"10881416310";"ORANIO DOMINGUES COM CONEXOES LTDA";"0,00";"PEDIDO REFERENTE A VENDA 1461 - PARA OBRA HPBIO 2789

MATERIAL RETIRADO EM NOME DA SAENG - ON RUNNING - 3384";"Em aberto";"16479494379";"0000000003267";"";"VALVULA GLOBO ANGULAR 2.1/2"" X 45º (73MM)";"6,00";"156,0000";"PC";"0,0000";"P1461"
"25739146016";"8758";"06/05/2026";"";"10881416310";"ORANIO DOMINGUES COM CONEXOES LTDA";"0,00";"PEDIDO REFERENTE A VENDA 1461 - PARA OBRA HPBIO 2789

MATERIAL RETIRADO EM NOME DA SAENG - ON RUNNING - 3384";"Em aberto";"12236428870";"0000000000282";"";"ACOPLAMENTO RIGIDO UL/FM - 2.1/2"" (73MM)";"30,00";"17,1000";"PC";"0,0000";"P1461"
"25739146016";"8758";"06/05/2026";"";"10881416310";"ORANIO DOMINGUES COM CONEXOES LTDA";"0,00";"PEDIDO REFERENTE A VENDA 1461 - PARA OBRA HPBIO 2789

MATERIAL RETIRADO EM NOME DA SAENG - ON RUNNING - 3384";"Em aberto";"16158257396";"";"";"IMPOSTOS";"1,00";"16,6700";"um";"0,0000";"P1461"
"25739665510";"8759";"06/05/2026";"";"18020770447";"IPG RENTAL PROPERTY LTDA";"0,00";"PEDIDO REFERENTE A CONTA DE LUZ NA CASA DE ALUGUEL DOS EMPREITEIROS DA TETRA PAK NOS DIAS ADICIONAIS";"Em aberto";"0";"";"";"CONTA DE LUZ";"1,00";"50,0000";"";"0,0000";"3341"
"25740727041";"8760";"06/05/2026";"";"10881416310";"ORANIO DOMINGUES COM CONEXOES LTDA";"0,00";"COMPRA PARA ATENDER OBRA TETRA PAK - 3341 

MATERIAL RETIRADO EM NOME DA SAENG - ON RUNNING - 3384";"Em aberto";"15902691215";"0000000000656";"";"MANGUEIRA TIPO 2 - 1.1/2"" X 15MT";"8,00";"295,8400";"PC";"0,0000";"3341"
"25740727041";"8760";"06/05/2026";"";"10881416310";"ORANIO DOMINGUES COM CONEXOES LTDA";"0,00";"COMPRA PARA ATENDER OBRA TETRA PAK - 3341 

MATERIAL RETIRADO EM NOME DA SAENG - ON RUNNING - 3384";"Em aberto";"15186105786";"0000000000415";"";"ESGUICHO REGULAVEL - 1.1/2"" LATÃO";"4,00";"126,0900";"PC";"0,0000";"3341"
"25740727041";"8760";"06/05/2026";"";"10881416310";"ORANIO DOMINGUES COM CONEXOES LTDA";"0,00";"COMPRA PARA ATENDER OBRA TETRA PAK - 3341 

MATERIAL RETIRADO EM NOME DA SAENG - ON RUNNING - 3384";"Em aberto";"10084989571";"0000000000128";"";"ADAPTADOR STORZ 2 1/2"" X 1 1/2"" LATÃO";"4,00";"56,0500";"PC";"0,0000";"3341"
"25740727041";"8760";"06/05/2026";"";"10881416310";"ORANIO DOMINGUES COM CONEXOES LTDA";"0,00";"COMPRA PARA ATENDER OBRA TETRA PAK - 3341 

MATERIAL RETIRADO EM NOME DA SAENG - ON RUNNING - 3384";"Em aberto";"9131348085";"0000000003713";"";"TAMPAO STORZ LATAO 1.1/2""";"4,00";"63,3300";"PC";"0,0000";"3341"
"25740727041";"8760";"06/05/2026";"";"10881416310";"ORANIO DOMINGUES COM CONEXOES LTDA";"0,00";"COMPRA PARA ATENDER OBRA TETRA PAK - 3341 

MATERIAL RETIRADO EM NOME DA SAENG - ON RUNNING - 3384";"Em aberto";"12329219101";"0000000000285";"";"CHAVE STORZ DUPLA 2.1/2"" X 1.1/2"" - LATÃO";"4,00";"15,4700";"PC";"0,0000";"3341"
"25740793203";"8761";"06/05/2026";"";"16699236611";"VTK TUBOS E CONEXOES EM ACO LTDA";"0,00";"PEDIDO REFERENTE A SPRINKLERS PARA A OBRA TETRA PAK - 3341

RETIRADO EM NOME DA SAENG";"Em aberto";"0";"";"";"BICO SPRINKLER PENDENTE 68°C X 1/2"" RESPOSTA RAPIDA K80 COBERTURA EXTENDIDA UL/FM";"115,00";"69,9100";"PÇ";"0,0000";"3341"
"25740793203";"8761";"06/05/2026";"";"16699236611";"VTK TUBOS E CONEXOES EM ACO LTDA";"0,00";"PEDIDO REFERENTE A SPRINKLERS PARA A OBRA TETRA PAK - 3341

RETIRADO EM NOME DA SAENG";"Em aberto";"16158257396";"";"";"IMPOSTOS";"1,00";"261,2900";"um";"0,0000";"3341"
"25742311404";"8762";"06/05/2026";"";"16365362700";"HIDROTUDO C. DE MAT. HID. ELE. E CONSTRUÇÕES LTDA";"0,00";"PEDIDO REFERENTE A MATERIAL PARA ABASTECER OBRA UNIVERSAL - 3313";"Em aberto";"16378988929";"0000000002655";"";"COTOVELO PVC PPR 25MM X 90°";"15,00";"2,5800";"PÇ";"0,0000";"3313"
"25743122095";"8763";"06/05/2026";"";"14037711864";"SIPEC COMERCIO REPRESENTACAO IMP. E SERVICOS LTDA";"0,00";"PEDIDO REFERENTE A ABASTECIMENTO DE ESTOQUE VISANDO VENDAS NO ML";"Em aberto";"16521341673";"0000000004339";"";"SPRINKLER PENDENTE STD CROM DRY6"" VK154 K5.6 68°C 1"" UL/FM";"5,00";"543,2000";"PC";"0,0000";"CMHF"
"25743122095";"8763";"06/05/2026";"";"14037711864";"SIPEC COMERCIO REPRESENTACAO IMP. E SERVICOS LTDA";"0,00";"PEDIDO REFERENTE A ABASTECIMENTO DE ESTOQUE VISANDO VENDAS NO ML";"Em aberto";"16158257396";"";"";"IMPOSTOS";"1,00";"88,2700";"um";"0,0000";"CMHF"
"25750676078";"8764";"07/05/2026";"";"10945239129";"PORAO DAS TINTAS COMERCIAL LTDA. - EPP";"0,00";"PEDIDO REFERENTE A MATERIAL PARA A OBRA DHL - 3457";"Em aberto";"16270287264";"0000000001445";"";"ZARCÃO 3,6L";"1,00";"149,0000";"GL";"0,0000";"3457"
"25750676078";"8764";"07/05/2026";"";"10945239129";"PORAO DAS TINTAS COMERCIAL LTDA. - EPP";"0,00";"PEDIDO REFERENTE A MATERIAL PARA A OBRA DHL - 3457";"Em aberto";"9562095194";"0000000003940";"21.01.045";"TINTA VERMELHA 3,6L";"1,00";"139,0000";"GL";"0,0000";"3457"
"25750676078";"8764";"07/05/2026";"";"10945239129";"PORAO DAS TINTAS COMERCIAL LTDA. - EPP";"0,00";"PEDIDO REFERENTE A MATERIAL PARA A OBRA DHL - 3457";"Em aberto";"16393051971";"0000000002264";"10.03.004";"ROLINHO DE PELO DE CARNEIRO 9CM";"1,00";"19,0000";"PC";"0,0000";"3457"
"25753026110";"8765";"07/05/2026";"";"16729308802";"FRANKLIN SADIKLARI ROCHA";"0,00";"PEDIDO REFERENTE A FRETE PARA RETIRADA DE MATERIAL DA SIPEC PARA CMHF";"Em aberto";"9640855418";"";"";"FRETE";"1,00";"80,0000";"VB";"0,0000";"CMHF"
"25753201500";"8766";"07/05/2026";"";"15707888196";"CASA TOGNINI MATERIAIS HID E SANIT LTDA";"0,00";"PEDIDO REFERENTE A MATERIAL PARA ABASTECER OBRA DHL - 3457";"Em aberto";"16317546881";"0000000001728";"";"LAMINA DE SERRA";"10,00";"12,5400";"PC";"0,0000";"3457"
"25753201500";"8766";"07/05/2026";"";"15707888196";"CASA TOGNINI MATERIAIS HID E SANIT LTDA";"0,00";"PEDIDO REFERENTE A MATERIAL PARA ABASTECER OBRA DHL - 3457";"Em aberto";"16172594669";"0000000001170";"316459";"PASTA LUBRIFICANTE 950G";"1,00";"28,3400";"PC";"0,0000";"3457"
"25753201500";"8766";"07/05/2026";"";"15707888196";"CASA TOGNINI MATERIAIS HID E SANIT LTDA";"0,00";"PEDIDO REFERENTE A MATERIAL PARA ABASTECER OBRA DHL - 3457";"Em aberto";"16425487352";"0000000002277";"";"SERRA COPO 32M";"2,00";"59,1000";"";"0,0000";"3457"
"25753229719";"8767";"07/05/2026";"";"15707888196";"CASA TOGNINI MATERIAIS HID E SANIT LTDA";"0,00";"PEDIDO REFERENTE A MATERIAL A PRA ABASTECER OBRA UNIVERSAL - 3313";"Em aberto";"16487427067";"0000000003305";"";"TUBO PVC PPR PN20 25MM";"30,00";"36,8000";"BR";"0,0000";"3313"
"25753229719";"8767";"07/05/2026";"";"15707888196";"CASA TOGNINI MATERIAIS HID E SANIT LTDA";"0,00";"PEDIDO REFERENTE A MATERIAL A PRA ABASTECER OBRA UNIVERSAL - 3313";"Em aberto";"16445660401";"0000000003040";"";"LUVA PVC PPR 25MM";"15,00";"2,1500";"PC";"0,0000";"3313"
"25753229719";"8767";"07/05/2026";"";"15707888196";"CASA TOGNINI MATERIAIS HID E SANIT LTDA";"0,00";"PEDIDO REFERENTE A MATERIAL A PRA ABASTECER OBRA UNIVERSAL - 3313";"Em aberto";"16378988929";"0000000002655";"";"COTOVELO PVC PPR 25MM X 90°";"5,00";"2,1000";"PÇ";"0,0000";"3313"
"25754159629";"8768";"07/05/2026";"";"16151282569";"Panda Materiais Eletricos Ltda.";"0,00";"PEDIDO PARA ATENDER SOLICITAÇÃO DE MATERIAL NA OBRA BRADESCO - 3397";"Em aberto";"0";"";"";"CABO ALARME INCEN FLEX 2 X 1,50MM";"1,00";"299,5000";"UN";"0,0000";"3397"
"25754395495";"8769";"07/05/2026";"";"16203227443";"REGINALDO LIMA GUERRA (PJ)";"0,00";"PEDIDO REFERENTE A ART BOM BEEF - SP MARKET";"Em aberto";"16371812905";"0000000002597";"";"ART";"1,00";"108,3900";"VB";"0,0000";""
"25754961419";"8770";"07/05/2026";"";"17852462354";"Z1 DESPACHANTE LTDA";"0,00";"PEDIDO REFERENTE AO EMPLACAMENTO DO CAMINHÃO";"Em aberto";"0";"";"";"EMPLACAMENTO";"1,00";"919,9100";"";"0,0000";"CMHF"
"25755312195";"8771";"07/05/2026";"";"10881416310";"ORANIO DOMINGUES COM CONEXOES LTDA";"0,00";"PEDIDO REFERENTE A MATERIAL PRA ABASTECER A OBRA DHL - 3457";"Em aberto";"16604202397";"0000000004634";"";"TUBO AÇO CARBONO PRETO C/C 5590 SCH10 6"" PINTADO VERMELHO";"11,00";"922,8500";"BR";"0,0000";"3457"
"25755312195";"8771";"07/05/2026";"";"10881416310";"ORANIO DOMINGUES COM CONEXOES LTDA";"0,00";"PEDIDO REFERENTE A MATERIAL PRA ABASTECER A OBRA DHL - 3457";"Em aberto";"16604204123";"0000000004636";"";"TUBO AÇO CARBONO PRETO C/C 5590 SCH10 3"" PINTADO VERMELHO";"8,00";"398,5000";"BR";"0,0000";"3457"
"25755312195";"8771";"07/05/2026";"";"10881416310";"ORANIO DOMINGUES COM CONEXOES LTDA";"0,00";"PEDIDO REFERENTE A MATERIAL PRA ABASTECER A OBRA DHL - 3457";"Em aberto";"16462595424";"0000000003182";"";"TUBO AÇO CARBONO PRETO C/C 5590 SCH10 2.1/2 PINTADO VERMELHO";"23,00";"312,8200";"BR";"0,0000";"3457"
"25755312195";"8771";"07/05/2026";"";"10881416310";"ORANIO DOMINGUES COM CONEXOES LTDA";"0,00";"PEDIDO REFERENTE A MATERIAL PRA ABASTECER A OBRA DHL - 3457";"Em aberto";"16233291889";"0000000001319";"";"TUBO AÇO CARBONO PRETO C/C 5590 SCH10 2"" PINTADO VERMELHO";"3,00";"253,9600";"MT";"0,0000";"3457"
"25755312195";"8771";"07/05/2026";"";"10881416310";"ORANIO DOMINGUES COM CONEXOES LTDA";"0,00";"PEDIDO REFERENTE A MATERIAL PRA ABASTECER A OBRA DHL - 3457";"Em aberto";"15964114353";"0000000000717";"";"TUBO ACO CARBONO PRETO 5580 - 1.1/4""";"1,00";"134,2000";"BR";"0,0000";"3457"
"25755312195";"8771";"07/05/2026";"";"10881416310";"ORANIO DOMINGUES COM CONEXOES LTDA";"0,00";"PEDIDO REFERENTE A MATERIAL PRA ABASTECER A OBRA DHL - 3457";"Em aberto";"15964114753";"0000000000718";"";"TUBO ACO CARBONO PRETO 5580  1""";"6,00";"101,6400";"MT";"0,0000";"3457"
"25755312195";"8771";"07/05/2026";"";"10881416310";"ORANIO DOMINGUES COM CONEXOES LTDA";"0,00";"PEDIDO REFERENTE A MATERIAL PRA ABASTECER A OBRA DHL - 3457";"Em aberto";"16621888881";"0000000004686";"";"VALVULA BORBOLETA RANHURADA 6""";"1,00";"913,8400";"PC";"0,0000";"3457"
"25755312195";"8771";"07/05/2026";"";"10881416310";"ORANIO DOMINGUES COM CONEXOES LTDA";"0,00";"PEDIDO REFERENTE A MATERIAL PRA ABASTECER A OBRA DHL - 3457";"Em aberto";"16511860088";"0000000004168";"";"PLUG AÇO CARBONO PRETO BSP 2""";"2,00";"17,7200";"PC";"0,0000";"3457"
"25755312195";"8771";"07/05/2026";"";"10881416310";"ORANIO DOMINGUES COM CONEXOES LTDA";"0,00";"PEDIDO REFERENTE A MATERIAL PRA ABASTECER A OBRA DHL - 3457";"Em aberto";"13639391728";"0000000000352";"";"PLUG AÇO CARBONO PRETO BSP 1 1/4""";"1,00";"9,7400";"PC";"0,0000";"3457"
"25755312195";"8771";"07/05/2026";"";"10881416310";"ORANIO DOMINGUES COM CONEXOES LTDA";"0,00";"PEDIDO REFERENTE A MATERIAL PRA ABASTECER A OBRA DHL - 3457";"Em aberto";"16096878511";"0000000000974";"";"FITA VEDA ROSCA 18MM X 50MT";"10,00";"11,0000";"PC";"0,0000";"3457"
"25755312195";"8771";"07/05/2026";"";"10881416310";"ORANIO DOMINGUES COM CONEXOES LTDA";"0,00";"PEDIDO REFERENTE A MATERIAL PRA ABASTECER A OBRA DHL - 3457";"Em aberto";"16049019676";"0000000000812";"";"ACOPLAMENTO RIGIDO UL/FM - 6"" (168MM)";"16,00";"67,7300";"PC";"0,0000";"3457"
"25755312195";"8771";"07/05/2026";"";"10881416310";"ORANIO DOMINGUES COM CONEXOES LTDA";"0,00";"PEDIDO REFERENTE A MATERIAL PRA ABASTECER A OBRA DHL - 3457";"Em aberto";"16518569668";"0000000004301";"";"ACOPLAMENTO FLEXIVEL 2 1/2""(73MM)";"15,00";"18,8000";"PC";"0,0000";"3457"
"25755312195";"8771";"07/05/2026";"";"10881416310";"ORANIO DOMINGUES COM CONEXOES LTDA";"0,00";"PEDIDO REFERENTE A MATERIAL PRA ABASTECER A OBRA DHL - 3457";"Em aberto";"16518568217";"0000000004300";"";"ACOPLAMENTO FLEXIVEL 3""";"10,00";"19,8600";"PC";"0,0000";"3457"
"25755312195";"8771";"07/05/2026";"";"10881416310";"ORANIO DOMINGUES COM CONEXOES LTDA";"0,00";"PEDIDO REFERENTE A MATERIAL PRA ABASTECER A OBRA DHL - 3457";"Em aberto";"16167320889";"0000000001129";"";"ACOPLAMENTO FLEXIVEL 3"" X 2.1/2""(73MM)";"6,00";"42,3500";"PC";"0,0000";"3457"
"25755312195";"8771";"07/05/2026";"";"10881416310";"ORANIO DOMINGUES COM CONEXOES LTDA";"0,00";"PEDIDO REFERENTE A MATERIAL PRA ABASTECER A OBRA DHL - 3457";"Em aberto";"16634462027";"0000000004693";"";"TE MECANICO RANHURADO 6"" X 2""";"1,00";"52,5300";"PÇ";"0,0000";"3457"
"25755312195";"8771";"07/05/2026";"";"10881416310";"ORANIO DOMINGUES COM CONEXOES LTDA";"0,00";"PEDIDO REFERENTE A MATERIAL PRA ABASTECER A OBRA DHL - 3457";"Em aberto";"16049080973";"0000000000827";"";"TE MECANICO RANHURADO 6"" X 2 1/2""(73MM)";"1,00";"64,4000";"PC";"0,0000";"3457"
"25755312195";"8771";"07/05/2026";"";"10881416310";"ORANIO DOMINGUES COM CONEXOES LTDA";"0,00";"PEDIDO REFERENTE A MATERIAL PRA ABASTECER A OBRA DHL - 3457";"Em aberto";"16335625737";"0000000001983";"";"TE MECANICO RANHURADO 6"" X 3""";"7,00";"66,9400";"PÇ";"0,0000";"3457"
"25755312195";"8771";"07/05/2026";"";"10881416310";"ORANIO DOMINGUES COM CONEXOES LTDA";"0,00";"PEDIDO REFERENTE A MATERIAL PRA ABASTECER A OBRA DHL - 3457";"Em aberto";"16024307969";"0000000000757";"";"TE MECANICO RANHURADO 3"" X 2 1/2""(73MM)";"7,00";"33,1500";"PC";"0,0000";"3457"
"25755312195";"8771";"07/05/2026";"";"10881416310";"ORANIO DOMINGUES COM CONEXOES LTDA";"0,00";"PEDIDO REFERENTE A MATERIAL PRA ABASTECER A OBRA DHL - 3457";"Em aberto";"16056295483";"0000000000848";"";"COTOVELO RANHURADO 6"" X 90º";"2,00";"98,9700";"PC";"0,0000";"3457"
"25755312195";"8771";"07/05/2026";"";"10881416310";"ORANIO DOMINGUES COM CONEXOES LTDA";"0,00";"PEDIDO REFERENTE A MATERIAL PRA ABASTECER A OBRA DHL - 3457";"Em aberto";"16085260134";"0000000000949";"";"CAPS RANHURADO 6""";"1,00";"37,3700";"PC";"0,0000";"3457"
"25755312195";"8771";"07/05/2026";"";"10881416310";"ORANIO DOMINGUES COM CONEXOES LTDA";"0,00";"PEDIDO REFERENTE A MATERIAL PRA ABASTECER A OBRA DHL - 3457";"Em aberto";"16526628236";"0000000004415";"";"TE MECANICO U-BOLT 2.1/2"" X 1"" (73 X 33)";"47,00";"17,1000";"PC";"0,0000";"3457"
"25755312195";"8771";"07/05/2026";"";"10881416310";"ORANIO DOMINGUES COM CONEXOES LTDA";"0,00";"PEDIDO REFERENTE A MATERIAL PRA ABASTECER A OBRA DHL - 3457";"Em aberto";"0";"";"";"TE MECANICO U-BOLT 3 X 1(60X33).";"14,00";"36,8900";"";"0,0000";"3457"
"25755312195";"8771";"07/05/2026";"";"10881416310";"ORANIO DOMINGUES COM CONEXOES LTDA";"0,00";"PEDIDO REFERENTE A MATERIAL PRA ABASTECER A OBRA DHL - 3457";"Em aberto";"16158257396";"";"";"IMPOSTOS";"1,00";"0,1600";"um";"0,0000";"3457"
"25758961601";"8772";"08/05/2026";"";"10945239129";"PORAO DAS TINTAS COMERCIAL LTDA. - EPP";"0,00";"PEDIDO REFERENTE A MATERIAL PARA ABASTECER OBRA ON RUNNING - 3384";"Em aberto";"16270287264";"0000000001445";"";"ZARCÃO 3,6L";"1,00";"149,0000";"GL";"0,0000";"3384"
"25759695082";"8773";"08/05/2026";"";"17852443821";"MEGA PEAD TUBOS E CONEXOES LTDA";"0,00";"PEDIDO REFERENTE A VENDA PARA ATENDE OBRA JANDAIA - 2449";"Em aberto";"16603896283";"0000000004625";"LUEF31511II";"LUVA EF PEAD DN315 SDR11 PN16 II";"3,00";"954,3600";"PC";"0,0000";"2449"
"25760292386";"8774";"08/05/2026";"";"15707888196";"CASA TOGNINI MATERIAIS HID E SANIT LTDA";"0,00";"PEDIDO REFERENTE A COMPRA DE MATERIAL PARA ABASTECER OBRA ON RUNNING - 3384";"Em aberto";"15816413639";"0000000000431";"";"ABRAÇADEIRA ECONOMICA 2 1/2""";"20,00";"3,1500";"PC";"0,0000";"3384"
"25760292386";"8774";"08/05/2026";"";"15707888196";"CASA TOGNINI MATERIAIS HID E SANIT LTDA";"0,00";"PEDIDO REFERENTE A COMPRA DE MATERIAL PARA ABASTECER OBRA ON RUNNING - 3384";"Em aberto";"9893855955";"0000000004061";"";"ABRAÇADEIRA ECONOMICA 1 1/2""";"15,00";"1,9800";"PC";"0,0000";"3384"
"25760292386";"8774";"08/05/2026";"";"15707888196";"CASA TOGNINI MATERIAIS HID E SANIT LTDA";"0,00";"PEDIDO REFERENTE A COMPRA DE MATERIAL PARA ABASTECER OBRA ON RUNNING - 3384";"Em aberto";"9893843671";"0000000004060";"";"ABRAÇADEIRA ECONOMICA 1 1/4""";"15,00";"1,7000";"PC";"0,0000";"3384"
"25760292386";"8774";"08/05/2026";"";"15707888196";"CASA TOGNINI MATERIAIS HID E SANIT LTDA";"0,00";"PEDIDO REFERENTE A COMPRA DE MATERIAL PARA ABASTECER OBRA ON RUNNING - 3384";"Em aberto";"9763927236";"0000000004001";"ABEG003";"ABRAÇADEIRA ECONOMICA 1""";"30,00";"1,2600";"PC";"0,0000";"3384"
"25760292386";"8774";"08/05/2026";"";"15707888196";"CASA TOGNINI MATERIAIS HID E SANIT LTDA";"0,00";"PEDIDO REFERENTE A COMPRA DE MATERIAL PARA ABASTECER OBRA ON RUNNING - 3384";"Em aberto";"15218312207";"0000000004545";"";"REFIL P/ MACARICO";"1,00";"37,8800";"PC";"0,0000";"3384"
"25760292386";"8774";"08/05/2026";"";"15707888196";"CASA TOGNINI MATERIAIS HID E SANIT LTDA";"0,00";"PEDIDO REFERENTE A COMPRA DE MATERIAL PARA ABASTECER OBRA ON RUNNING - 3384";"Em aberto";"16552072800";"0000000004520";"";"SERRA COPO 51MM";"1,00";"80,4000";"PC";"0,0000";"3384"
"25760292386";"8774";"08/05/2026";"";"15707888196";"CASA TOGNINI MATERIAIS HID E SANIT LTDA";"0,00";"PEDIDO REFERENTE A COMPRA DE MATERIAL PARA ABASTECER OBRA ON RUNNING - 3384";"Em aberto";"16425487352";"0000000002277";"";"SERRA COPO 32M";"1,00";"59,1000";"";"0,0000";"3384"
"25760292386";"8774";"08/05/2026";"";"15707888196";"CASA TOGNINI MATERIAIS HID E SANIT LTDA";"0,00";"PEDIDO REFERENTE A COMPRA DE MATERIAL PARA ABASTECER OBRA ON RUNNING - 3384";"Em aberto";"16357109812";"0000000002223";"";"SERRA COPO AR 25M 1 VONDER/DEWALT/IRWIN";"2,00";"41,1000";"";"0,0000";"3384"
"25761405199";"8775";"08/05/2026";"";"16729308802";"FRANKLIN SADIKLARI ROCHA";"0,00";"PEDIDO REFERENTE A FRETE PARA ENTREGA DE DOCUMENTAÇÃO";"Em aberto";"9640855418";"";"";"FRETE";"1,00";"60,0000";"VB";"0,0000";"CMHF"
"25761740011";"8776";"08/05/2026";"";"16726307619";"Tecno Fluidos Sistemas de Conducao Ltda";"0,00";"PEDIDO PARA ATENDER PEDIDO DE VENDA - 1561";"Em aberto";"0";"";"";" DTX TUBO 75 x 4000 mm";"2,00";"175,9500";"BR";"0,0000";"P1561"
"25761740011";"8776";"08/05/2026";"";"16726307619";"Tecno Fluidos Sistemas de Conducao Ltda";"0,00";"PEDIDO PARA ATENDER PEDIDO DE VENDA - 1561";"Em aberto";"0";"";"";" DTX LUVA DE REDUCAO EXCENTRICA 75 x 50 mm";"2,00";"29,4500";"UN";"0,0000";"P1561"
"25761740011";"8776";"08/05/2026";"";"16726307619";"Tecno Fluidos Sistemas de Conducao Ltda";"0,00";"PEDIDO PARA ATENDER PEDIDO DE VENDA - 1561";"Em aberto";"0";"";"";"DTX JUNCAO 45° SIMPLES 75 x 50 mm";"4,00";"43,0600";"UN";"0,0000";"P1561"
"25761740011";"8776";"08/05/2026";"";"16726307619";"Tecno Fluidos Sistemas de Conducao Ltda";"0,00";"PEDIDO PARA ATENDER PEDIDO DE VENDA - 1561";"Em aberto";"0";"";"";"DTX LUVA DUPLA 75 mm";"6,00";"30,6900";"UN";"0,0000";"P1561"
"25761740011";"8776";"08/05/2026";"";"16726307619";"Tecno Fluidos Sistemas de Conducao Ltda";"0,00";"PEDIDO PARA ATENDER PEDIDO DE VENDA - 1561";"Em aberto";"0";"";"";" DTX JOELHO 45 M-F 75 mm";"2,00";"24,5000";"UN";"0,0000";"P1561"
"25761740011";"8776";"08/05/2026";"";"16726307619";"Tecno Fluidos Sistemas de Conducao Ltda";"0,00";"PEDIDO PARA ATENDER PEDIDO DE VENDA - 1561";"Em aberto";"0";"";"";" DTX JOELHO 8730 M-F 75 mm";"1,00";"25,0000";"UN";"0,0000";"P1561"
"25761740011";"8776";"08/05/2026";"";"16726307619";"Tecno Fluidos Sistemas de Conducao Ltda";"0,00";"PEDIDO PARA ATENDER PEDIDO DE VENDA - 1561";"Em aberto";"0";"";"";"DTX JOELHO 8730 M-F 50 mm";"6,00";"14,0600";"UN";"0,0000";"P1561"
"25761740011";"8776";"08/05/2026";"";"16726307619";"Tecno Fluidos Sistemas de Conducao Ltda";"0,00";"PEDIDO PARA ATENDER PEDIDO DE VENDA - 1561";"Em aberto";"0";"";"";"DTX JOELHO 45 M-F 50 mm";"2,00";"14,8400";"UN";"0,0000";"P1561"
"25761740011";"8776";"08/05/2026";"";"16726307619";"Tecno Fluidos Sistemas de Conducao Ltda";"0,00";"PEDIDO PARA ATENDER PEDIDO DE VENDA - 1561";"Em aberto";"0";"";"";"DTX LUVA DUPLA 50 mm";"8,00";"16,3500";"UN";"0,0000";"P1561"
"25761740011";"8776";"08/05/2026";"";"16726307619";"Tecno Fluidos Sistemas de Conducao Ltda";"0,00";"PEDIDO PARA ATENDER PEDIDO DE VENDA - 1561";"Em aberto";"0";"";"";"DTX TUBO 50 x 4000 mm";"2,00";"132,7400";"BR";"0,0000";"P1561"
"25761740011";"8776";"08/05/2026";"";"16726307619";"Tecno Fluidos Sistemas de Conducao Ltda";"0,00";"PEDIDO PARA ATENDER PEDIDO DE VENDA - 1561";"Em aberto";"0";"";"";"DTX LUBRIFICANTE 400 cm ³ x 245G";"2,00";"102,9600";"UN";"0,0000";"P1561"
"25761740011";"8776";"08/05/2026";"";"16726307619";"Tecno Fluidos Sistemas de Conducao Ltda";"0,00";"PEDIDO PARA ATENDER PEDIDO DE VENDA - 1561";"Em aberto";"16158257396";"";"";"IMPOSTOS";"1,00";"174,9400";"um";"0,0000";"P1561"
"25762819377";"8777";"08/05/2026";"";"10881416310";"ORANIO DOMINGUES COM CONEXOES LTDA";"0,00";"PEDIDO REFERENTE A COMPRA DE PATERIAL PARA A OBRA ON RUNNING - 3384";"Em aberto";"16339323162";"0000000002065";"";"TE AÇO CARBONO PRETO BSP 1.1/4"" X 1""";"10,00";"26,9100";"";"0,0000";"3384"
"25762819377";"8777";"08/05/2026";"";"10881416310";"ORANIO DOMINGUES COM CONEXOES LTDA";"0,00";"PEDIDO REFERENTE A COMPRA DE PATERIAL PARA A OBRA ON RUNNING - 3384";"Em aberto";"0";"";"";"BUCHA DE REDUÇÃO AÇO CARBONO PRETO BSP 1.1/2"" X 1.1/4""";"13,00";"17,7900";"";"0,0000";"3384"
"25762819377";"8777";"08/05/2026";"";"10881416310";"ORANIO DOMINGUES COM CONEXOES LTDA";"0,00";"PEDIDO REFERENTE A COMPRA DE PATERIAL PARA A OBRA ON RUNNING - 3384";"Em aberto";"16518568217";"0000000004300";"";"ACOPLAMENTO FLEXIVEL 3""";"10,00";"18,6000";"PC";"0,0000";"3384"
"25762819377";"8777";"08/05/2026";"";"10881416310";"ORANIO DOMINGUES COM CONEXOES LTDA";"0,00";"PEDIDO REFERENTE A COMPRA DE PATERIAL PARA A OBRA ON RUNNING - 3384";"Em aberto";"12236428870";"0000000000282";"";"ACOPLAMENTO RIGIDO UL/FM - 2.1/2"" (73MM)";"30,00";"17,6500";"PC";"0,0000";"3384"
"25762819377";"8777";"08/05/2026";"";"10881416310";"ORANIO DOMINGUES COM CONEXOES LTDA";"0,00";"PEDIDO REFERENTE A COMPRA DE PATERIAL PARA A OBRA ON RUNNING - 3384";"Em aberto";"0";"";"";"COTOVELO RANHURADO 2.1/2""(73MM) X 90°";"10,00";"24,7500";"PC";"0,0000";"3384"
"25762819377";"8777";"08/05/2026";"";"10881416310";"ORANIO DOMINGUES COM CONEXOES LTDA";"0,00";"PEDIDO REFERENTE A COMPRA DE PATERIAL PARA A OBRA ON RUNNING - 3384";"Em aberto";"16019659907";"0000000000748";"";"COTOVELO RANHURADO 3"" X 90º";"3,00";"29,5200";"PC";"0,0000";"3384"
"25762819377";"8777";"08/05/2026";"";"10881416310";"ORANIO DOMINGUES COM CONEXOES LTDA";"0,00";"PEDIDO REFERENTE A COMPRA DE PATERIAL PARA A OBRA ON RUNNING - 3384";"Em aberto";"0";"";"";"COTOVELO AÇO CARBONO PRETO BSP 1.1/4"" X 90°";"17,00";"18,7600";"PC";"0,0000";"3384"
"25762819377";"8777";"08/05/2026";"";"10881416310";"ORANIO DOMINGUES COM CONEXOES LTDA";"0,00";"PEDIDO REFERENTE A COMPRA DE PATERIAL PARA A OBRA ON RUNNING - 3384";"Em aberto";"0";"";"";"COTOVELO AÇO CARBONO PRETO BSP 1.1/2"" X 90°";"6,00";"26,4000";"PC";"0,0000";"3384"
"25762819377";"8777";"08/05/2026";"";"10881416310";"ORANIO DOMINGUES COM CONEXOES LTDA";"0,00";"PEDIDO REFERENTE A COMPRA DE PATERIAL PARA A OBRA ON RUNNING - 3384";"Em aberto";"16245270944";"0000000001354";"";"TE RANHURADO 4"" X 2""";"5,00";"58,5000";"PC";"0,0000";"3384"
"25762819377";"8777";"08/05/2026";"";"10881416310";"ORANIO DOMINGUES COM CONEXOES LTDA";"0,00";"PEDIDO REFERENTE A COMPRA DE PATERIAL PARA A OBRA ON RUNNING - 3384";"Em aberto";"0";"";"";"TE MECANICO SAIDA ROSCA 2.1/2""(73MM) X 1.1/4""";"3,00";"22,0200";"PC";"0,0000";"3384"
"25762819377";"8777";"08/05/2026";"";"10881416310";"ORANIO DOMINGUES COM CONEXOES LTDA";"0,00";"PEDIDO REFERENTE A COMPRA DE PATERIAL PARA A OBRA ON RUNNING - 3384";"Em aberto";"0";"";"";"CAPS RANHURADO 2.1/2""(73MM)";"6,00";"10,6000";"PC";"0,0000";"3384"
"25762819377";"8777";"08/05/2026";"";"10881416310";"ORANIO DOMINGUES COM CONEXOES LTDA";"0,00";"PEDIDO REFERENTE A COMPRA DE PATERIAL PARA A OBRA ON RUNNING - 3384";"Em aberto";"0";"";"";"TE MECANICO SAIDA ROSCA 3"" X 1.1/2""";"4,00";"25,2200";"PC";"0,0000";"3384"
"25762819377";"8777";"08/05/2026";"";"10881416310";"ORANIO DOMINGUES COM CONEXOES LTDA";"0,00";"PEDIDO REFERENTE A COMPRA DE PATERIAL PARA A OBRA ON RUNNING - 3384";"Em aberto";"16518570817";"0000000004303";"";"ACOPLAMENTO FLEXIVEL 3"" X 2""";"2,00";"41,6900";"PC";"0,0000";"3384"
"25762819377";"8777";"08/05/2026";"";"10881416310";"ORANIO DOMINGUES COM CONEXOES LTDA";"0,00";"PEDIDO REFERENTE A COMPRA DE PATERIAL PARA A OBRA ON RUNNING - 3384";"Em aberto";"0";"";"";"BUCHA DE REDUÇÃO AÇO CARBONO PRETO BSP 2"" X 1.1/4""";"2,00";"22,9100";"PC";"0,0000";"3384"
"25762819377";"8777";"08/05/2026";"";"10881416310";"ORANIO DOMINGUES COM CONEXOES LTDA";"0,00";"PEDIDO REFERENTE A COMPRA DE PATERIAL PARA A OBRA ON RUNNING - 3384";"Em aberto";"0";"";"";"TE MECANICO SAIDA ROSCA 2"" X 1""";"2,00";"19,5000";"PC";"0,0000";"3384"
"25762819377";"8777";"08/05/2026";"";"10881416310";"ORANIO DOMINGUES COM CONEXOES LTDA";"0,00";"PEDIDO REFERENTE A COMPRA DE PATERIAL PARA A OBRA ON RUNNING - 3384";"Em aberto";"0";"";"";"ACOPLAMENTO FLEXIVEL 2.1/2""(73MM) X 2""";"2,00";"40,3400";"PC";"0,0000";"3384"
"25762819377";"8777";"08/05/2026";"";"10881416310";"ORANIO DOMINGUES COM CONEXOES LTDA";"0,00";"PEDIDO REFERENTE A COMPRA DE PATERIAL PARA A OBRA ON RUNNING - 3384";"Em aberto";"0";"";"";"CAPS AÇO CARBONO PRETO BSP 2""";"2,00";"23,2500";"PC";"0,0000";"3384"
"25762819377";"8777";"08/05/2026";"";"10881416310";"ORANIO DOMINGUES COM CONEXOES LTDA";"0,00";"PEDIDO REFERENTE A COMPRA DE PATERIAL PARA A OBRA ON RUNNING - 3384";"Em aberto";"16511860088";"0000000004168";"";"PLUG AÇO CARBONO PRETO BSP 2""";"2,00";"16,6100";"PC";"0,0000";"3384"
"25762819377";"8777";"08/05/2026";"";"10881416310";"ORANIO DOMINGUES COM CONEXOES LTDA";"0,00";"PEDIDO REFERENTE A COMPRA DE PATERIAL PARA A OBRA ON RUNNING - 3384";"Em aberto";"16459323146";"0000000003168";"";"TE AÇO CARBONO PRETO BSP 2"" X 1""";"7,00";"61,4400";"PÇ";"0,0000";"3384"
"25762819377";"8777";"08/05/2026";"";"10881416310";"ORANIO DOMINGUES COM CONEXOES LTDA";"0,00";"PEDIDO REFERENTE A COMPRA DE PATERIAL PARA A OBRA ON RUNNING - 3384";"Em aberto";"0";"";"";"BUCHA DE REDUÇÃO AÇO CARBONO PRETO BSP 2"" X 1.1/2""";"10,00";"22,9100";"PÇ";"0,0000";"3384"
"25762819377";"8777";"08/05/2026";"";"10881416310";"ORANIO DOMINGUES COM CONEXOES LTDA";"0,00";"PEDIDO REFERENTE A COMPRA DE PATERIAL PARA A OBRA ON RUNNING - 3384";"Em aberto";"0";"";"";"TE AÇO CARBONO PRETO BSP 1.1/2"" X 1""";"6,00";"38,1900";"PÇ";"0,0000";"3384"
"25764676814";"8778";"08/05/2026";"";"12547960790";"ACOS FERNANDES TUBOS E CONEXOES LTDA";"0,00";"PEDIDO REFERENTE A MATERIAL PARA ABASTECER A OBRA ON RUNNING - 3384";"Em aberto";"15964113687";"0000000000716";"";"TUBO ACO CARBONO PRETO 5580 - 1.1/2""";"9,00";"217,1300";"BR";"0,0000";"3384"
"25764676814";"8778";"08/05/2026";"";"12547960790";"ACOS FERNANDES TUBOS E CONEXOES LTDA";"0,00";"PEDIDO REFERENTE A MATERIAL PARA ABASTECER A OBRA ON RUNNING - 3384";"Em aberto";"15964113168";"0000000000715";"";"TUBO ACO CARBONO PRETO 5580 - 2""";"8,00";"266,2000";"BR";"0,0000";"3384"
"25764676814";"8778";"08/05/2026";"";"12547960790";"ACOS FERNANDES TUBOS E CONEXOES LTDA";"0,00";"PEDIDO REFERENTE A MATERIAL PARA ABASTECER A OBRA ON RUNNING - 3384";"Em aberto";"16015390660";"0000000000741";"";"TUBO ACO CARBONO PRETO 5580 - 2.1/2""";"8,00";"308,3900";"BR";"0,0000";"3384"
"25764676814";"8778";"08/05/2026";"";"12547960790";"ACOS FERNANDES TUBOS E CONEXOES LTDA";"0,00";"PEDIDO REFERENTE A MATERIAL PARA ABASTECER A OBRA ON RUNNING - 3384";"Em aberto";"16509434269";"0000000004115";"";"TUBO ACO CARBONO PRETO C/C SCH10 4""";"1,00";"480,9600";"BR";"0,0000";"3384"
"25765036223";"8779";"08/05/2026";"";"15822466992";"ASCAEL COMERCIAL";"0,00";"PEDIDO REALIZADO REFERENTE A COMPRA DE MATERIAL PARA JANDAIA - 2449";"Em aberto";"0";"";"";"DETECTOR DE FUMAÇA";"1,00";"27.595,8100";"PÇ";"0,0000";"2449"
"25783154890";"8780";"11/05/2026";"";"18131420484";"TWS ENGENHARIA LTDA";"0,00";"PEDIDO REFERENTE A EMPREITA REALIZADA NA OBRA TETRA PAK - 3341
ESCOPO
Instalação de louças e metais extra
✓ 10 bacias no superior
✓ 10 lavatórios no superior
✓ 9 bacias no térreo
✓ 10 lavatório no térreo
✓ 1 pia no térreo
Pontos de AF e EG extra.
✓ 4 pontos de AF no andar superior.
✓ 3 pontos de EG no andar superior.
✓ 3 pontos de AF no térreo.
✓ 3 pontos de EG no térreo.
Total de pontos 13";"Em aberto";"16357119601";"";"";"EMPREITA";"1,00";"6.500,0000";"";"0,0000";"3341"
"25785222275";"8781";"11/05/2026";"";"17852462354";"Z1 DESPACHANTE LTDA";"0,00";"PEDIDO REFERENTE A APROVAÇÃO DO PAGAMENTO DO IPVA";"Em aberto";"16369240526";"0000000002575";"";"DESPESAS COM O CARRO DA EMPRESA";"1,00";"3.052,8000";"";"0,0000";"CMHF"
"25786331204";"8782";"11/05/2026";"";"17817353740";"MARCELO PAES ME";"0,00";"PEDIDO REFERENTE A LOCAÇÃO DE MAQUINARIO EM NOME DA BIGPAR PARA A OBRA DHL - 3457";"Em aberto";"16573863767";"";"";"LOCAÇÃO DE MAQUINARIO";"1,00";"1.280,0000";"VB";"0,0000";"3457"
"25786635686";"8783";"11/05/2026";"";"17977550063";"52.462.593 ADACIEL MANGUEIRA DE SOUSA";"0,00";"PEDIDO REFERENTE A EMPREITA REALIZADA NA OBRA DHL - 3457

Responsabilidades cmhf

Projeto plotado

Material spk 

Malao vazio

Plataforma elétrica

Andaime

Máquina grover 

Rosquiadeira 



Responsabilidade empreiteiro 

EPI’s

Ferramentas elétrica manuais 

Extensão 

Grifos 

Parafusadeira lá



61 pontos de spk. 

De acordo com projeto apresentado";"Em aberto";"16357119601";"";"";"EMPREITA";"1,00";"16.000,0000";"";"0,0000";""
"25792745571";"8784";"12/05/2026";"";"17852443821";"MEGA PEAD TUBOS E CONEXOES LTDA";"0,00";"PEDIDO REFERENTE AO ALUGUEL MENSAL DA MAQUINA DE ELETROFUSÃO PARA JANDAIA - 2449";"Em aberto";"16573863767";"";"";"LOCAÇÃO DE MAQUINARIO";"1,00";"850,0000";"VB";"0,0000";"2449"
"25793270074";"8785";"12/05/2026";"";"15707888196";"CASA TOGNINI MATERIAIS HID E SANIT LTDA";"0,00";"PEDIDO REFERENTE A COMPRA DE MATERIAL PARA A OBRA DA RUA ESPANHA - 3174";"Em aberto";"16487427067";"0000000003305";"209863";"TUBO PVC PPR PN20 25MM";"7,00";"35,9300";"BR";"0,0000";"3174"
"25793270074";"8785";"12/05/2026";"";"15707888196";"CASA TOGNINI MATERIAIS HID E SANIT LTDA";"0,00";"PEDIDO REFERENTE A COMPRA DE MATERIAL PARA A OBRA DA RUA ESPANHA - 3174";"Em aberto";"16487427329";"0000000003306";"";"TUBO PVC PPR PN20 32MM";"3,00";"54,7200";"BR";"0,0000";"3174"
"25793270074";"8785";"12/05/2026";"";"15707888196";"CASA TOGNINI MATERIAIS HID E SANIT LTDA";"0,00";"PEDIDO REFERENTE A COMPRA DE MATERIAL PARA A OBRA DA RUA ESPANHA - 3174";"Em aberto";"16487322304";"0000000003295";"";"TUBO PVC PPR PN20 40MM";"3,00";"72,7300";"BR";"0,0000";"3174"
"25793270074";"8785";"12/05/2026";"";"15707888196";"CASA TOGNINI MATERIAIS HID E SANIT LTDA";"0,00";"PEDIDO REFERENTE A COMPRA DE MATERIAL PARA A OBRA DA RUA ESPANHA - 3174";"Em aberto";"16339203332";"0000000002056";"";"REGISTRO GAVETA BASE 1""";"1,00";"86,7800";"PC";"0,0000";"3174"
"25793270074";"8785";"12/05/2026";"";"15707888196";"CASA TOGNINI MATERIAIS HID E SANIT LTDA";"0,00";"PEDIDO REFERENTE A COMPRA DE MATERIAL PARA A OBRA DA RUA ESPANHA - 3174";"Em aberto";"16405254623";"0000000002821";"";"REGISTRO GAVETA BASE 1.1/4""";"1,00";"114,8900";"";"0,0000";"3174"
"25793270074";"8785";"12/05/2026";"";"15707888196";"CASA TOGNINI MATERIAIS HID E SANIT LTDA";"0,00";"PEDIDO REFERENTE A COMPRA DE MATERIAL PARA A OBRA DA RUA ESPANHA - 3174";"Em aberto";"16339203328";"0000000002052";"";"CONECTOR MACHO PVC PPR 32MM X 1""";"2,00";"23,1500";"PC";"0,0000";"3174"
"25793270074";"8785";"12/05/2026";"";"15707888196";"CASA TOGNINI MATERIAIS HID E SANIT LTDA";"0,00";"PEDIDO REFERENTE A COMPRA DE MATERIAL PARA A OBRA DA RUA ESPANHA - 3174";"Em aberto";"16354860408";"0000000002413";"";"CONECTOR MACHO PVC PPR 40MM X 1.1/4""";"2,00";"91,9900";"PÇ";"0,0000";"3174"
"25793270074";"8785";"12/05/2026";"";"15707888196";"CASA TOGNINI MATERIAIS HID E SANIT LTDA";"0,00";"PEDIDO REFERENTE A COMPRA DE MATERIAL PARA A OBRA DA RUA ESPANHA - 3174";"Em aberto";"16518106127";"0000000004266";"";"BUCHA REDUCAO PVC PPR 40 X 32MM";"1,00";"10,8500";"PC";"0,0000";"3174"
"25793270074";"8785";"12/05/2026";"";"15707888196";"CASA TOGNINI MATERIAIS HID E SANIT LTDA";"0,00";"PEDIDO REFERENTE A COMPRA DE MATERIAL PARA A OBRA DA RUA ESPANHA - 3174";"Em aberto";"16518513023";"0000000004297";"";"TE LR PVC PPR 32MM X 3/4""";"3,00";"27,5400";"PC";"0,0000";"3174"
"25793270074";"8785";"12/05/2026";"";"15707888196";"CASA TOGNINI MATERIAIS HID E SANIT LTDA";"0,00";"PEDIDO REFERENTE A COMPRA DE MATERIAL PARA A OBRA DA RUA ESPANHA - 3174";"Em aberto";"16392614746";"0000000002262";"";"COTOVELO PVC PPR 32MM X 90°";"6,00";"3,8700";"PC";"0,0000";"3174"
"25793270074";"8785";"12/05/2026";"";"15707888196";"CASA TOGNINI MATERIAIS HID E SANIT LTDA";"0,00";"PEDIDO REFERENTE A COMPRA DE MATERIAL PARA A OBRA DA RUA ESPANHA - 3174";"Em aberto";"16299663933";"0000000001540";"";"COTOVELO PVC PPR 40MM X 90º";"3,00";"8,1700";"PC";"0,0000";"3174"
"25793270074";"8785";"12/05/2026";"";"15707888196";"CASA TOGNINI MATERIAIS HID E SANIT LTDA";"0,00";"PEDIDO REFERENTE A COMPRA DE MATERIAL PARA A OBRA DA RUA ESPANHA - 3174";"Em aberto";"16518505457";"0000000004289";"";"TE PVC PPR 32 X 25MM";"1,00";"8,3500";"PC";"0,0000";"3174"
"25793270074";"8785";"12/05/2026";"";"15707888196";"CASA TOGNINI MATERIAIS HID E SANIT LTDA";"0,00";"PEDIDO REFERENTE A COMPRA DE MATERIAL PARA A OBRA DA RUA ESPANHA - 3174";"Em aberto";"16372039716";"0000000002621";"24200";"BUCHA REDUCAO PVC PPR 32 X 25MM";"2,00";"4,7200";"PC";"0,0000";"3174"
"25793270074";"8785";"12/05/2026";"";"15707888196";"CASA TOGNINI MATERIAIS HID E SANIT LTDA";"0,00";"PEDIDO REFERENTE A COMPRA DE MATERIAL PARA A OBRA DA RUA ESPANHA - 3174";"Em aberto";"16378988929";"0000000002655";"209770";"COTOVELO PVC PPR 25MM X 90°";"6,00";"2,0500";"PÇ";"0,0000";"3174"
"25793270074";"8785";"12/05/2026";"";"15707888196";"CASA TOGNINI MATERIAIS HID E SANIT LTDA";"0,00";"PEDIDO REFERENTE A COMPRA DE MATERIAL PARA A OBRA DA RUA ESPANHA - 3174";"Em aberto";"16378988930";"0000000002656";"";"TE PVC PPR 25MM";"2,00";"3,8900";"PÇ";"0,0000";"3174"
"25793270074";"8785";"12/05/2026";"";"15707888196";"CASA TOGNINI MATERIAIS HID E SANIT LTDA";"0,00";"PEDIDO REFERENTE A COMPRA DE MATERIAL PARA A OBRA DA RUA ESPANHA - 3174";"Em aberto";"16518483103";"0000000004281";"";"COTOVELO LR PVC PPR 25MM X 3/4""";"5,00";"17,7800";"PC";"0,0000";"3174"
"25793270074";"8785";"12/05/2026";"";"15707888196";"CASA TOGNINI MATERIAIS HID E SANIT LTDA";"0,00";"PEDIDO REFERENTE A COMPRA DE MATERIAL PARA A OBRA DA RUA ESPANHA - 3174";"Em aberto";"16525529645";"0000000004387";"";"COTOVELO LR PVC PPR 32MM X 3/4""";"2,00";"20,2200";"PC";"0,0000";"3174"
"25793787340";"8786";"12/05/2026";"";"15707888196";"CASA TOGNINI MATERIAIS HID E SANIT LTDA";"0,00";"PEDIDO REFERENTE A COMPRA DE MATERIAL PARA A OBRA JASMIM - 2652

PARA PAGAMENTO SER FEITO PELA CMHF, POREM RETIRADO EM NOME DA AJGSPE - PAGAR 3 DIAS ANTES DO VENCIMENTO E PEDIR REEMBOLSO";"Em aberto";"16236967073";"0000000001340";"200191";"COTOVELO PVC BRANCO 40MM X 90º";"3,00";"1,5900";"PC";"0,0000";"2652"
"25793787340";"8786";"12/05/2026";"";"15707888196";"CASA TOGNINI MATERIAIS HID E SANIT LTDA";"0,00";"PEDIDO REFERENTE A COMPRA DE MATERIAL PARA A OBRA JASMIM - 2652

PARA PAGAMENTO SER FEITO PELA CMHF, POREM RETIRADO EM NOME DA AJGSPE - PAGAR 3 DIAS ANTES DO VENCIMENTO E PEDIR REEMBOLSO";"Em aberto";"9968993476";"0000000004084";"206967";"TUBO PVC BRANCO 40MM";"2,00";"35,3600";"BR";"0,0000";"2652"
"25793787340";"8786";"12/05/2026";"";"15707888196";"CASA TOGNINI MATERIAIS HID E SANIT LTDA";"0,00";"PEDIDO REFERENTE A COMPRA DE MATERIAL PARA A OBRA JASMIM - 2652

PARA PAGAMENTO SER FEITO PELA CMHF, POREM RETIRADO EM NOME DA AJGSPE - PAGAR 3 DIAS ANTES DO VENCIMENTO E PEDIR REEMBOLSO";"Em aberto";"15942598229";"0000000000695";"";"JUNCAO PVC BRANCO 40MM";"6,00";"3,5200";"PC";"0,0000";"2652"
"25793787340";"8786";"12/05/2026";"";"15707888196";"CASA TOGNINI MATERIAIS HID E SANIT LTDA";"0,00";"PEDIDO REFERENTE A COMPRA DE MATERIAL PARA A OBRA JASMIM - 2652

PARA PAGAMENTO SER FEITO PELA CMHF, POREM RETIRADO EM NOME DA AJGSPE - PAGAR 3 DIAS ANTES DO VENCIMENTO E PEDIR REEMBOLSO";"Em aberto";"9961848827";"0000000004076";"200187";"COTOVELO PVC BRANCO 40MM X 45°";"3,00";"1,6300";"PC";"0,0000";"2652"
"25793787340";"8786";"12/05/2026";"";"15707888196";"CASA TOGNINI MATERIAIS HID E SANIT LTDA";"0,00";"PEDIDO REFERENTE A COMPRA DE MATERIAL PARA A OBRA JASMIM - 2652

PARA PAGAMENTO SER FEITO PELA CMHF, POREM RETIRADO EM NOME DA AJGSPE - PAGAR 3 DIAS ANTES DO VENCIMENTO E PEDIR REEMBOLSO";"Em aberto";"9883143492";"0000000004042";"200216";"BUCHA REDUCAO PVC BRANCO 100 X 50MM";"1,00";"6,6100";"PC";"0,0000";"2652"
"25793787340";"8786";"12/05/2026";"";"15707888196";"CASA TOGNINI MATERIAIS HID E SANIT LTDA";"0,00";"PEDIDO REFERENTE A COMPRA DE MATERIAL PARA A OBRA JASMIM - 2652

PARA PAGAMENTO SER FEITO PELA CMHF, POREM RETIRADO EM NOME DA AJGSPE - PAGAR 3 DIAS ANTES DO VENCIMENTO E PEDIR REEMBOLSO";"Em aberto";"16518503036";"0000000004286";"209818";"TE PVC PPR 32MM";"2,00";"7,8700";"PC";"0,0000";"2652"
"25793787340";"8786";"12/05/2026";"";"15707888196";"CASA TOGNINI MATERIAIS HID E SANIT LTDA";"0,00";"PEDIDO REFERENTE A COMPRA DE MATERIAL PARA A OBRA JASMIM - 2652

PARA PAGAMENTO SER FEITO PELA CMHF, POREM RETIRADO EM NOME DA AJGSPE - PAGAR 3 DIAS ANTES DO VENCIMENTO E PEDIR REEMBOLSO";"Em aberto";"16487427067";"0000000003305";"209863";"TUBO PVC PPR PN20 25MM";"2,00";"35,9300";"BR";"0,0000";"2652"
"25793787340";"8786";"12/05/2026";"";"15707888196";"CASA TOGNINI MATERIAIS HID E SANIT LTDA";"0,00";"PEDIDO REFERENTE A COMPRA DE MATERIAL PARA A OBRA JASMIM - 2652

PARA PAGAMENTO SER FEITO PELA CMHF, POREM RETIRADO EM NOME DA AJGSPE - PAGAR 3 DIAS ANTES DO VENCIMENTO E PEDIR REEMBOLSO";"Em aberto";"16372039716";"0000000002621";"24200";"BUCHA REDUCAO PVC PPR 32 X 25MM";"2,00";"4,7200";"PC";"0,0000";"2652"
"25793787340";"8786";"12/05/2026";"";"15707888196";"CASA TOGNINI MATERIAIS HID E SANIT LTDA";"0,00";"PEDIDO REFERENTE A COMPRA DE MATERIAL PARA A OBRA JASMIM - 2652

PARA PAGAMENTO SER FEITO PELA CMHF, POREM RETIRADO EM NOME DA AJGSPE - PAGAR 3 DIAS ANTES DO VENCIMENTO E PEDIR REEMBOLSO";"Em aberto";"9784826091";"0000000004010";"";"TUBO COBRE CLASSE E - 28MM";"3,00";"315,9300";"BR";"0,0000";"2652"
"25793787340";"8786";"12/05/2026";"";"15707888196";"CASA TOGNINI MATERIAIS HID E SANIT LTDA";"0,00";"PEDIDO REFERENTE A COMPRA DE MATERIAL PARA A OBRA JASMIM - 2652

PARA PAGAMENTO SER FEITO PELA CMHF, POREM RETIRADO EM NOME DA AJGSPE - PAGAR 3 DIAS ANTES DO VENCIMENTO E PEDIR REEMBOLSO";"Em aberto";"15888376864";"0000000000562";"";"TUBO COBRE CLASSE E - 35MM";"1,00";"468,1300";"BR";"0,0000";"2652"
"25793787340";"8786";"12/05/2026";"";"15707888196";"CASA TOGNINI MATERIAIS HID E SANIT LTDA";"0,00";"PEDIDO REFERENTE A COMPRA DE MATERIAL PARA A OBRA JASMIM - 2652

PARA PAGAMENTO SER FEITO PELA CMHF, POREM RETIRADO EM NOME DA AJGSPE - PAGAR 3 DIAS ANTES DO VENCIMENTO E PEDIR REEMBOLSO";"Em aberto";"16411109469";"0000000002846";"";"TUBO COBRE CLASSE E - 42MM";"2,00";"641,3700";"BR";"0,0000";"2652"
"25793787340";"8786";"12/05/2026";"";"15707888196";"CASA TOGNINI MATERIAIS HID E SANIT LTDA";"0,00";"PEDIDO REFERENTE A COMPRA DE MATERIAL PARA A OBRA JASMIM - 2652

PARA PAGAMENTO SER FEITO PELA CMHF, POREM RETIRADO EM NOME DA AJGSPE - PAGAR 3 DIAS ANTES DO VENCIMENTO E PEDIR REEMBOLSO";"Em aberto";"16512819879";"0000000004173";"205264";"TE COBRE SEM ANEL 42 X 22MM";"1,00";"91,3400";"PC";"0,0000";"2652"
"25793787340";"8786";"12/05/2026";"";"15707888196";"CASA TOGNINI MATERIAIS HID E SANIT LTDA";"0,00";"PEDIDO REFERENTE A COMPRA DE MATERIAL PARA A OBRA JASMIM - 2652

PARA PAGAMENTO SER FEITO PELA CMHF, POREM RETIRADO EM NOME DA AJGSPE - PAGAR 3 DIAS ANTES DO VENCIMENTO E PEDIR REEMBOLSO";"Em aberto";"16557669047";"0000000004550";"";"BUCHA REDUCAO COBRE SEM ANEL 28 X 22MM";"1,00";"11,2400";"PC";"0,0000";"2652"
"25793787340";"8786";"12/05/2026";"";"15707888196";"CASA TOGNINI MATERIAIS HID E SANIT LTDA";"0,00";"PEDIDO REFERENTE A COMPRA DE MATERIAL PARA A OBRA JASMIM - 2652

PARA PAGAMENTO SER FEITO PELA CMHF, POREM RETIRADO EM NOME DA AJGSPE - PAGAR 3 DIAS ANTES DO VENCIMENTO E PEDIR REEMBOLSO";"Em aberto";"15218208521";"0000000000418";"";"COTOVELO LR COBRE 22MM X 3/4""";"5,00";"26,9800";"PC";"0,0000";"2652"
"25793787340";"8786";"12/05/2026";"";"15707888196";"CASA TOGNINI MATERIAIS HID E SANIT LTDA";"0,00";"PEDIDO REFERENTE A COMPRA DE MATERIAL PARA A OBRA JASMIM - 2652

PARA PAGAMENTO SER FEITO PELA CMHF, POREM RETIRADO EM NOME DA AJGSPE - PAGAR 3 DIAS ANTES DO VENCIMENTO E PEDIR REEMBOLSO";"Em aberto";"15218264194";"0000000000421";"202863";"PASTA PARA SOLDA 450GR";"1,00";"37,1400";"PC";"0,0000";"2652"
"25793787340";"8786";"12/05/2026";"";"15707888196";"CASA TOGNINI MATERIAIS HID E SANIT LTDA";"0,00";"PEDIDO REFERENTE A COMPRA DE MATERIAL PARA A OBRA JASMIM - 2652

PARA PAGAMENTO SER FEITO PELA CMHF, POREM RETIRADO EM NOME DA AJGSPE - PAGAR 3 DIAS ANTES DO VENCIMENTO E PEDIR REEMBOLSO";"Em aberto";"16512878226";"0000000004189";"323566";"ESTANHO EM BARRA 50 X 50";"10,00";"28,2700";"KG";"0,0000";"2652"
"25793787340";"8786";"12/05/2026";"";"15707888196";"CASA TOGNINI MATERIAIS HID E SANIT LTDA";"0,00";"PEDIDO REFERENTE A COMPRA DE MATERIAL PARA A OBRA JASMIM - 2652

PARA PAGAMENTO SER FEITO PELA CMHF, POREM RETIRADO EM NOME DA AJGSPE - PAGAR 3 DIAS ANTES DO VENCIMENTO E PEDIR REEMBOLSO";"Em aberto";"16049504902";"0000000000840";"202861";"CARRETEL DE ESTANHO 50X50";"1,00";"127,3100";"PC";"0,0000";"2652"
"25793787340";"8786";"12/05/2026";"";"15707888196";"CASA TOGNINI MATERIAIS HID E SANIT LTDA";"0,00";"PEDIDO REFERENTE A COMPRA DE MATERIAL PARA A OBRA JASMIM - 2652

PARA PAGAMENTO SER FEITO PELA CMHF, POREM RETIRADO EM NOME DA AJGSPE - PAGAR 3 DIAS ANTES DO VENCIMENTO E PEDIR REEMBOLSO";"Em aberto";"15218276314";"0000000000422";"325468";"LIXA FERRO Nº80";"10,00";"2,1000";"PC";"0,0000";"2652"
"25793787340";"8786";"12/05/2026";"";"15707888196";"CASA TOGNINI MATERIAIS HID E SANIT LTDA";"0,00";"PEDIDO REFERENTE A COMPRA DE MATERIAL PARA A OBRA JASMIM - 2652

PARA PAGAMENTO SER FEITO PELA CMHF, POREM RETIRADO EM NOME DA AJGSPE - PAGAR 3 DIAS ANTES DO VENCIMENTO E PEDIR REEMBOLSO";"Em aberto";"15218312207";"0000000004545";"31782";"REFIL P/ MACARICO";"2,00";"37,0600";"PC";"0,0000";"2652"
"25793787340";"8786";"12/05/2026";"";"15707888196";"CASA TOGNINI MATERIAIS HID E SANIT LTDA";"0,00";"PEDIDO REFERENTE A COMPRA DE MATERIAL PARA A OBRA JASMIM - 2652

PARA PAGAMENTO SER FEITO PELA CMHF, POREM RETIRADO EM NOME DA AJGSPE - PAGAR 3 DIAS ANTES DO VENCIMENTO E PEDIR REEMBOLSO";"Em aberto";"16549058322";"0000000004504";"";"CAPS COBRE 28MM";"3,00";"7,0600";"PC";"0,0000";"2652"
"25793787340";"8786";"12/05/2026";"";"15707888196";"CASA TOGNINI MATERIAIS HID E SANIT LTDA";"0,00";"PEDIDO REFERENTE A COMPRA DE MATERIAL PARA A OBRA JASMIM - 2652

PARA PAGAMENTO SER FEITO PELA CMHF, POREM RETIRADO EM NOME DA AJGSPE - PAGAR 3 DIAS ANTES DO VENCIMENTO E PEDIR REEMBOLSO";"Em aberto";"16392614746";"0000000002262";"";"COTOVELO PVC PPR 32MM X 90°";"2,00";"3,8700";"PC";"0,0000";"2652"
"25793787340";"8786";"12/05/2026";"";"15707888196";"CASA TOGNINI MATERIAIS HID E SANIT LTDA";"0,00";"PEDIDO REFERENTE A COMPRA DE MATERIAL PARA A OBRA JASMIM - 2652

PARA PAGAMENTO SER FEITO PELA CMHF, POREM RETIRADO EM NOME DA AJGSPE - PAGAR 3 DIAS ANTES DO VENCIMENTO E PEDIR REEMBOLSO";"Em aberto";"16158257396";"";"";"IMPOSTOS";"1,00";"169,4700";"um";"0,0000";"2652"
"25793806789";"8787";"12/05/2026";"";"16203227443";"REGINALDO LIMA GUERRA (PJ)";"0,00";"PEDIDO REFENTE A ART PARA A OBRA BOM BEEF";"Em aberto";"16371812905";"0000000002597";"";"ART";"1,00";"900,0000";"VB";"0,0000";""
"25796478720";"8788";"12/05/2026";"";"16093638798";"RODRIGO FERREIRA ALVES";"0,00";"PEDIDO REFERENTE A PAGAMENTO DE EMPREITA NA OBRA BRADESCO - 3397";"Em aberto";"16357119601";"";"";"EMPREITA";"1,00";"3.000,0000";"";"0,0000";"3397"
"25796976522";"8789";"12/05/2026";"";"16729308802";"FRANKLIN SADIKLARI ROCHA";"0,00";"PEDIDO REFERENTE PARA RETIRADA DA PLACA DO CAMINHÃO";"Em aberto";"9640855418";"";"";"FRETE";"1,00";"40,0000";"VB";"0,0000";"CMHF"
"25806043653";"8790";"13/05/2026";"";"16203341681";"JDJ FERRAMENTAS COMERCIO DE MATERIAIS ELETRICOS E MANUTENCAO LTDA";"0,00";"COMPRA DE CORTA FIO PARA OBRA ON RUNNING E ESTOQUE";"Em aberto";"11587056001";"0000000000264";"";"CORTA FIO";"5,00";"41,0000";"PC";"0,0000";"3384"
"25806089320";"8791";"13/05/2026";"";"14438411976";"ACESOLDA MATERIAIS DE SOLDA LTDA - EPP";"0,00";"COMPRA DE SERRA COPO PARA OBRA ON RUNNING";"Em aberto";"16573131078";"0000000004588";"";"SERRA COPO BIMETAL 38MM";"2,00";"70,0000";"PC";"0,0000";"3384"
"25806089320";"8791";"13/05/2026";"";"14438411976";"ACESOLDA MATERIAIS DE SOLDA LTDA - EPP";"0,00";"COMPRA DE SERRA COPO PARA OBRA ON RUNNING";"Em aberto";"16470430592";"";"";"SERRA COPO 64MM";"1,00";"98,6200";"";"0,0000";"3384"
"25806089320";"8791";"13/05/2026";"";"14438411976";"ACESOLDA MATERIAIS DE SOLDA LTDA - EPP";"0,00";"COMPRA DE SERRA COPO PARA OBRA ON RUNNING";"Em aberto";"16425487352";"0000000002277";"";"SERRA COPO 32M";"2,00";"63,0000";"";"0,0000";"3384"
"25806089320";"8791";"13/05/2026";"";"14438411976";"ACESOLDA MATERIAIS DE SOLDA LTDA - EPP";"0,00";"COMPRA DE SERRA COPO PARA OBRA ON RUNNING";"Em aberto";"16323334070";"0000000001814";"";"DISCO DE CORTE 4";"10,00";"2,0000";"PC";"0,0000";"3384"
"25806089320";"8791";"13/05/2026";"";"14438411976";"ACESOLDA MATERIAIS DE SOLDA LTDA - EPP";"0,00";"COMPRA DE SERRA COPO PARA OBRA ON RUNNING";"Em aberto";"16649126794";"";"";"TALHADEIRA 50X250MM SDS PLUS";"1,00";"32,5000";"PC";"0,0000";"3384"
"25806250537";"8792";"13/05/2026";"";"9406825547";"CASA FARIA MATERIAIS HIDRAULICOS LTDA";"0,00";"PEDIDO PARA ATENDER A DEMANDA 178 - LUVA CPVC E CANOPLA SPRINKLER";"Em aberto";"11925688212";"0000000000269";"";"LUVA CPVC FIRE 3/4""";"10,00";"12,7100";"PC";"0,0000";"3397"
"25806250537";"8792";"13/05/2026";"";"9406825547";"CASA FARIA MATERIAIS HIDRAULICOS LTDA";"0,00";"PEDIDO PARA ATENDER A DEMANDA 178 - LUVA CPVC E CANOPLA SPRINKLER";"Em aberto";"9198556425";"0000000003735";"";"CANOPLA PARA SPRINKLER";"20,00";"3,0200";"PC";"0,0000";"3397"
"25812462697";"8793";"14/05/2026";"";"12547960790";"ACOS FERNANDES TUBOS E CONEXOES LTDA";"0,00";"PEDIDO REFERENTE A COMPRA DE MATERIAL PARA A OBRA ON RUNNING - 3384";"Em aberto";"16024307969";"0000000000757";"";"TE MECANICO RANHURADO 3"" X 2 1/2""(73MM)";"1,00";"38,2200";"PC";"0,0000";"3384"
"25812462697";"8793";"14/05/2026";"";"12547960790";"ACOS FERNANDES TUBOS E CONEXOES LTDA";"0,00";"PEDIDO REFERENTE A COMPRA DE MATERIAL PARA A OBRA ON RUNNING - 3384";"Em aberto";"16446413571";"0000000003044";"";"ACOPLAMENTO FLEXIVEL 1 1/2""";"10,00";"14,0500";"PC";"0,0000";"3384"
"25812462697";"8793";"14/05/2026";"";"12547960790";"ACOS FERNANDES TUBOS E CONEXOES LTDA";"0,00";"PEDIDO REFERENTE A COMPRA DE MATERIAL PARA A OBRA ON RUNNING - 3384";"Em aberto";"15964114353";"0000000000717";"";"TUBO ACO CARBONO PRETO 5580 - 1.1/4""";"6,00";"182,9500";"BR";"0,0000";"3384"
"25812462697";"8793";"14/05/2026";"";"12547960790";"ACOS FERNANDES TUBOS E CONEXOES LTDA";"0,00";"PEDIDO REFERENTE A COMPRA DE MATERIAL PARA A OBRA ON RUNNING - 3384";"Em aberto";"16158257396";"";"";"IMPOSTOS";"1,00";"60,8000";"um";"0,0000";"3384"
"25813375805";"8794";"14/05/2026";"";"9406825547";"CASA FARIA MATERIAIS HIDRAULICOS LTDA";"0,00";"SOLICITAÇÃO PARA ATENDER O PEDIDO DE VENDA 1568";"Em aberto";"16361778861";"0000000002483";"";"TUBO PVC BRANCO 100MM";"4,00";"110,5000";"BR";"0,0000";"P1568"
"25813375805";"8794";"14/05/2026";"";"9406825547";"CASA FARIA MATERIAIS HIDRAULICOS LTDA";"0,00";"SOLICITAÇÃO PARA ATENDER O PEDIDO DE VENDA 1568";"Em aberto";"16291979083";"0000000001504";"";"TUBO PVC MARROM - 40MM";"3,00";"92,7200";"BR";"0,0000";"P1568"
"25813375805";"8794";"14/05/2026";"";"9406825547";"CASA FARIA MATERIAIS HIDRAULICOS LTDA";"0,00";"SOLICITAÇÃO PARA ATENDER O PEDIDO DE VENDA 1568";"Em aberto";"16485749513";"0000000003286";"";"TUBO GALVANIZADO 1""";"6,00";"29,9600";"MT";"0,0000";"P1568"
"25815696679";"8795";"14/05/2026";"";"9406825547";"CASA FARIA MATERIAIS HIDRAULICOS LTDA";"0,00";"SOLICITAÇÃO PARA ATENDER O PEDIDO DE VENDA 1568";"Em aberto";"9893855955";"0000000004061";"";"ABRAÇADEIRA ECONOMICA 1 1/2""";"15,00";"1,4200";"PC";"0,0000";"P1568"
"25815696679";"8795";"14/05/2026";"";"9406825547";"CASA FARIA MATERIAIS HIDRAULICOS LTDA";"0,00";"SOLICITAÇÃO PARA ATENDER O PEDIDO DE VENDA 1568";"Em aberto";"16455454758";"0000000002347";"";"ABRAÇADEIRA ECONOMICA 3/4";"15,00";"0,8600";"PC";"0,0000";"P1568"
"25815696679";"8795";"14/05/2026";"";"9406825547";"CASA FARIA MATERIAIS HIDRAULICOS LTDA";"0,00";"SOLICITAÇÃO PARA ATENDER O PEDIDO DE VENDA 1568";"Em aberto";"16445660402";"0000000003041";"";"ABRAÇADEIRA ECONOMICA 4""";"15,00";"4,2700";"PC";"0,0000";"P1568"
"25815696679";"8795";"14/05/2026";"";"9406825547";"CASA FARIA MATERIAIS HIDRAULICOS LTDA";"0,00";"SOLICITAÇÃO PARA ATENDER O PEDIDO DE VENDA 1568";"Em aberto";"16356861382";"0000000002218";"";"ARRUELA LISA 3/8";"1,00";"13,6000";"PC";"0,0000";"P1568"
"25815696679";"8795";"14/05/2026";"";"9406825547";"CASA FARIA MATERIAIS HIDRAULICOS LTDA";"0,00";"SOLICITAÇÃO PARA ATENDER O PEDIDO DE VENDA 1568";"Em aberto";"9895676998";"0000000004069";"";"CHUMBADOR 3/8""";"100,00";"3,1500";"PC";"0,0000";"P1568"
"25815696679";"8795";"14/05/2026";"";"9406825547";"CASA FARIA MATERIAIS HIDRAULICOS LTDA";"0,00";"SOLICITAÇÃO PARA ATENDER O PEDIDO DE VENDA 1568";"Em aberto";"16320292959";"0000000004439";"171 ";"PORCA SEXTAVADA 3/8""";"2,00";"15,5800";"PC";"0,0000";"P1568"
"25815712954";"8796";"14/05/2026";"";"15525702206";"COMERCIAL RIMAR LTDA";"0,00";"PEDIDO REFERENTE A COMPRA DE MATERIAL PARA A OBRA DHL - 3457";"Em aberto";"9802026466";"0000000004024";"ED165H";"VALVULA ESFERA LATAO 2""";"2,00";"184,2800";"PC";"0,0000";"3457"
"25815712954";"8796";"14/05/2026";"";"15525702206";"COMERCIAL RIMAR LTDA";"0,00";"PEDIDO REFERENTE A COMPRA DE MATERIAL PARA A OBRA DHL - 3457";"Em aberto";"16167319386";"0000000001128";"";"ACOPLAMENTO FLEXIVEL 2 1/2""(73MM) X 2""";"1,00";"33,2100";"PC";"0,0000";"3457"
"25815712954";"8796";"14/05/2026";"";"15525702206";"COMERCIAL RIMAR LTDA";"0,00";"PEDIDO REFERENTE A COMPRA DE MATERIAL PARA A OBRA DHL - 3457";"Em aberto";"16511668229";"0000000004161";"";"LUVA AÇO CARBONO PRETO BSP 1"" X 3/4""";"65,00";"12,4300";"PC";"0,0000";"3457"
"25815712954";"8796";"14/05/2026";"";"15525702206";"COMERCIAL RIMAR LTDA";"0,00";"PEDIDO REFERENTE A COMPRA DE MATERIAL PARA A OBRA DHL - 3457";"Em aberto";"16518568217";"0000000004300";"";"ACOPLAMENTO FLEXIVEL 3""";"10,00";"22,7100";"PC";"0,0000";"3457"
"25815712954";"8796";"14/05/2026";"";"15525702206";"COMERCIAL RIMAR LTDA";"0,00";"PEDIDO REFERENTE A COMPRA DE MATERIAL PARA A OBRA DHL - 3457";"Em aberto";"16049039991";"0000000000818";"";"TE RANHURADO 2 1/2""(73MM)";"1,00";"39,2700";"PC";"0,0000";"3457"
"25815712954";"8796";"14/05/2026";"";"15525702206";"COMERCIAL RIMAR LTDA";"0,00";"PEDIDO REFERENTE A COMPRA DE MATERIAL PARA A OBRA DHL - 3457";"Em aberto";"16167324784";"0000000001130";"";"CAPS RANHURADO 2 1/2""(73MM)";"2,00";"10,9000";"PC";"0,0000";"3457"
"25815712954";"8796";"14/05/2026";"";"15525702206";"COMERCIAL RIMAR LTDA";"0,00";"PEDIDO REFERENTE A COMPRA DE MATERIAL PARA A OBRA DHL - 3457";"Em aberto";"16158257396";"";"";"IMPOSTOS";"1,00";"10,8500";"um";"0,0000";"3457"
"25815712954";"8796";"14/05/2026";"";"15525702206";"COMERCIAL RIMAR LTDA";"0,00";"PEDIDO REFERENTE A COMPRA DE MATERIAL PARA A OBRA DHL - 3457";"Em aberto";"16167320889";"0000000001129";"";"ACOPLAMENTO FLEXIVEL 3"" X 2.1/2""(73MM)";"1,00";"43,0700";"PC";"0,0000";"3457"
"25815825938";"8797";"14/05/2026";"";"16365362700";"HIDROTUDO C. DE MAT. HID. ELE. E CONSTRUÇÕES LTDA";"0,00";"PEDIDO REFERENTE A COMPRA PARA ABASTECER OBRA UNIVERSAL - 3313";"Em aberto";"16378988929";"0000000002655";"";"COTOVELO PVC PPR 25MM X 90°";"20,00";"2,2400";"PÇ";"0,0000";"3313"
"25815825938";"8797";"14/05/2026";"";"16365362700";"HIDROTUDO C. DE MAT. HID. ELE. E CONSTRUÇÕES LTDA";"0,00";"PEDIDO REFERENTE A COMPRA PARA ABASTECER OBRA UNIVERSAL - 3313";"Em aberto";"16172569037";"0000000001165";"";"TE PVC MARROM 40MM";"3,00";"7,2200";"UM";"0,0000";"3313"
"25815825938";"8797";"14/05/2026";"";"16365362700";"HIDROTUDO C. DE MAT. HID. ELE. E CONSTRUÇÕES LTDA";"0,00";"PEDIDO REFERENTE A COMPRA PARA ABASTECER OBRA UNIVERSAL - 3313";"Em aberto";"16316010740";"0000000001689";"";"COTOVELO PVC MARROM 60MM X 90°";"2,00";"24,1400";"PC";"0,0000";"3313"
"25815825938";"8797";"14/05/2026";"";"16365362700";"HIDROTUDO C. DE MAT. HID. ELE. E CONSTRUÇÕES LTDA";"0,00";"PEDIDO REFERENTE A COMPRA PARA ABASTECER OBRA UNIVERSAL - 3313";"Em aberto";"16432843143";"0000000002929";"";"COTOVELO PVC MARROM 32MM X 90°";"15,00";"2,2100";"PC";"0,0000";"3313"
"25815825938";"8797";"14/05/2026";"";"16365362700";"HIDROTUDO C. DE MAT. HID. ELE. E CONSTRUÇÕES LTDA";"0,00";"PEDIDO REFERENTE A COMPRA PARA ABASTECER OBRA UNIVERSAL - 3313";"Em aberto";"16100256406";"0000000001017";"";"TUBO PVC MARROM - 60MM";"6,00";"31,5400";"BR";"0,0000";"3313"
"25815825938";"8797";"14/05/2026";"";"16365362700";"HIDROTUDO C. DE MAT. HID. ELE. E CONSTRUÇÕES LTDA";"0,00";"PEDIDO REFERENTE A COMPRA PARA ABASTECER OBRA UNIVERSAL - 3313";"Em aberto";"10293307586";"0000000000177";"";"LUVA PVC BRANCO 50MM";"20,00";"2,2700";"PC";"0,0000";"3313"
"25815825938";"8797";"14/05/2026";"";"16365362700";"HIDROTUDO C. DE MAT. HID. ELE. E CONSTRUÇÕES LTDA";"0,00";"PEDIDO REFERENTE A COMPRA PARA ABASTECER OBRA UNIVERSAL - 3313";"Em aberto";"16074600350";"0000000000929";"";"COTOVELO PVC BRANCO 50MM X 45º";"10,00";"2,4700";"PC";"0,0000";"3313"
"25815825938";"8797";"14/05/2026";"";"16365362700";"HIDROTUDO C. DE MAT. HID. ELE. E CONSTRUÇÕES LTDA";"0,00";"PEDIDO REFERENTE A COMPRA PARA ABASTECER OBRA UNIVERSAL - 3313";"Em aberto";"9885242647";"0000000004045";"";"TUBO PVC BRANCO 50MM";"18,00";"9,2900";"BR";"0,0000";"3313"
"25815925646";"8798";"14/05/2026";"";"9406825547";"CASA FARIA MATERIAIS HIDRAULICOS LTDA";"0,00";"PEDIDO REFERENTE A MATERIAL PARA ABASTECER A RUA ESPANHA - 3174";"Em aberto";"16339203328";"0000000002052";"";"CONECTOR MACHO PVC PPR 32MM X 1""";"2,00";"34,4900";"PC";"0,0000";"3174"
"25815925646";"8798";"14/05/2026";"";"9406825547";"CASA FARIA MATERIAIS HIDRAULICOS LTDA";"0,00";"PEDIDO REFERENTE A MATERIAL PARA ABASTECER A RUA ESPANHA - 3174";"Em aberto";"16378988934";"0000000002660";"";"MANOMETRO DN 63 S/VERT.C/GLIC.BSP 1/4"" 0-25KGF";"1,00";"72,7400";"PÇ";"0,0000";"3174"
"25820366779";"8799";"15/05/2026";"";"16729308802";"FRANKLIN SADIKLARI ROCHA";"0,00";"PEDIDO REFERENTE A ENVIO DE MATERIAL PARA A OBRA DHL - 3457

";"Em aberto";"9640855418";"";"";"FRETE";"1,00";"210,0000";"VB";"0,0000";"3457"
"25820577936";"8800";"15/05/2026";"";"9406825547";"CASA FARIA MATERIAIS HIDRAULICOS LTDA";"0,00";"PEDIDO PARA ABASTECER A OBRA JASMIM - 2652";"Em aberto";"15942598229";"0000000000695";"";"JUNCAO PVC BRANCO 40MM";"15,00";"4,2200";"PC";"0,0000";"2652"
"25820577936";"8800";"15/05/2026";"";"9406825547";"CASA FARIA MATERIAIS HIDRAULICOS LTDA";"0,00";"PEDIDO PARA ABASTECER A OBRA JASMIM - 2652";"Em aberto";"9961848827";"0000000004076";"25454 ";"COTOVELO PVC BRANCO 40MM X 45°";"15,00";"1,9600";"PC";"0,0000";"2652"
"25820577936";"8800";"15/05/2026";"";"9406825547";"CASA FARIA MATERIAIS HIDRAULICOS LTDA";"0,00";"PEDIDO PARA ABASTECER A OBRA JASMIM - 2652";"Em aberto";"9784767702";"0000000004008";"";"COTOVELO PVC BRANCO 40MM X 90° COM ANEL LABIAL";"6,00";"1,8900";"PC";"0,0000";"2652"
"25820577936";"8800";"15/05/2026";"";"9406825547";"CASA FARIA MATERIAIS HIDRAULICOS LTDA";"0,00";"PEDIDO PARA ABASTECER A OBRA JASMIM - 2652";"Em aberto";"16604210340";"0000000004638";"";"FITA TOROFITA 15X30MT";"2,00";"48,3700";"PC";"0,0000";"2652"
"25820593832";"8801";"15/05/2026";"";"9406825547";"CASA FARIA MATERIAIS HIDRAULICOS LTDA";"0,00";"PEDIDO PARA ABASTECER OBRA DA RUA ESPANHA - 3174";"Em aberto";"16604210340";"0000000004638";"";"FITA TOROFITA 15X30MT";"1,00";"48,3700";"PC";"0,0000";"3174"
"25823418553";"8803";"15/05/2026";"";"18136034717";"MEXA SEGURANCA ELETRONICA LTDA";"0,00";"PEDIDO PARA ABASTECER OBRA BRADESCO - 3397";"Em aberto";"0";"";"";"Kidde intelligent multi-criteria optical smoke detector, UL/ULC/CSFM listed. ";"9,00";"316,6825";"UN";"0,0000";"3397"
"25823418553";"8803";"15/05/2026";"";"18136034717";"MEXA SEGURANCA ELETRONICA LTDA";"0,00";"PEDIDO PARA ABASTECER OBRA BRADESCO - 3397";"Em aberto";"0";"";"";"Detector Mounting Base - Standard ";"9,00";"37,5900";"UN";"0,0000";"3397"
"25824378344";"8804";"15/05/2026";"";"13582998298";"POTENZA COMERCIO E INDUSTRIA LTDA";"0,00";"SOLICITAÇÃO PARA ABASTECER OBRA DHL - 3457";"Em aberto";"16171244472";"0000000001147";"";"SPRINKLER PENDENTE RESPOSTA RAPIDA - 68º X 1/2"" - K80";"2,00";"40,5000";"PC";"0,0000";"3457"
"25824378344";"8804";"15/05/2026";"";"13582998298";"POTENZA COMERCIO E INDUSTRIA LTDA";"0,00";"SOLICITAÇÃO PARA ABASTECER OBRA DHL - 3457";"Em aberto";"0";"";"";"SPRINKLER PENDENTE - 74º X 3/4 - K200";"63,00";"88,2000";"PC";"0,0000";"3457"
"25824378344";"8804";"15/05/2026";"";"13582998298";"POTENZA COMERCIO E INDUSTRIA LTDA";"0,00";"SOLICITAÇÃO PARA ABASTECER OBRA DHL - 3457";"Em aberto";"9198556425";"0000000003735";"";"CANOPLA PARA SPRINKLER";"65,00";"2,6400";"PC";"0,0000";"3457"
"25824803493";"8805";"15/05/2026";"";"17817241141";"JUND-LOC LOCAÇÕES DE CONTAINER LTDA";"0,00";"CONTAINER SOLICITADO PARA ATENDER NECESSIDADES NA OBRA JANDAIA - 2449 - (RENOVAÇÃO)

OBS - EM NOME DA BIGPAR";"Em aberto";"16426059240";"";"";"MATERIAL DE CONSUMO";"1,00";"550,0000";"";"0,0000";"2449"
"25824812312";"8806";"15/05/2026";"";"17817241141";"JUND-LOC LOCAÇÕES DE CONTAINER LTDA";"0,00";"CONTAINER SOLICITADO PARA ATENDER NECESSIDADES NA OBRA JANDAIA - 2449 - (RENOVAÇÃO)

OBS - EM NOME DA BIGPAR";"Em aberto";"16426059240";"";"";"MATERIAL DE CONSUMO";"1,00";"360,0000";"";"0,0000";"2449"
"25822978273";"8802";"18/05/2026";"";"18140026348";"ANTARAH INDUSTRIA E COMERCIO DE ETIQUETAS AUTO ADESIVAS LTDA";"0,00";"PEDIDO REFERENTE A PLACA DE IDENTIFICAÇÃO PARA MAQUINARIO CMHF";"Em aberto";"0";"";"";"PLACA DE IDENTIFICAÇÃO";"100,00";"7,3800";"UN";"0,0000";"CMHF"
"25822978273";"8802";"18/05/2026";"";"18140026348";"ANTARAH INDUSTRIA E COMERCIO DE ETIQUETAS AUTO ADESIVAS LTDA";"0,00";"PEDIDO REFERENTE A PLACA DE IDENTIFICAÇÃO PARA MAQUINARIO CMHF";"Em aberto";"9640855418";"";"";"FRETE";"1,00";"71,9000";"VB";"0,0000";"CMHF"
"25841449354";"8807";"18/05/2026";"";"9302653589";"ERALDO GALDINO LOCACOES DE EQUIPAMENTOS";"0,00";"PEDIDO REFERENTE A LOCAÇÃO DE GERADOR PARA ANDAMENTO DA OBRA JANDAIA - 2449";"Em aberto";"16573863767";"";"";"LOCAÇÃO DE MAQUINARIO";"1,00";"880,0000";"VB";"0,0000";"2449"
"25845409369";"8808";"18/05/2026";"";"14037711864";"SIPEC COMERCIO REPRESENTACAO IMP. E SERVICOS LTDA";"0,00";"PEDIDO REFERENTE A SOLICITAÇÃO DE MATERIAL PARA ABASTECER ESTOQUE VISANDO MERCADO LIVRE";"Em aberto";"16651177265";"0000000004739";"";"SPRINKLER PENDENTE RESPOSTA PADRAO HDRY 6"" K5.6(80) 68C 1""";"5,00";"543,2000";"PC";"0,0000";"CMHF"
"25845409369";"8808";"18/05/2026";"";"14037711864";"SIPEC COMERCIO REPRESENTACAO IMP. E SERVICOS LTDA";"0,00";"PEDIDO REFERENTE A SOLICITAÇÃO DE MATERIAL PARA ABASTECER ESTOQUE VISANDO MERCADO LIVRE";"Em aberto";"16158257396";"";"";"IMPOSTOS";"1,00";"88,2700";"um";"0,0000";"CMHF"
"25845490022";"8809";"18/05/2026";"";"17323267160";"JULIO MOREIRA ALVES";"0,00";"PEDIDO REFERENTE A EMPREITA REALIZADA NA OBRA HPBIO - 2789

MARCIO SOLICITOU QUE FOSSE LANÇADO NESSAS DATA";"Em aberto";"16357119601";"";"";"EMPREITA";"1,00";"6.000,0000";"";"0,0000";"2789"
"25852028144";"8811";"19/05/2026";"";"10881416310";"ORANIO DOMINGUES COM CONEXOES LTDA";"0,00";"SOLICITAÇÃO REFERENTE A MATERIAL PARA ATENDER A OBRA ON RUNNING - 3384

Esta com a aprovação da casa faria pois a compra seria realizada lá, mesmo com um valor um pouco mais alto...
Mudei pra Rimar alem de ter uma diferença de valor um pouco menor, favorecerá a logística devido as solicitações de ontem e hoje.";"Em aberto";"16392183041";"0000000002769";"";"COTOVELO RANHURADO 2 1/2""(73MM) X 90°";"12,00";"28,0500";"PC";"0,0000";"3384"
"25852028144";"8811";"19/05/2026";"";"10881416310";"ORANIO DOMINGUES COM CONEXOES LTDA";"0,00";"SOLICITAÇÃO REFERENTE A MATERIAL PARA ATENDER A OBRA ON RUNNING - 3384

Esta com a aprovação da casa faria pois a compra seria realizada lá, mesmo com um valor um pouco mais alto...
Mudei pra Rimar alem de ter uma diferença de valor um pouco menor, favorecerá a logística devido as solicitações de ontem e hoje.";"Em aberto";"16518569668";"0000000004301";"";"ACOPLAMENTO FLEXIVEL 2 1/2""(73MM)";"10,00";"20,0100";"PC";"0,0000";"3384"
"25852028144";"8811";"19/05/2026";"";"10881416310";"ORANIO DOMINGUES COM CONEXOES LTDA";"0,00";"SOLICITAÇÃO REFERENTE A MATERIAL PARA ATENDER A OBRA ON RUNNING - 3384

Esta com a aprovação da casa faria pois a compra seria realizada lá, mesmo com um valor um pouco mais alto...
Mudei pra Rimar alem de ter uma diferença de valor um pouco menor, favorecerá a logística devido as solicitações de ontem e hoje.";"Em aberto";"16463327807";"0000000003186";"";"BUCHA REDUCAO AÇO CARBONO PRETO BSP 1"" X 1/2""";"20,00";"8,9100";"PC";"0,0000";"3384"
"25853307018";"8812";"19/05/2026";"";"9406825547";"CASA FARIA MATERIAIS HIDRAULICOS LTDA";"0,00";"SOLICITAÇÃO PARA ATENDER O PEDIDO DE VENDA 1575";"Em aberto";"16034168033";"0000000000772";"";"COTOVELO GALVANIZADO BSP 3/4"" X 90º";"8,00";"6,8400";"PC";"0,0000";"p1575"
"25853307018";"8812";"19/05/2026";"";"9406825547";"CASA FARIA MATERIAIS HIDRAULICOS LTDA";"0,00";"SOLICITAÇÃO PARA ATENDER O PEDIDO DE VENDA 1575";"Em aberto";"16651539193";"0000000004741";"";"LUVA GALVANIZADO BSP 3/4""";"4,00";"5,7500";"PC";"0,0000";"p1575"
"25853307018";"8812";"19/05/2026";"";"9406825547";"CASA FARIA MATERIAIS HIDRAULICOS LTDA";"0,00";"SOLICITAÇÃO PARA ATENDER O PEDIDO DE VENDA 1575";"Em aberto";"16651539673";"0000000004742";"";"TE GALVANIZADO BSP 1.1/2"" X 3/4""";"1,00";"29,5700";"PC";"0,0000";"p1575"
"25853307018";"8812";"19/05/2026";"";"9406825547";"CASA FARIA MATERIAIS HIDRAULICOS LTDA";"0,00";"SOLICITAÇÃO PARA ATENDER O PEDIDO DE VENDA 1575";"Em aberto";"16651540335";"0000000004743";"";"UNIAO GALVANIZADA BSP 1.1/2""";"1,00";"91,4600";"PC";"0,0000";"p1575"
"25853307018";"8812";"19/05/2026";"";"9406825547";"CASA FARIA MATERIAIS HIDRAULICOS LTDA";"0,00";"SOLICITAÇÃO PARA ATENDER O PEDIDO DE VENDA 1575";"Em aberto";"16651540936";"0000000004744";"";"NIPLE DUPLO GALVANIZADO BSP 1.1/2""";"1,00";"12,0600";"PC";"0,0000";"p1575"
"25853307018";"8812";"19/05/2026";"";"9406825547";"CASA FARIA MATERIAIS HIDRAULICOS LTDA";"0,00";"SOLICITAÇÃO PARA ATENDER O PEDIDO DE VENDA 1575";"Em aberto";"16236974179";"0000000001342";"";"VALVULA ESFERA LATAO GÁS - 3/4""";"2,00";"44,9700";"PC";"0,0000";"p1575"
"25853307018";"8812";"19/05/2026";"";"9406825547";"CASA FARIA MATERIAIS HIDRAULICOS LTDA";"0,00";"SOLICITAÇÃO PARA ATENDER O PEDIDO DE VENDA 1575";"Em aberto";"16651541362";"0000000004745";"";"TE GALVANIZADO BSP 3/4""";"1,00";"7,9800";"PC";"0,0000";"p1575"
"25853307018";"8812";"19/05/2026";"";"9406825547";"CASA FARIA MATERIAIS HIDRAULICOS LTDA";"0,00";"SOLICITAÇÃO PARA ATENDER O PEDIDO DE VENDA 1575";"Em aberto";"16651541859";"0000000004746";"";"NIPLE DUPLO GALVANIZADO BSP 3/4""";"2,00";"4,6400";"PC";"0,0000";"p1575"
"25853307018";"8812";"19/05/2026";"";"9406825547";"CASA FARIA MATERIAIS HIDRAULICOS LTDA";"0,00";"SOLICITAÇÃO PARA ATENDER O PEDIDO DE VENDA 1575";"Em aberto";"16096878511";"0000000000974";"25447 ";"FITA VEDA ROSCA 18MM X 50MT";"2,00";"9,5600";"PC";"0,0000";"p1575"
"25853307018";"8812";"19/05/2026";"";"9406825547";"CASA FARIA MATERIAIS HIDRAULICOS LTDA";"0,00";"SOLICITAÇÃO PARA ATENDER O PEDIDO DE VENDA 1575";"Em aberto";"16651537894";"0000000004740";"";"TUBO GALVANIZADO C/C NBR5580 LEVE 3/4""";"4,00";"161,9000";"BR";"0,0000";"p1575"
"25853660387";"8813";"19/05/2026";"";"16729308802";"FRANKLIN SADIKLARI ROCHA";"0,00";"FRETE REFERENTE A RETIRADA DE MATERIAL DA SIPEC PARA CMHF";"Em aberto";"9640855418";"";"";"FRETE";"1,00";"80,0000";"VB";"0,0000";"CMHF"
"25855415058";"8815";"19/05/2026";"";"16365362700";"HIDROTUDO C. DE MAT. HID. ELE. E CONSTRUÇÕES LTDA";"0,00";"PEDIDO REFERENTE A MATERIAL PARA ABASTECER A OBRA UNIVERSAL - 3313";"Em aberto";"16595535161";"0000000004617";"";"ADAPTADOR PVC MARROM 85MM X 3""";"1,00";"32,3900";"PC";"0,0000";"3313"
"25855415058";"8815";"19/05/2026";"";"16365362700";"HIDROTUDO C. DE MAT. HID. ELE. E CONSTRUÇÕES LTDA";"0,00";"PEDIDO REFERENTE A MATERIAL PARA ABASTECER A OBRA UNIVERSAL - 3313";"Em aberto";"16517859993";"0000000004250";"";"BUCHA REDUCAO PVC MARROM 85 X 60MM";"1,00";"21,3500";"PC";"0,0000";"3313"
"25855415058";"8815";"19/05/2026";"";"16365362700";"HIDROTUDO C. DE MAT. HID. ELE. E CONSTRUÇÕES LTDA";"0,00";"PEDIDO REFERENTE A MATERIAL PARA ABASTECER A OBRA UNIVERSAL - 3313";"Em aberto";"16518089902";"0000000004263";"";"CONECTOR FEMEA PVC PPR 25MM X 3/4""";"2,00";"24,3700";"PC";"0,0000";"3313"
"25855415058";"8815";"19/05/2026";"";"16365362700";"HIDROTUDO C. DE MAT. HID. ELE. E CONSTRUÇÕES LTDA";"0,00";"PEDIDO REFERENTE A MATERIAL PARA ABASTECER A OBRA UNIVERSAL - 3313";"Em aberto";"0";"";"";"BUCHA REDUCAO PVC MARROM 60 X 50MM";"1,00";"7,5200";"PC";"0,0000";"3313"
"25855916390";"8816";"19/05/2026";"";"10881416310";"ORANIO DOMINGUES COM CONEXOES LTDA";"0,00";"PEDIDO REFERENTE A COMPRA DE MATERIAL PARA A OBRA ARCO VERDE - 3306";"Em aberto";"16479494376";"0000000003266";"";"TUBO AÇO CARBONO PRETO C/C 5590 SCH10 2.1/2";"5,00";"238,8800";"BR";"0,0000";"3306"
"25855916390";"8816";"19/05/2026";"";"10881416310";"ORANIO DOMINGUES COM CONEXOES LTDA";"0,00";"PEDIDO REFERENTE A COMPRA DE MATERIAL PARA A OBRA ARCO VERDE - 3306";"Em aberto";"16518569668";"0000000004301";"";"ACOPLAMENTO FLEXIVEL 2 1/2""(73MM)";"18,00";"18,8300";"PC";"0,0000";"3306"
"25855916390";"8816";"19/05/2026";"";"10881416310";"ORANIO DOMINGUES COM CONEXOES LTDA";"0,00";"PEDIDO REFERENTE A COMPRA DE MATERIAL PARA A OBRA ARCO VERDE - 3306";"Em aberto";"16392183041";"0000000002769";"";"COTOVELO RANHURADO 2 1/2""(73MM) X 90°";"6,00";"26,4000";"PC";"0,0000";"3306"
"25855916390";"8816";"19/05/2026";"";"10881416310";"ORANIO DOMINGUES COM CONEXOES LTDA";"0,00";"PEDIDO REFERENTE A COMPRA DE MATERIAL PARA A OBRA ARCO VERDE - 3306";"Em aberto";"16049039991";"0000000000818";"";"TE RANHURADO 2 1/2""(73MM)";"1,00";"38,1600";"PC";"0,0000";"3306"
"25856063191";"8817";"19/05/2026";"";"10945239129";"PORAO DAS TINTAS COMERCIAL LTDA. - EPP";"0,00";"PEDIDO REFERENTE A COMPRA DE MATERIAL PARA A OBRA ON RUNNING - 3384";"Em aberto";"9562095194";"0000000003940";"21.01.045";"TINTA VERMELHA 3,6L";"1,00";"145,0000";"GL";"0,0000";"3384"
"25856063191";"8817";"19/05/2026";"";"10945239129";"PORAO DAS TINTAS COMERCIAL LTDA. - EPP";"0,00";"PEDIDO REFERENTE A COMPRA DE MATERIAL PARA A OBRA ON RUNNING - 3384";"Em aberto";"16393051971";"0000000002264";"10.03.004";"ROLINHO DE PELO DE CARNEIRO 9CM";"3,00";"10,0000";"PC";"0,0000";"3384"
"25856849743";"8818";"19/05/2026";"";"10881416310";"ORANIO DOMINGUES COM CONEXOES LTDA";"0,00";"SOLICITAÇÃO PARA ATENDER O PEDIDO DE VENDA 1582";"Em aberto";"13344808083";"0000000000334";"";"SPRINKLER SIDEWALL RESPOSTA PADRÃO - 68º X 1/2"" - K80";"26,00";"26,7200";"PC";"0,0000";"p1582"
"25860687320";"8819";"20/05/2026";"";"10881416310";"ORANIO DOMINGUES COM CONEXOES LTDA";"0,00";"SOLICITAÇÃO PARA ATENDER O PEDIDO DE VENDA 1583";"Em aberto";"16639434357";"0000000004695";"";"SPRINKLER UPRIGHT CROMADO RESP. PADRÃO ABNT/UL K=5.6(80) 1/2"" X 141ºC";"5,00";"25,3220";"PC";"0,0000";"P1583"
"25860881090";"8820";"20/05/2026";"";"17633212980";"Epi Interlagos Comercio de Produtos Ltda";"0,00";"PEDIDO REFERENTE A COMPRA DE EPI PARA A OBRA ON RUNNING - 3384";"Em aberto";"16319242636";"0000000001773";"";"MASCARA RESPIRATORIA";"20,00";"1,5000";"";"0,0000";"3384"
"25860881090";"8820";"20/05/2026";"";"17633212980";"Epi Interlagos Comercio de Produtos Ltda";"0,00";"PEDIDO REFERENTE A COMPRA DE EPI PARA A OBRA ON RUNNING - 3384";"Em aberto";"16330372787";"0000000001934";"";"LUVA MULTITATO PRETA PU YELING/PROTEPLUS/CG";"20,00";"3,2000";"";"0,0000";"3384"
"25861459866";"8822";"20/05/2026";"";"15707888196";"CASA TOGNINI MATERIAIS HID E SANIT LTDA";"0,00";"PEDIDO REFERENTE A MATERIAL COMPRADO PARA ATENDER A OBRA ON RUNNING - 3384";"Em aberto";"16096878511";"0000000000974";"318599";"FITA VEDA ROSCA 18MM X 50MT";"20,00";"5,8000";"PC";"0,0000";"3384"
"25861459866";"8822";"20/05/2026";"";"15707888196";"CASA TOGNINI MATERIAIS HID E SANIT LTDA";"0,00";"PEDIDO REFERENTE A MATERIAL COMPRADO PARA ATENDER A OBRA ON RUNNING - 3384";"Em aberto";"15816413639";"0000000000431";"";"ABRAÇADEIRA ECONOMICA 2 1/2""";"20,00";"3,1500";"PC";"0,0000";"3384"
"25861459866";"8822";"20/05/2026";"";"15707888196";"CASA TOGNINI MATERIAIS HID E SANIT LTDA";"0,00";"PEDIDO REFERENTE A MATERIAL COMPRADO PARA ATENDER A OBRA ON RUNNING - 3384";"Em aberto";"9893897180";"0000000004064";"";"ABRAÇADEIRA ECONOMICA 3""";"20,00";"3,7900";"PC";"0,0000";"3384"
"25861506942";"8823";"20/05/2026";"";"17633212980";"Epi Interlagos Comercio de Produtos Ltda";"0,00";"PEDIDO REFERENTE A SOLICITAÇÃO DO ADMINISTRATIVO";"Em aberto";"16417313040";"0000000002873";"EPI-010439";"BOTA NOBUCK BRACOL";"1,00";"129,9900";"PC";"0,0000";"CMHF"
"25861506942";"8823";"20/05/2026";"";"17633212980";"Epi Interlagos Comercio de Produtos Ltda";"0,00";"PEDIDO REFERENTE A SOLICITAÇÃO DO ADMINISTRATIVO";"Em aberto";"16385399491";"0000000002251";"";"CAPACETE SEGURANÇA";"1,00";"10,6700";"PC";"0,0000";"CMHF"
"25862153029";"8824";"20/05/2026";"";"17852443821";"MEGA PEAD TUBOS E CONEXOES LTDA";"0,00";"PEDIDO REFERENTE A USO DO MAQUINARIO PARA A OBRA JANDAIA - 2449

Período de 16/05/2026 a 15/06/2026 - Vencto. 13/06/2026

SENHA PARA BOLETO: 17866";"Em aberto";"16573863767";"";"";"LOCAÇÃO DE MAQUINARIO";"1,00";"1.450,0000";"VB";"0,0000";"2449"
"25862580951";"8825";"20/05/2026";"";"17633212980";"Epi Interlagos Comercio de Produtos Ltda";"0,00";"PEDIDO REFERENTE A COMPRA PARA MANTER EM ESTOQUE";"Em aberto";"16319242636";"0000000001773";"";"MASCARA RESPIRATORIA";"15,00";"1,5000";"";"0,0000";"CMHF"
"25864214322";"8826";"20/05/2026";"";"10881416310";"ORANIO DOMINGUES COM CONEXOES LTDA";"0,00";"PEDIDO REFERENTE A COMPRA DE MATERIAL PARA ABASTECER OBRA ON RUNNING - 3384";"Em aberto";"16518568217";"0000000004300";"";"ACOPLAMENTO FLEXIVEL 3""";"10,00";"19,8400";"PC";"0,0000";"3384"
"25864214322";"8826";"20/05/2026";"";"10881416310";"ORANIO DOMINGUES COM CONEXOES LTDA";"0,00";"PEDIDO REFERENTE A COMPRA DE MATERIAL PARA ABASTECER OBRA ON RUNNING - 3384";"Em aberto";"16518567630";"0000000004299";"";"ACOPLAMENTO FLEXIVEL 2""";"13,00";"16,9800";"PC";"0,0000";"3384"
"25864491931";"8827";"20/05/2026";"";"9406825547";"CASA FARIA MATERIAIS HIDRAULICOS LTDA";"0,00";"PEDIDO REFERENTE A MATERIAL PARA ABASTECER OBRA JASMIM - 2652";"Em aberto";"16557668778";"0000000004548";"";"BUCHA REDUCAO COBRE SEM ANEL 42 X 35MM";"1,00";"62,6400";"PC";"0,0000";"2652"
"25864491931";"8827";"20/05/2026";"";"9406825547";"CASA FARIA MATERIAIS HIDRAULICOS LTDA";"0,00";"PEDIDO REFERENTE A MATERIAL PARA ABASTECER OBRA JASMIM - 2652";"Em aberto";"9961848827";"0000000004076";"25454 ";"COTOVELO PVC BRANCO 40MM X 45°";"4,00";"1,6800";"PC";"0,0000";"2652"
"25865579133";"8828";"20/05/2026";"";"17852443821";"MEGA PEAD TUBOS E CONEXOES LTDA";"0,00";"SOLICITAÇÃO REFERENTE AO PEDIDO DE VENDA 1584 - PARA OBRA HPBIO - 2789";"Em aberto";"16611259178";"0000000004664";"";"LUVA EF PEAD DN75 SDR11 PN16 ID";"1,00";"63,9600";"PC";"0,0000";"P1584"
"25866527496";"8829";"20/05/2026";"";"9406825547";"CASA FARIA MATERIAIS HIDRAULICOS LTDA";"0,00";"PEDIDO REFERENTE A MATERIAL DO PEDIDO DE VENDA 1584 PARA ABASTECER A OBRA HPBIO - 2789";"Em aberto";"16650968763";"0000000004738";"11514 ";"COTOVELO PVC BRANCO 200MM X 90º";"2,00";"77,1700";"PC";"0,0000";"P1584"
"25866527496";"8829";"20/05/2026";"";"9406825547";"CASA FARIA MATERIAIS HIDRAULICOS LTDA";"0,00";"PEDIDO REFERENTE A MATERIAL DO PEDIDO DE VENDA 1584 PARA ABASTECER A OBRA HPBIO - 2789";"Em aberto";"16611310419";"0000000004673";"11510";"COTOVELO PVC BRANCO 200MM X 45º";"1,00";"58,9200";"PC";"0,0000";"P1584"
"25866527496";"8829";"20/05/2026";"";"9406825547";"CASA FARIA MATERIAIS HIDRAULICOS LTDA";"0,00";"PEDIDO REFERENTE A MATERIAL DO PEDIDO DE VENDA 1584 PARA ABASTECER A OBRA HPBIO - 2789";"Em aberto";"16163421644";"0000000001126";"";"COTOVELO PVC BRANCO 150MM X 90º";"1,00";"44,5100";"PC";"0,0000";"P1584"
"25871973149";"8830";"21/05/2026";"";"9406825547";"CASA FARIA MATERIAIS HIDRAULICOS LTDA";"0,00";"PEDIDO REFERENTE A COMPRA DE MATERIAL PARA A OBRA JASMIM - 2652";"Em aberto";"9858779822";"0000000004034";"";"TUBO PVC MARROM - 32MM";"6,00";"10,5400";"BR";"0,0000";"2652"
"25871973149";"8830";"21/05/2026";"";"9406825547";"CASA FARIA MATERIAIS HIDRAULICOS LTDA";"0,00";"PEDIDO REFERENTE A COMPRA DE MATERIAL PARA A OBRA JASMIM - 2652";"Em aberto";"15964134617";"0000000000725";"";"LUVA PVC MARROM 32MM";"7,00";"2,1800";"PC";"0,0000";"2652"
"25872656810";"8831";"21/05/2026";"";"9113376484";"ROSCACORTE PARAFUSOS E FERRAMENTAS LTDA";"0,00";"PEDIDO REFERENTE A COMPRA DE MATERIAL PARA OBRA ON RUNNING - 3384";"Em aberto";"16463431161";"0000000003189";"";"PARAFUSOS AUTO BROCANTE 4,2X19";"100,00";"0,1700";"PC";"0,0000";"3384"
"25872763684";"8832";"21/05/2026";"";"18152135710";"HOPEFLEX MANUTENCAO DE ASSENTOS CORPORATIVOS LTDA";"0,00";"PEDIDO REFERENTE A MANUTENÇÃO DA CADEIRA GIRATÓRIA DO ESCRITÓRIO";"Em aberto";"16277884578";"";"";"MATERIAIS PARA ESCRITORIO";"1,00";"65,0000";"UN";"0,0000";"CMHF"
"25872785643";"8833";"21/05/2026";"";"16893479316";"MERCADO LIVRE";"0,00";"PEDIDO REFERENTE A COMPRA PARA ABASTECER O ESCRITÓRIO";"Em aberto";"16277884578";"";"";"MATERIAIS PARA ESCRITORIO";"1,00";"235,2400";"UN";"0,0000";"CMHF"
"25873175570";"8834";"21/05/2026";"";"15707888196";"CASA TOGNINI MATERIAIS HID E SANIT LTDA";"0,00";"PEDIDO REFERENTE A COMPRA DE MATERIAL CONFORME INFORMAÇÃO ANEXADA ABAIXO

FOI DIVIDIDO EM DOIS ORÇAMENTOS EM VIRTUDE DE TER DOIS ENDEREÇOS DE ENTREGA";"Em aberto";"9858779822";"0000000004034";"206972";"TUBO PVC MARROM - 32MM";"4,00";"49,5700";"BR";"0,0000";""
"25873175570";"8834";"21/05/2026";"";"15707888196";"CASA TOGNINI MATERIAIS HID E SANIT LTDA";"0,00";"PEDIDO REFERENTE A COMPRA DE MATERIAL CONFORME INFORMAÇÃO ANEXADA ABAIXO

FOI DIVIDIDO EM DOIS ORÇAMENTOS EM VIRTUDE DE TER DOIS ENDEREÇOS DE ENTREGA";"Em aberto";"9513459309";"0000000003910";"206971";"TUBO PVC MARROM - 25MM";"21,00";"21,1000";"BR";"0,0000";""
"25873175570";"8834";"21/05/2026";"";"15707888196";"CASA TOGNINI MATERIAIS HID E SANIT LTDA";"0,00";"PEDIDO REFERENTE A COMPRA DE MATERIAL CONFORME INFORMAÇÃO ANEXADA ABAIXO

FOI DIVIDIDO EM DOIS ORÇAMENTOS EM VIRTUDE DE TER DOIS ENDEREÇOS DE ENTREGA";"Em aberto";"16217790510";"0000000001266";"";"TUBO PVC MARROM - 20MM";"11,00";"19,5400";"BR";"0,0000";""
"25873175570";"8834";"21/05/2026";"";"15707888196";"CASA TOGNINI MATERIAIS HID E SANIT LTDA";"0,00";"PEDIDO REFERENTE A COMPRA DE MATERIAL CONFORME INFORMAÇÃO ANEXADA ABAIXO

FOI DIVIDIDO EM DOIS ORÇAMENTOS EM VIRTUDE DE TER DOIS ENDEREÇOS DE ENTREGA";"Em aberto";"16229172373";"0000000001302";"";"TUBO AQUATHERM 28MM";"7,00";"53,2900";"BR";"0,0000";""
"25873175570";"8834";"21/05/2026";"";"15707888196";"CASA TOGNINI MATERIAIS HID E SANIT LTDA";"0,00";"PEDIDO REFERENTE A COMPRA DE MATERIAL CONFORME INFORMAÇÃO ANEXADA ABAIXO

FOI DIVIDIDO EM DOIS ORÇAMENTOS EM VIRTUDE DE TER DOIS ENDEREÇOS DE ENTREGA";"Em aberto";"16100263377";"0000000001026";"";"TUBO AQUATHERM 22MM";"10,00";"30,9400";"BR";"0,0000";""
"25873175570";"8834";"21/05/2026";"";"15707888196";"CASA TOGNINI MATERIAIS HID E SANIT LTDA";"0,00";"PEDIDO REFERENTE A COMPRA DE MATERIAL CONFORME INFORMAÇÃO ANEXADA ABAIXO

FOI DIVIDIDO EM DOIS ORÇAMENTOS EM VIRTUDE DE TER DOIS ENDEREÇOS DE ENTREGA";"Em aberto";"15900663591";"0000000000602";"";"TUBO AQUATHERM 15MM";"8,00";"26,4300";"BR";"0,0000";""
"25873175570";"8834";"21/05/2026";"";"15707888196";"CASA TOGNINI MATERIAIS HID E SANIT LTDA";"0,00";"PEDIDO REFERENTE A COMPRA DE MATERIAL CONFORME INFORMAÇÃO ANEXADA ABAIXO

FOI DIVIDIDO EM DOIS ORÇAMENTOS EM VIRTUDE DE TER DOIS ENDEREÇOS DE ENTREGA";"Em aberto";"16361778861";"0000000002483";"206968";"TUBO PVC BRANCO 100MM";"22,00";"86,3100";"BR";"0,0000";""
"25873175570";"8834";"21/05/2026";"";"15707888196";"CASA TOGNINI MATERIAIS HID E SANIT LTDA";"0,00";"PEDIDO REFERENTE A COMPRA DE MATERIAL CONFORME INFORMAÇÃO ANEXADA ABAIXO

FOI DIVIDIDO EM DOIS ORÇAMENTOS EM VIRTUDE DE TER DOIS ENDEREÇOS DE ENTREGA";"Em aberto";"9885242647";"0000000004045";"206966";"TUBO PVC BRANCO 50MM";"14,00";"55,5200";"BR";"0,0000";""
"25873175570";"8834";"21/05/2026";"";"15707888196";"CASA TOGNINI MATERIAIS HID E SANIT LTDA";"0,00";"PEDIDO REFERENTE A COMPRA DE MATERIAL CONFORME INFORMAÇÃO ANEXADA ABAIXO

FOI DIVIDIDO EM DOIS ORÇAMENTOS EM VIRTUDE DE TER DOIS ENDEREÇOS DE ENTREGA";"Em aberto";"9968993476";"0000000004084";"206967";"TUBO PVC BRANCO 40MM";"5,00";"34,0800";"BR";"0,0000";""
"25873175570";"8834";"21/05/2026";"";"15707888196";"CASA TOGNINI MATERIAIS HID E SANIT LTDA";"0,00";"PEDIDO REFERENTE A COMPRA DE MATERIAL CONFORME INFORMAÇÃO ANEXADA ABAIXO

FOI DIVIDIDO EM DOIS ORÇAMENTOS EM VIRTUDE DE TER DOIS ENDEREÇOS DE ENTREGA";"Em aberto";"9706095384";"0000000003972";"";"TUBO PVC BRANCO 75MM";"9,00";"89,1900";"BR";"0,0000";""
"25873175570";"8834";"21/05/2026";"";"15707888196";"CASA TOGNINI MATERIAIS HID E SANIT LTDA";"0,00";"PEDIDO REFERENTE A COMPRA DE MATERIAL CONFORME INFORMAÇÃO ANEXADA ABAIXO

FOI DIVIDIDO EM DOIS ORÇAMENTOS EM VIRTUDE DE TER DOIS ENDEREÇOS DE ENTREGA";"Em aberto";"16451877447";"0000000002327";"";"ISOLANTE TERMICO 1.1/8 28MM";"16,00";"4,7700";"BR";"0,0000";""
"25873175570";"8834";"21/05/2026";"";"15707888196";"CASA TOGNINI MATERIAIS HID E SANIT LTDA";"0,00";"PEDIDO REFERENTE A COMPRA DE MATERIAL CONFORME INFORMAÇÃO ANEXADA ABAIXO

FOI DIVIDIDO EM DOIS ORÇAMENTOS EM VIRTUDE DE TER DOIS ENDEREÇOS DE ENTREGA";"Em aberto";"9787367587";"0000000004016";"";"TUBO PVC MARROM - 50MM";"2,00";"55,5200";"BR";"0,0000";""
"25873175570";"8834";"21/05/2026";"";"15707888196";"CASA TOGNINI MATERIAIS HID E SANIT LTDA";"0,00";"PEDIDO REFERENTE A COMPRA DE MATERIAL CONFORME INFORMAÇÃO ANEXADA ABAIXO

FOI DIVIDIDO EM DOIS ORÇAMENTOS EM VIRTUDE DE TER DOIS ENDEREÇOS DE ENTREGA";"Em aberto";"16291979471";"0000000001505";"";"TUBO PVC MARROM - 75MM";"1,00";"312,3700";"BR";"0,0000";""
"25873175570";"8834";"21/05/2026";"";"15707888196";"CASA TOGNINI MATERIAIS HID E SANIT LTDA";"0,00";"PEDIDO REFERENTE A COMPRA DE MATERIAL CONFORME INFORMAÇÃO ANEXADA ABAIXO

FOI DIVIDIDO EM DOIS ORÇAMENTOS EM VIRTUDE DE TER DOIS ENDEREÇOS DE ENTREGA";"Em aberto";"16595535650";"0000000004618";"";"TUBO PVC MARROM 85MM";"1,00";"423,9400";"PC";"0,0000";""
"25873175570";"8834";"21/05/2026";"";"15707888196";"CASA TOGNINI MATERIAIS HID E SANIT LTDA";"0,00";"PEDIDO REFERENTE A COMPRA DE MATERIAL CONFORME INFORMAÇÃO ANEXADA ABAIXO

FOI DIVIDIDO EM DOIS ORÇAMENTOS EM VIRTUDE DE TER DOIS ENDEREÇOS DE ENTREGA";"Em aberto";"16335999593";"0000000001992";"";"CAIXA D AGUA POLIETILENO ABERTA 500 LTS";"2,00";"414,9900";"PÇ";"0,0000";""
"25873175570";"8834";"21/05/2026";"";"15707888196";"CASA TOGNINI MATERIAIS HID E SANIT LTDA";"0,00";"PEDIDO REFERENTE A COMPRA DE MATERIAL CONFORME INFORMAÇÃO ANEXADA ABAIXO

FOI DIVIDIDO EM DOIS ORÇAMENTOS EM VIRTUDE DE TER DOIS ENDEREÇOS DE ENTREGA";"Em aberto";"16158257396";"";"";"IMPOSTOS";"1,00";"2,5600";"um";"0,0000";""
"25874747070";"8835";"21/05/2026";"";"18131420484";"TWS ENGENHARIA LTDA";"0,00";"PEDIDO REFERENTE A EMPREITA REALIZADA NA OBRA CEMED - 3491";"Em aberto";"16357119601";"";"";"EMPREITA";"1,00";"12.000,0000";"";"0,0000";"3491"
"25874820390";"8836";"21/05/2026";"";"9406825547";"CASA FARIA MATERIAIS HIDRAULICOS LTDA";"0,00";"COMPRA REFERENTE A PEDIDO DE VENDA - 1585";"Em aberto";"9198556425";"0000000003735";"";"CANOPLA PARA SPRINKLER";"30,00";"3,1300";"PC";"0,0000";"P1585"
"25875138879";"8837";"21/05/2026";"";"16274141710";"CASA MIMOSA HIDRAULICA E ACABAMENTOS LTDA";"0,00";"PEDIDO REFERENTE A MATERIAL PARA ABASTECER A OBRA CEMED - 3491";"Em aberto";"16172563486";"0000000001162";"";"REGISTRO GAVETA BRUTO 3/4""";"9,00";"36,7600";"PC";"0,0000";"3491"
"25875138879";"8837";"21/05/2026";"";"16274141710";"CASA MIMOSA HIDRAULICA E ACABAMENTOS LTDA";"0,00";"PEDIDO REFERENTE A MATERIAL PARA ABASTECER A OBRA CEMED - 3491";"Em aberto";"9735592993";"0000000003986";"50330";"REGISTRO GAVETA BASE 3/4""";"7,00";"38,9200";"PC";"0,0000";"3491"
"25875138879";"8837";"21/05/2026";"";"16274141710";"CASA MIMOSA HIDRAULICA E ACABAMENTOS LTDA";"0,00";"PEDIDO REFERENTE A MATERIAL PARA ABASTECER A OBRA CEMED - 3491";"Em aberto";"16541618949";"0000000004464";"200115";"COTOVELO PVC MARROM 25MM X 90°";"50,00";"0,5400";"PC";"0,0000";"3491"
"25875138879";"8837";"21/05/2026";"";"16274141710";"CASA MIMOSA HIDRAULICA E ACABAMENTOS LTDA";"0,00";"PEDIDO REFERENTE A MATERIAL PARA ABASTECER A OBRA CEMED - 3491";"Em aberto";"9513459311";"0000000003911";"";"LUVA PVC MARROM 25MM";"20,00";"0,5400";"PC";"0,0000";"3491"
"25875138879";"8837";"21/05/2026";"";"16274141710";"CASA MIMOSA HIDRAULICA E ACABAMENTOS LTDA";"0,00";"PEDIDO REFERENTE A MATERIAL PARA ABASTECER A OBRA CEMED - 3491";"Em aberto";"16552069196";"0000000004515";"";"COTOVELO PVC MARROM 25MM X 45";"10,00";"1,1900";"PC";"0,0000";"3491"
"25875138879";"8837";"21/05/2026";"";"16274141710";"CASA MIMOSA HIDRAULICA E ACABAMENTOS LTDA";"0,00";"PEDIDO REFERENTE A MATERIAL PARA ABASTECER A OBRA CEMED - 3491";"Em aberto";"9908900147";"0000000004073";"";"LUVA LR PVC AZUL 25MM X 1/2""";"15,00";"4,2100";"PÇ";"0,0000";"3491"
"25875138879";"8837";"21/05/2026";"";"16274141710";"CASA MIMOSA HIDRAULICA E ACABAMENTOS LTDA";"0,00";"PEDIDO REFERENTE A MATERIAL PARA ABASTECER A OBRA CEMED - 3491";"Em aberto";"16525208323";"0000000004372";"";"LUVA LR PVC AZUL 25MM X 3/4""";"4,00";"5,0300";"PC";"0,0000";"3491"
"25875138879";"8837";"21/05/2026";"";"16274141710";"CASA MIMOSA HIDRAULICA E ACABAMENTOS LTDA";"0,00";"PEDIDO REFERENTE A MATERIAL PARA ABASTECER A OBRA CEMED - 3491";"Em aberto";"9513459309";"0000000003910";"0012281";"TUBO PVC MARROM - 25MM";"10,00";"18,3700";"BR";"0,0000";"3491"
"25875138879";"8837";"21/05/2026";"";"16274141710";"CASA MIMOSA HIDRAULICA E ACABAMENTOS LTDA";"0,00";"PEDIDO REFERENTE A MATERIAL PARA ABASTECER A OBRA CEMED - 3491";"Em aberto";"9882420354";"0000000004038";"";"TE PVC MARROM 25MM";"12,00";"0,9800";"PC";"0,0000";"3491"
"25875138879";"8837";"21/05/2026";"";"16274141710";"CASA MIMOSA HIDRAULICA E ACABAMENTOS LTDA";"0,00";"PEDIDO REFERENTE A MATERIAL PARA ABASTECER A OBRA CEMED - 3491";"Em aberto";"16332103565";"0000000001944";"";"PLUG PVC BRANCO 1/2""";"15,00";"0,5700";"PÇ";"0,0000";"3491"
"25875138879";"8837";"21/05/2026";"";"16274141710";"CASA MIMOSA HIDRAULICA E ACABAMENTOS LTDA";"0,00";"PEDIDO REFERENTE A MATERIAL PARA ABASTECER A OBRA CEMED - 3491";"Em aberto";"10293316290";"0000000000178";"";"JUNCAO PVC BRANCO 50MM";"6,00";"5,5000";"PC";"0,0000";"3491"
"25875138879";"8837";"21/05/2026";"";"16274141710";"CASA MIMOSA HIDRAULICA E ACABAMENTOS LTDA";"0,00";"PEDIDO REFERENTE A MATERIAL PARA ABASTECER A OBRA CEMED - 3491";"Em aberto";"16449192842";"0000000003080";"20193";"CAIXA SIFONADA PVC BRANCO 100X100X50";"4,00";"12,3700";"PC";"0,0000";"3491"
"25875138879";"8837";"21/05/2026";"";"16274141710";"CASA MIMOSA HIDRAULICA E ACABAMENTOS LTDA";"0,00";"PEDIDO REFERENTE A MATERIAL PARA ABASTECER A OBRA CEMED - 3491";"Em aberto";"16432843150";"0000000002933";"";"ADAPTADOR PVC MARROM 25MM X 3/4""";"40,00";"0,7600";"PC";"0,0000";"3491"
"25875801826";"8838";"21/05/2026";"";"15707888196";"CASA TOGNINI MATERIAIS HID E SANIT LTDA";"0,00";"PEDIDO REFERENTE A COMPRA DE MATERIAL CONFORME INFORMAÇÃO ANEXADA ABAIXO

FOI DIVIDIDO EM DOIS ORÇAMENTOS EM VIRTUDE DE TER DOIS ENDEREÇOS DE ENTREGA";"Em aberto";"9735592993";"0000000003986";"200816";"REGISTRO GAVETA BASE 3/4""";"13,00";"53,4000";"PC";"0,0000";""
"25875801826";"8838";"21/05/2026";"";"15707888196";"CASA TOGNINI MATERIAIS HID E SANIT LTDA";"0,00";"PEDIDO REFERENTE A COMPRA DE MATERIAL CONFORME INFORMAÇÃO ANEXADA ABAIXO

FOI DIVIDIDO EM DOIS ORÇAMENTOS EM VIRTUDE DE TER DOIS ENDEREÇOS DE ENTREGA";"Em aberto";"16208002318";"0000000001223";"";"TE PVC MARROM 32 X 25MM";"4,00";"7,0800";"PC";"0,0000";""
"25875801826";"8838";"21/05/2026";"";"15707888196";"CASA TOGNINI MATERIAIS HID E SANIT LTDA";"0,00";"PEDIDO REFERENTE A COMPRA DE MATERIAL CONFORME INFORMAÇÃO ANEXADA ABAIXO

FOI DIVIDIDO EM DOIS ORÇAMENTOS EM VIRTUDE DE TER DOIS ENDEREÇOS DE ENTREGA";"Em aberto";"16432843143";"0000000002929";"200116";"COTOVELO PVC MARROM 32MM X 90°";"10,00";"2,2100";"PC";"0,0000";""
"25875801826";"8838";"21/05/2026";"";"15707888196";"CASA TOGNINI MATERIAIS HID E SANIT LTDA";"0,00";"PEDIDO REFERENTE A COMPRA DE MATERIAL CONFORME INFORMAÇÃO ANEXADA ABAIXO

FOI DIVIDIDO EM DOIS ORÇAMENTOS EM VIRTUDE DE TER DOIS ENDEREÇOS DE ENTREGA";"Em aberto";"16208001451";"0000000001222";"200098";"CURVA LONGA PVC MARROM 32MM X 90º";"4,00";"5,3300";"PC";"0,0000";""
"25875801826";"8838";"21/05/2026";"";"15707888196";"CASA TOGNINI MATERIAIS HID E SANIT LTDA";"0,00";"PEDIDO REFERENTE A COMPRA DE MATERIAL CONFORME INFORMAÇÃO ANEXADA ABAIXO

FOI DIVIDIDO EM DOIS ORÇAMENTOS EM VIRTUDE DE TER DOIS ENDEREÇOS DE ENTREGA";"Em aberto";"15964134617";"0000000000725";"200125";"LUVA PVC MARROM 32MM";"4,00";"2,0500";"PC";"0,0000";""
"25875801826";"8838";"21/05/2026";"";"15707888196";"CASA TOGNINI MATERIAIS HID E SANIT LTDA";"0,00";"PEDIDO REFERENTE A COMPRA DE MATERIAL CONFORME INFORMAÇÃO ANEXADA ABAIXO

FOI DIVIDIDO EM DOIS ORÇAMENTOS EM VIRTUDE DE TER DOIS ENDEREÇOS DE ENTREGA";"Em aberto";"16316596335";"0000000001720";"200048";"ADAPTADOR PVC MARROM 32MM X 1""";"4,00";"1,7800";"PÇ";"0,0000";""
"25875801826";"8838";"21/05/2026";"";"15707888196";"CASA TOGNINI MATERIAIS HID E SANIT LTDA";"0,00";"PEDIDO REFERENTE A COMPRA DE MATERIAL CONFORME INFORMAÇÃO ANEXADA ABAIXO

FOI DIVIDIDO EM DOIS ORÇAMENTOS EM VIRTUDE DE TER DOIS ENDEREÇOS DE ENTREGA";"Em aberto";"0";"";"";"REGISTRO GAVETA BASE 1/2""";"4,00";"58,7100";"PÇ";"0,0000";""
"25875801826";"8838";"21/05/2026";"";"15707888196";"CASA TOGNINI MATERIAIS HID E SANIT LTDA";"0,00";"PEDIDO REFERENTE A COMPRA DE MATERIAL CONFORME INFORMAÇÃO ANEXADA ABAIXO

FOI DIVIDIDO EM DOIS ORÇAMENTOS EM VIRTUDE DE TER DOIS ENDEREÇOS DE ENTREGA";"Em aberto";"16525792507";"0000000004408";"";"TE AQUATHERM 28 X 22MM";"4,00";"6,2900";"PC";"0,0000";""
"25875801826";"8838";"21/05/2026";"";"15707888196";"CASA TOGNINI MATERIAIS HID E SANIT LTDA";"0,00";"PEDIDO REFERENTE A COMPRA DE MATERIAL CONFORME INFORMAÇÃO ANEXADA ABAIXO

FOI DIVIDIDO EM DOIS ORÇAMENTOS EM VIRTUDE DE TER DOIS ENDEREÇOS DE ENTREGA";"Em aberto";"16525775955";"0000000004397";"204252";"COTOVELO AQUATHERM 28MM X 90°";"18,00";"5,9100";"PC";"0,0000";""
"25875801826";"8838";"21/05/2026";"";"15707888196";"CASA TOGNINI MATERIAIS HID E SANIT LTDA";"0,00";"PEDIDO REFERENTE A COMPRA DE MATERIAL CONFORME INFORMAÇÃO ANEXADA ABAIXO

FOI DIVIDIDO EM DOIS ORÇAMENTOS EM VIRTUDE DE TER DOIS ENDEREÇOS DE ENTREGA";"Em aberto";"0";"";"";"CURVA  AQUATHERM 28MM X 90º";"4,00";"8,3200";"PC";"0,0000";""
"25875801826";"8838";"21/05/2026";"";"15707888196";"CASA TOGNINI MATERIAIS HID E SANIT LTDA";"0,00";"PEDIDO REFERENTE A COMPRA DE MATERIAL CONFORME INFORMAÇÃO ANEXADA ABAIXO

FOI DIVIDIDO EM DOIS ORÇAMENTOS EM VIRTUDE DE TER DOIS ENDEREÇOS DE ENTREGA";"Em aberto";"16119184551";"0000000001074";"";"LUVA AQUATHERM 28MM";"8,00";"3,2900";"PC";"0,0000";""
"25875801826";"8838";"21/05/2026";"";"15707888196";"CASA TOGNINI MATERIAIS HID E SANIT LTDA";"0,00";"PEDIDO REFERENTE A COMPRA DE MATERIAL CONFORME INFORMAÇÃO ANEXADA ABAIXO

FOI DIVIDIDO EM DOIS ORÇAMENTOS EM VIRTUDE DE TER DOIS ENDEREÇOS DE ENTREGA";"Em aberto";"16229152812";"0000000001289";"";"CONECTOR AQUATHERM 28MM X 1""";"11,00";"20,8400";"PC";"0,0000";""
"25875801826";"8838";"21/05/2026";"";"15707888196";"CASA TOGNINI MATERIAIS HID E SANIT LTDA";"0,00";"PEDIDO REFERENTE A COMPRA DE MATERIAL CONFORME INFORMAÇÃO ANEXADA ABAIXO

FOI DIVIDIDO EM DOIS ORÇAMENTOS EM VIRTUDE DE TER DOIS ENDEREÇOS DE ENTREGA";"Em aberto";"13639994759";"0000000000354";"";"JUNCAO PVC BRANCO 100MM";"10,00";"15,8900";"PC";"0,0000";""
"25875801826";"8838";"21/05/2026";"";"15707888196";"CASA TOGNINI MATERIAIS HID E SANIT LTDA";"0,00";"PEDIDO REFERENTE A COMPRA DE MATERIAL CONFORME INFORMAÇÃO ANEXADA ABAIXO

FOI DIVIDIDO EM DOIS ORÇAMENTOS EM VIRTUDE DE TER DOIS ENDEREÇOS DE ENTREGA";"Em aberto";"16074603445";"0000000000930";"";"COTOVELO PVC BRANCO 100MM X 45º";"20,00";"6,3900";"PC";"0,0000";""
"25875801826";"8838";"21/05/2026";"";"15707888196";"CASA TOGNINI MATERIAIS HID E SANIT LTDA";"0,00";"PEDIDO REFERENTE A COMPRA DE MATERIAL CONFORME INFORMAÇÃO ANEXADA ABAIXO

FOI DIVIDIDO EM DOIS ORÇAMENTOS EM VIRTUDE DE TER DOIS ENDEREÇOS DE ENTREGA";"Em aberto";"10293298854";"0000000000176";"200207";"LUVA PVC BRANCO 100MM";"19,00";"4,5200";"PC";"0,0000";""
"25875801826";"8838";"21/05/2026";"";"15707888196";"CASA TOGNINI MATERIAIS HID E SANIT LTDA";"0,00";"PEDIDO REFERENTE A COMPRA DE MATERIAL CONFORME INFORMAÇÃO ANEXADA ABAIXO

FOI DIVIDIDO EM DOIS ORÇAMENTOS EM VIRTUDE DE TER DOIS ENDEREÇOS DE ENTREGA";"Em aberto";"16409986358";"0000000002268";"";"TE LIGA FACIL PVC BRANCO 100 X 50MMM";"3,00";"10,2900";"PC";"0,0000";""
"25875801826";"8838";"21/05/2026";"";"15707888196";"CASA TOGNINI MATERIAIS HID E SANIT LTDA";"0,00";"PEDIDO REFERENTE A COMPRA DE MATERIAL CONFORME INFORMAÇÃO ANEXADA ABAIXO

FOI DIVIDIDO EM DOIS ORÇAMENTOS EM VIRTUDE DE TER DOIS ENDEREÇOS DE ENTREGA";"Em aberto";"0";"";"";"TERMINAL DE VENTILAÇÃO 50MM";"2,00";"9,2300";"";"0,0000";""
"25875801826";"8838";"21/05/2026";"";"15707888196";"CASA TOGNINI MATERIAIS HID E SANIT LTDA";"0,00";"PEDIDO REFERENTE A COMPRA DE MATERIAL CONFORME INFORMAÇÃO ANEXADA ABAIXO

FOI DIVIDIDO EM DOIS ORÇAMENTOS EM VIRTUDE DE TER DOIS ENDEREÇOS DE ENTREGA";"Em aberto";"9735719500";"0000000003987";"";"REGISTRO PRESSAO BASE 3/4""";"8,00";"62,0300";"PC";"0,0000";""
"25875801826";"8838";"21/05/2026";"";"15707888196";"CASA TOGNINI MATERIAIS HID E SANIT LTDA";"0,00";"PEDIDO REFERENTE A COMPRA DE MATERIAL CONFORME INFORMAÇÃO ANEXADA ABAIXO

FOI DIVIDIDO EM DOIS ORÇAMENTOS EM VIRTUDE DE TER DOIS ENDEREÇOS DE ENTREGA";"Em aberto";"0";"";"";"REGISTRO PRESSAO BASE 1/2""";"2,00";"70,9400";"PC";"0,0000";""
"25875801826";"8838";"21/05/2026";"";"15707888196";"CASA TOGNINI MATERIAIS HID E SANIT LTDA";"0,00";"PEDIDO REFERENTE A COMPRA DE MATERIAL CONFORME INFORMAÇÃO ANEXADA ABAIXO

FOI DIVIDIDO EM DOIS ORÇAMENTOS EM VIRTUDE DE TER DOIS ENDEREÇOS DE ENTREGA";"Em aberto";"9784756448";"0000000004007";"";"CAIXA SIFONADA COM GRELHA PVC BRANCO 150X150X50";"2,00";"30,0000";"PC";"0,0000";""
"25875801826";"8838";"21/05/2026";"";"15707888196";"CASA TOGNINI MATERIAIS HID E SANIT LTDA";"0,00";"PEDIDO REFERENTE A COMPRA DE MATERIAL CONFORME INFORMAÇÃO ANEXADA ABAIXO

FOI DIVIDIDO EM DOIS ORÇAMENTOS EM VIRTUDE DE TER DOIS ENDEREÇOS DE ENTREGA";"Em aberto";"0";"";"";"ANEL DE VEDAÇÃO BACIA COM GUIA";"4,00";"5,5100";"PC";"0,0000";""
"25875801826";"8838";"21/05/2026";"";"15707888196";"CASA TOGNINI MATERIAIS HID E SANIT LTDA";"0,00";"PEDIDO REFERENTE A COMPRA DE MATERIAL CONFORME INFORMAÇÃO ANEXADA ABAIXO

FOI DIVIDIDO EM DOIS ORÇAMENTOS EM VIRTUDE DE TER DOIS ENDEREÇOS DE ENTREGA";"Em aberto";"16100210341";"0000000001004";"";"CAIXA SIFONADA S/ GRELHA PVC BRANCO 150X185X75";"2,00";"31,1400";"PC";"0,0000";""
"25875801826";"8838";"21/05/2026";"";"15707888196";"CASA TOGNINI MATERIAIS HID E SANIT LTDA";"0,00";"PEDIDO REFERENTE A COMPRA DE MATERIAL CONFORME INFORMAÇÃO ANEXADA ABAIXO

FOI DIVIDIDO EM DOIS ORÇAMENTOS EM VIRTUDE DE TER DOIS ENDEREÇOS DE ENTREGA";"Em aberto";"12886199595";"0000000000317";"209425";"SIFAO TUBO EXTENSIVO UNIVERSAL";"4,00";"6,0100";"PC";"0,0000";""
"25875801826";"8838";"21/05/2026";"";"15707888196";"CASA TOGNINI MATERIAIS HID E SANIT LTDA";"0,00";"PEDIDO REFERENTE A COMPRA DE MATERIAL CONFORME INFORMAÇÃO ANEXADA ABAIXO

FOI DIVIDIDO EM DOIS ORÇAMENTOS EM VIRTUDE DE TER DOIS ENDEREÇOS DE ENTREGA";"Em aberto";"0";"";"211053";"ADAPTADOR PARA MAQUINA DE LAVAR ROUPA";"2,00";"19,9200";"PC";"0,0000";""
"25875801826";"8838";"21/05/2026";"";"15707888196";"CASA TOGNINI MATERIAIS HID E SANIT LTDA";"0,00";"PEDIDO REFERENTE A COMPRA DE MATERIAL CONFORME INFORMAÇÃO ANEXADA ABAIXO

FOI DIVIDIDO EM DOIS ORÇAMENTOS EM VIRTUDE DE TER DOIS ENDEREÇOS DE ENTREGA";"Em aberto";"16553980952";"0000000004536";"";"GRELHA OCULTA PARA CAIXA SIFONADA 150MM";"2,00";"23,4800";"PC";"0,0000";""
"25875801826";"8838";"21/05/2026";"";"15707888196";"CASA TOGNINI MATERIAIS HID E SANIT LTDA";"0,00";"PEDIDO REFERENTE A COMPRA DE MATERIAL CONFORME INFORMAÇÃO ANEXADA ABAIXO

FOI DIVIDIDO EM DOIS ORÇAMENTOS EM VIRTUDE DE TER DOIS ENDEREÇOS DE ENTREGA";"Em aberto";"16451147604";"0000000002323";"";"CAIXA DE GORDURA COM CESTO DE LIMPEZA 250 X 172 X 75MM";"1,00";"316,5000";"PC";"0,0000";""
"25875801826";"8838";"21/05/2026";"";"15707888196";"CASA TOGNINI MATERIAIS HID E SANIT LTDA";"0,00";"PEDIDO REFERENTE A COMPRA DE MATERIAL CONFORME INFORMAÇÃO ANEXADA ABAIXO

FOI DIVIDIDO EM DOIS ORÇAMENTOS EM VIRTUDE DE TER DOIS ENDEREÇOS DE ENTREGA";"Em aberto";"16541618949";"0000000004464";"200115";"COTOVELO PVC MARROM 25MM X 90°";"70,00";"0,6400";"PC";"0,0000";""
"25875801826";"8838";"21/05/2026";"";"15707888196";"CASA TOGNINI MATERIAIS HID E SANIT LTDA";"0,00";"PEDIDO REFERENTE A COMPRA DE MATERIAL CONFORME INFORMAÇÃO ANEXADA ABAIXO

FOI DIVIDIDO EM DOIS ORÇAMENTOS EM VIRTUDE DE TER DOIS ENDEREÇOS DE ENTREGA";"Em aberto";"16653356852";"0000000004753";"";"COTOVELO PVC MARROM 20MM x 90°";"64,00";"0,6200";"PC";"0,0000";""
"25875801826";"8838";"21/05/2026";"";"15707888196";"CASA TOGNINI MATERIAIS HID E SANIT LTDA";"0,00";"PEDIDO REFERENTE A COMPRA DE MATERIAL CONFORME INFORMAÇÃO ANEXADA ABAIXO

FOI DIVIDIDO EM DOIS ORÇAMENTOS EM VIRTUDE DE TER DOIS ENDEREÇOS DE ENTREGA";"Em aberto";"16379552105";"0000000002665";"";"CURVA LONGA PVC MARROM 25MM X 90º";"19,00";"2,6600";"PC";"0,0000";""
"25875801826";"8838";"21/05/2026";"";"15707888196";"CASA TOGNINI MATERIAIS HID E SANIT LTDA";"0,00";"PEDIDO REFERENTE A COMPRA DE MATERIAL CONFORME INFORMAÇÃO ANEXADA ABAIXO

FOI DIVIDIDO EM DOIS ORÇAMENTOS EM VIRTUDE DE TER DOIS ENDEREÇOS DE ENTREGA";"Em aberto";"9882420354";"0000000004038";"200138";"TE PVC MARROM 25MM";"20,00";"1,1800";"PC";"0,0000";""
"25875801826";"8838";"21/05/2026";"";"15707888196";"CASA TOGNINI MATERIAIS HID E SANIT LTDA";"0,00";"PEDIDO REFERENTE A COMPRA DE MATERIAL CONFORME INFORMAÇÃO ANEXADA ABAIXO

FOI DIVIDIDO EM DOIS ORÇAMENTOS EM VIRTUDE DE TER DOIS ENDEREÇOS DE ENTREGA";"Em aberto";"16180460016";"0000000001181";"";"TE PVC MARROM 25 X 20MM";"24,00";"3,7700";"PC";"0,0000";""
"25875801826";"8838";"21/05/2026";"";"15707888196";"CASA TOGNINI MATERIAIS HID E SANIT LTDA";"0,00";"PEDIDO REFERENTE A COMPRA DE MATERIAL CONFORME INFORMAÇÃO ANEXADA ABAIXO

FOI DIVIDIDO EM DOIS ORÇAMENTOS EM VIRTUDE DE TER DOIS ENDEREÇOS DE ENTREGA";"Em aberto";"9513459311";"0000000003911";"";"LUVA PVC MARROM 25MM";"22,00";"0,6400";"PC";"0,0000";""
"25875801826";"8838";"21/05/2026";"";"15707888196";"CASA TOGNINI MATERIAIS HID E SANIT LTDA";"0,00";"PEDIDO REFERENTE A COMPRA DE MATERIAL CONFORME INFORMAÇÃO ANEXADA ABAIXO

FOI DIVIDIDO EM DOIS ORÇAMENTOS EM VIRTUDE DE TER DOIS ENDEREÇOS DE ENTREGA";"Em aberto";"16359715582";"0000000002453";"";"LUVA PVC MARROM 20MM";"28,00";"0,6300";"PÇ";"0,0000";""
"25875801826";"8838";"21/05/2026";"";"15707888196";"CASA TOGNINI MATERIAIS HID E SANIT LTDA";"0,00";"PEDIDO REFERENTE A COMPRA DE MATERIAL CONFORME INFORMAÇÃO ANEXADA ABAIXO

FOI DIVIDIDO EM DOIS ORÇAMENTOS EM VIRTUDE DE TER DOIS ENDEREÇOS DE ENTREGA";"Em aberto";"9751602176";"0000000004000";"";"COTOVELO LR PVC AZUL 20MM X 1/2""";"30,00";"5,2000";"PC";"0,0000";""
"25875801826";"8838";"21/05/2026";"";"15707888196";"CASA TOGNINI MATERIAIS HID E SANIT LTDA";"0,00";"PEDIDO REFERENTE A COMPRA DE MATERIAL CONFORME INFORMAÇÃO ANEXADA ABAIXO

FOI DIVIDIDO EM DOIS ORÇAMENTOS EM VIRTUDE DE TER DOIS ENDEREÇOS DE ENTREGA";"Em aberto";"16525205942";"0000000004370";"";"COTOVELO LR PVC AZUL 25MM X 3/4""";"12,00";"5,7100";"PC";"0,0000";""
"25875801826";"8838";"21/05/2026";"";"15707888196";"CASA TOGNINI MATERIAIS HID E SANIT LTDA";"0,00";"PEDIDO REFERENTE A COMPRA DE MATERIAL CONFORME INFORMAÇÃO ANEXADA ABAIXO

FOI DIVIDIDO EM DOIS ORÇAMENTOS EM VIRTUDE DE TER DOIS ENDEREÇOS DE ENTREGA";"Em aberto";"16432843150";"0000000002933";"";"ADAPTADOR PVC MARROM 25MM X 3/4""";"28,00";"0,9200";"PC";"0,0000";""
"25875801826";"8838";"21/05/2026";"";"15707888196";"CASA TOGNINI MATERIAIS HID E SANIT LTDA";"0,00";"PEDIDO REFERENTE A COMPRA DE MATERIAL CONFORME INFORMAÇÃO ANEXADA ABAIXO

FOI DIVIDIDO EM DOIS ORÇAMENTOS EM VIRTUDE DE TER DOIS ENDEREÇOS DE ENTREGA";"Em aberto";"16180458468";"0000000001180";"200046";"ADAPTADOR PVC MARROM 20MM X 1/2""";"28,00";"0,7600";"PC";"0,0000";""
"25875801826";"8838";"21/05/2026";"";"15707888196";"CASA TOGNINI MATERIAIS HID E SANIT LTDA";"0,00";"PEDIDO REFERENTE A COMPRA DE MATERIAL CONFORME INFORMAÇÃO ANEXADA ABAIXO

FOI DIVIDIDO EM DOIS ORÇAMENTOS EM VIRTUDE DE TER DOIS ENDEREÇOS DE ENTREGA";"Em aberto";"16525775583";"0000000004396";"";"COTOVELO AQUATHERM 22MM X 90°";"46,00";"2,6600";"PC";"0,0000";""
"25875801826";"8838";"21/05/2026";"";"15707888196";"CASA TOGNINI MATERIAIS HID E SANIT LTDA";"0,00";"PEDIDO REFERENTE A COMPRA DE MATERIAL CONFORME INFORMAÇÃO ANEXADA ABAIXO

FOI DIVIDIDO EM DOIS ORÇAMENTOS EM VIRTUDE DE TER DOIS ENDEREÇOS DE ENTREGA";"Em aberto";"16525775272";"0000000004395";"";"COTOVELO AQUATHERM 15MM X 90°";"34,00";"2,2000";"PC";"0,0000";""
"25875801826";"8838";"21/05/2026";"";"15707888196";"CASA TOGNINI MATERIAIS HID E SANIT LTDA";"0,00";"PEDIDO REFERENTE A COMPRA DE MATERIAL CONFORME INFORMAÇÃO ANEXADA ABAIXO

FOI DIVIDIDO EM DOIS ORÇAMENTOS EM VIRTUDE DE TER DOIS ENDEREÇOS DE ENTREGA";"Em aberto";"0";"";"";"CURVA AQUATHERM 22MM X 90º";"8,00";"4,6700";"PC";"0,0000";""
"25875801826";"8838";"21/05/2026";"";"15707888196";"CASA TOGNINI MATERIAIS HID E SANIT LTDA";"0,00";"PEDIDO REFERENTE A COMPRA DE MATERIAL CONFORME INFORMAÇÃO ANEXADA ABAIXO

FOI DIVIDIDO EM DOIS ORÇAMENTOS EM VIRTUDE DE TER DOIS ENDEREÇOS DE ENTREGA";"Em aberto";"15900661586";"0000000000599";"";"TE AQUATHERM 22MM";"16,00";"3,2700";"PC";"0,0000";""
"25875801826";"8838";"21/05/2026";"";"15707888196";"CASA TOGNINI MATERIAIS HID E SANIT LTDA";"0,00";"PEDIDO REFERENTE A COMPRA DE MATERIAL CONFORME INFORMAÇÃO ANEXADA ABAIXO

FOI DIVIDIDO EM DOIS ORÇAMENTOS EM VIRTUDE DE TER DOIS ENDEREÇOS DE ENTREGA";"Em aberto";"0";"";"";"TE AQUATHERM 22 X 15MM";"15,00";"3,4500";"PC";"0,0000";""
"25875801826";"8838";"21/05/2026";"";"15707888196";"CASA TOGNINI MATERIAIS HID E SANIT LTDA";"0,00";"PEDIDO REFERENTE A COMPRA DE MATERIAL CONFORME INFORMAÇÃO ANEXADA ABAIXO

FOI DIVIDIDO EM DOIS ORÇAMENTOS EM VIRTUDE DE TER DOIS ENDEREÇOS DE ENTREGA";"Em aberto";"16325519964";"0000000001869";"";"LUVA AQUATHERM 22MM";"24,00";"1,7300";"PÇ";"0,0000";""
"25875801826";"8838";"21/05/2026";"";"15707888196";"CASA TOGNINI MATERIAIS HID E SANIT LTDA";"0,00";"PEDIDO REFERENTE A COMPRA DE MATERIAL CONFORME INFORMAÇÃO ANEXADA ABAIXO

FOI DIVIDIDO EM DOIS ORÇAMENTOS EM VIRTUDE DE TER DOIS ENDEREÇOS DE ENTREGA";"Em aberto";"15900662186";"0000000000600";"";"LUVA AQUATHERM 15MM";"20,00";"1,6800";"PC";"0,0000";""
"25875801826";"8838";"21/05/2026";"";"15707888196";"CASA TOGNINI MATERIAIS HID E SANIT LTDA";"0,00";"PEDIDO REFERENTE A COMPRA DE MATERIAL CONFORME INFORMAÇÃO ANEXADA ABAIXO

FOI DIVIDIDO EM DOIS ORÇAMENTOS EM VIRTUDE DE TER DOIS ENDEREÇOS DE ENTREGA";"Em aberto";"16100261347";"0000000001023";"";"CONECTOR AQUATHERM 22MM X 3/4""";"18,00";"16,4200";"PC";"0,0000";""
"25875801826";"8838";"21/05/2026";"";"15707888196";"CASA TOGNINI MATERIAIS HID E SANIT LTDA";"0,00";"PEDIDO REFERENTE A COMPRA DE MATERIAL CONFORME INFORMAÇÃO ANEXADA ABAIXO

FOI DIVIDIDO EM DOIS ORÇAMENTOS EM VIRTUDE DE TER DOIS ENDEREÇOS DE ENTREGA";"Em aberto";"0";"";"";"CONECTOR AQUATHERM 15MM X 1/2""";"18,00";"10,8400";"PC";"0,0000";""
"25875801826";"8838";"21/05/2026";"";"15707888196";"CASA TOGNINI MATERIAIS HID E SANIT LTDA";"0,00";"PEDIDO REFERENTE A COMPRA DE MATERIAL CONFORME INFORMAÇÃO ANEXADA ABAIXO

FOI DIVIDIDO EM DOIS ORÇAMENTOS EM VIRTUDE DE TER DOIS ENDEREÇOS DE ENTREGA";"Em aberto";"16095838393";"0000000000965";"";"CURVA LONGA PVC BRANCO 100MM X 90º";"18,00";"41,7600";"PC";"0,0000";""
"25875801826";"8838";"21/05/2026";"";"15707888196";"CASA TOGNINI MATERIAIS HID E SANIT LTDA";"0,00";"PEDIDO REFERENTE A COMPRA DE MATERIAL CONFORME INFORMAÇÃO ANEXADA ABAIXO

FOI DIVIDIDO EM DOIS ORÇAMENTOS EM VIRTUDE DE TER DOIS ENDEREÇOS DE ENTREGA";"Em aberto";"0";"";"";"TE PVC BRANCO 100MM";"15,00";"10,6900";"PC";"0,0000";""
"25875801826";"8838";"21/05/2026";"";"15707888196";"CASA TOGNINI MATERIAIS HID E SANIT LTDA";"0,00";"PEDIDO REFERENTE A COMPRA DE MATERIAL CONFORME INFORMAÇÃO ANEXADA ABAIXO

FOI DIVIDIDO EM DOIS ORÇAMENTOS EM VIRTUDE DE TER DOIS ENDEREÇOS DE ENTREGA";"Em aberto";"16100245996";"0000000001012";"200217";"BUCHA REDUCAO PVC BRANCO 100 X 75MM";"3,00";"7,4700";"PC";"0,0000";""
"25875801826";"8838";"21/05/2026";"";"15707888196";"CASA TOGNINI MATERIAIS HID E SANIT LTDA";"0,00";"PEDIDO REFERENTE A COMPRA DE MATERIAL CONFORME INFORMAÇÃO ANEXADA ABAIXO

FOI DIVIDIDO EM DOIS ORÇAMENTOS EM VIRTUDE DE TER DOIS ENDEREÇOS DE ENTREGA";"Em aberto";"9883143492";"0000000004042";"200216";"BUCHA REDUCAO PVC BRANCO 100 X 50MM";"6,00";"6,3700";"PC";"0,0000";""
"25875801826";"8838";"21/05/2026";"";"15707888196";"CASA TOGNINI MATERIAIS HID E SANIT LTDA";"0,00";"PEDIDO REFERENTE A COMPRA DE MATERIAL CONFORME INFORMAÇÃO ANEXADA ABAIXO

FOI DIVIDIDO EM DOIS ORÇAMENTOS EM VIRTUDE DE TER DOIS ENDEREÇOS DE ENTREGA";"Em aberto";"16100231380";"0000000001006";"";"COTOVELO PVC BRANCO 75MM X 90º";"7,00";"4,4500";"PC";"0,0000";""
"25875801826";"8838";"21/05/2026";"";"15707888196";"CASA TOGNINI MATERIAIS HID E SANIT LTDA";"0,00";"PEDIDO REFERENTE A COMPRA DE MATERIAL CONFORME INFORMAÇÃO ANEXADA ABAIXO

FOI DIVIDIDO EM DOIS ORÇAMENTOS EM VIRTUDE DE TER DOIS ENDEREÇOS DE ENTREGA";"Em aberto";"16100231932";"0000000001007";"";"COTOVELO PVC BRANCO 75MM X 45º";"8,00";"5,8400";"PC";"0,0000";""
"25875801826";"8838";"21/05/2026";"";"15707888196";"CASA TOGNINI MATERIAIS HID E SANIT LTDA";"0,00";"PEDIDO REFERENTE A COMPRA DE MATERIAL CONFORME INFORMAÇÃO ANEXADA ABAIXO

FOI DIVIDIDO EM DOIS ORÇAMENTOS EM VIRTUDE DE TER DOIS ENDEREÇOS DE ENTREGA";"Em aberto";"0";"";"";"TE PVC BRANCO 75MM";"3,00";"10,3800";"PC";"0,0000";""
"25875801826";"8838";"21/05/2026";"";"15707888196";"CASA TOGNINI MATERIAIS HID E SANIT LTDA";"0,00";"PEDIDO REFERENTE A COMPRA DE MATERIAL CONFORME INFORMAÇÃO ANEXADA ABAIXO

FOI DIVIDIDO EM DOIS ORÇAMENTOS EM VIRTUDE DE TER DOIS ENDEREÇOS DE ENTREGA";"Em aberto";"10293507735";"0000000000183";"";"BUCHA REDUCAO PVC BRANCO 75 X 50MM";"6,00";"5,3300";"PC";"0,0000";""
"25875801826";"8838";"21/05/2026";"";"15707888196";"CASA TOGNINI MATERIAIS HID E SANIT LTDA";"0,00";"PEDIDO REFERENTE A COMPRA DE MATERIAL CONFORME INFORMAÇÃO ANEXADA ABAIXO

FOI DIVIDIDO EM DOIS ORÇAMENTOS EM VIRTUDE DE TER DOIS ENDEREÇOS DE ENTREGA";"Em aberto";"16074619576";"0000000000931";"";"COTOVELO PVC BRANCO 50MM X 90º";"60,00";"2,4300";"PC";"0,0000";""
"25875801826";"8838";"21/05/2026";"";"15707888196";"CASA TOGNINI MATERIAIS HID E SANIT LTDA";"0,00";"PEDIDO REFERENTE A COMPRA DE MATERIAL CONFORME INFORMAÇÃO ANEXADA ABAIXO

FOI DIVIDIDO EM DOIS ORÇAMENTOS EM VIRTUDE DE TER DOIS ENDEREÇOS DE ENTREGA";"Em aberto";"16074600350";"0000000000929";"";"COTOVELO PVC BRANCO 50MM X 45º";"30,00";"2,4700";"PC";"0,0000";""
"25875801826";"8838";"21/05/2026";"";"15707888196";"CASA TOGNINI MATERIAIS HID E SANIT LTDA";"0,00";"PEDIDO REFERENTE A COMPRA DE MATERIAL CONFORME INFORMAÇÃO ANEXADA ABAIXO

FOI DIVIDIDO EM DOIS ORÇAMENTOS EM VIRTUDE DE TER DOIS ENDEREÇOS DE ENTREGA";"Em aberto";"0";"";"";"TE PVC BRANCO 50MM";"18,00";"5,3600";"PC";"0,0000";""
"25875801826";"8838";"21/05/2026";"";"15707888196";"CASA TOGNINI MATERIAIS HID E SANIT LTDA";"0,00";"PEDIDO REFERENTE A COMPRA DE MATERIAL CONFORME INFORMAÇÃO ANEXADA ABAIXO

FOI DIVIDIDO EM DOIS ORÇAMENTOS EM VIRTUDE DE TER DOIS ENDEREÇOS DE ENTREGA";"Em aberto";"10293316290";"0000000000178";"";"JUNCAO PVC BRANCO 50MM";"9,00";"6,7300";"PC";"0,0000";""
"25875801826";"8838";"21/05/2026";"";"15707888196";"CASA TOGNINI MATERIAIS HID E SANIT LTDA";"0,00";"PEDIDO REFERENTE A COMPRA DE MATERIAL CONFORME INFORMAÇÃO ANEXADA ABAIXO

FOI DIVIDIDO EM DOIS ORÇAMENTOS EM VIRTUDE DE TER DOIS ENDEREÇOS DE ENTREGA";"Em aberto";"16236967073";"0000000001340";"200191";"COTOVELO PVC BRANCO 40MM X 90º";"20,00";"1,5300";"PC";"0,0000";""
"25875801826";"8838";"21/05/2026";"";"15707888196";"CASA TOGNINI MATERIAIS HID E SANIT LTDA";"0,00";"PEDIDO REFERENTE A COMPRA DE MATERIAL CONFORME INFORMAÇÃO ANEXADA ABAIXO

FOI DIVIDIDO EM DOIS ORÇAMENTOS EM VIRTUDE DE TER DOIS ENDEREÇOS DE ENTREGA";"Em aberto";"9961848827";"0000000004076";"200187";"COTOVELO PVC BRANCO 40MM X 45°";"20,00";"1,5800";"PC";"0,0000";""
"25875801826";"8838";"21/05/2026";"";"15707888196";"CASA TOGNINI MATERIAIS HID E SANIT LTDA";"0,00";"PEDIDO REFERENTE A COMPRA DE MATERIAL CONFORME INFORMAÇÃO ANEXADA ABAIXO

FOI DIVIDIDO EM DOIS ORÇAMENTOS EM VIRTUDE DE TER DOIS ENDEREÇOS DE ENTREGA";"Em aberto";"0";"";"";"TE PVC BRANCO 40MM";"6,00";"2,6300";"PC";"0,0000";""
"25875801826";"8838";"21/05/2026";"";"15707888196";"CASA TOGNINI MATERIAIS HID E SANIT LTDA";"0,00";"PEDIDO REFERENTE A COMPRA DE MATERIAL CONFORME INFORMAÇÃO ANEXADA ABAIXO

FOI DIVIDIDO EM DOIS ORÇAMENTOS EM VIRTUDE DE TER DOIS ENDEREÇOS DE ENTREGA";"Em aberto";"9968966953";"0000000004083";"";"BUCHA REDUÇÃO PVC BRANCO 50 X 40MM";"14,00";"2,1800";"PC";"0,0000";""
"25875801826";"8838";"21/05/2026";"";"15707888196";"CASA TOGNINI MATERIAIS HID E SANIT LTDA";"0,00";"PEDIDO REFERENTE A COMPRA DE MATERIAL CONFORME INFORMAÇÃO ANEXADA ABAIXO

FOI DIVIDIDO EM DOIS ORÇAMENTOS EM VIRTUDE DE TER DOIS ENDEREÇOS DE ENTREGA";"Em aberto";"10293307586";"0000000000177";"";"LUVA PVC BRANCO 50MM";"8,00";"2,2500";"PC";"0,0000";""
"25875801826";"8838";"21/05/2026";"";"15707888196";"CASA TOGNINI MATERIAIS HID E SANIT LTDA";"0,00";"PEDIDO REFERENTE A COMPRA DE MATERIAL CONFORME INFORMAÇÃO ANEXADA ABAIXO

FOI DIVIDIDO EM DOIS ORÇAMENTOS EM VIRTUDE DE TER DOIS ENDEREÇOS DE ENTREGA";"Em aberto";"0";"";"";"CURVA PVC MARROM 50MM X 90º";"40,00";"10,0400";"PC";"0,0000";""
"25875801826";"8838";"21/05/2026";"";"15707888196";"CASA TOGNINI MATERIAIS HID E SANIT LTDA";"0,00";"PEDIDO REFERENTE A COMPRA DE MATERIAL CONFORME INFORMAÇÃO ANEXADA ABAIXO

FOI DIVIDIDO EM DOIS ORÇAMENTOS EM VIRTUDE DE TER DOIS ENDEREÇOS DE ENTREGA";"Em aberto";"16552070202";"0000000004516";"200100";"COTOVELO PVC MARROM 50MM X90º";"9,00";"4,2900";"PC";"0,0000";""
"25875801826";"8838";"21/05/2026";"";"15707888196";"CASA TOGNINI MATERIAIS HID E SANIT LTDA";"0,00";"PEDIDO REFERENTE A COMPRA DE MATERIAL CONFORME INFORMAÇÃO ANEXADA ABAIXO

FOI DIVIDIDO EM DOIS ORÇAMENTOS EM VIRTUDE DE TER DOIS ENDEREÇOS DE ENTREGA";"Em aberto";"16432843145";"0000000002930";"";"TE PVC MARROM 50MM";"12,00";"7,4000";"PC";"0,0000";""
"25875801826";"8838";"21/05/2026";"";"15707888196";"CASA TOGNINI MATERIAIS HID E SANIT LTDA";"0,00";"PEDIDO REFERENTE A COMPRA DE MATERIAL CONFORME INFORMAÇÃO ANEXADA ABAIXO

FOI DIVIDIDO EM DOIS ORÇAMENTOS EM VIRTUDE DE TER DOIS ENDEREÇOS DE ENTREGA";"Em aberto";"0";"";"";"REGISTRO ESFERA PVC MARROM 50MM";"12,00";"29,4400";"PC";"0,0000";""
"25875801826";"8838";"21/05/2026";"";"15707888196";"CASA TOGNINI MATERIAIS HID E SANIT LTDA";"0,00";"PEDIDO REFERENTE A COMPRA DE MATERIAL CONFORME INFORMAÇÃO ANEXADA ABAIXO

FOI DIVIDIDO EM DOIS ORÇAMENTOS EM VIRTUDE DE TER DOIS ENDEREÇOS DE ENTREGA";"Em aberto";"16026051457";"0000000000763";"";"LUVA PVC MARROM 50MM";"12,00";"2,9500";"PC";"0,0000";""
"25875801826";"8838";"21/05/2026";"";"15707888196";"CASA TOGNINI MATERIAIS HID E SANIT LTDA";"0,00";"PEDIDO REFERENTE A COMPRA DE MATERIAL CONFORME INFORMAÇÃO ANEXADA ABAIXO

FOI DIVIDIDO EM DOIS ORÇAMENTOS EM VIRTUDE DE TER DOIS ENDEREÇOS DE ENTREGA";"Em aberto";"16639814798";"0000000004697";"";"TORNEIRA DE BOIA BSA 1""";"2,00";"142,7700";"PC";"0,0000";""
"25875801826";"8838";"21/05/2026";"";"15707888196";"CASA TOGNINI MATERIAIS HID E SANIT LTDA";"0,00";"PEDIDO REFERENTE A COMPRA DE MATERIAL CONFORME INFORMAÇÃO ANEXADA ABAIXO

FOI DIVIDIDO EM DOIS ORÇAMENTOS EM VIRTUDE DE TER DOIS ENDEREÇOS DE ENTREGA";"Em aberto";"16394766912";"0000000002783";"";"REGISTRO GAVETA BRUTO 1 1/2""";"4,00";"73,5500";"PC";"0,0000";""
"25875801826";"8838";"21/05/2026";"";"15707888196";"CASA TOGNINI MATERIAIS HID E SANIT LTDA";"0,00";"PEDIDO REFERENTE A COMPRA DE MATERIAL CONFORME INFORMAÇÃO ANEXADA ABAIXO

FOI DIVIDIDO EM DOIS ORÇAMENTOS EM VIRTUDE DE TER DOIS ENDEREÇOS DE ENTREGA";"Em aberto";"9225429993";"0000000003747";"202886";"FLANGE PVC MARROM 50MM";"4,00";"22,5800";"PC";"0,0000";""
"25875801826";"8838";"21/05/2026";"";"15707888196";"CASA TOGNINI MATERIAIS HID E SANIT LTDA";"0,00";"PEDIDO REFERENTE A COMPRA DE MATERIAL CONFORME INFORMAÇÃO ANEXADA ABAIXO

FOI DIVIDIDO EM DOIS ORÇAMENTOS EM VIRTUDE DE TER DOIS ENDEREÇOS DE ENTREGA";"Em aberto";"16026049943";"0000000000762";"";"BUCHA REDUCAO PVC MARROM 50 X 40MM";"1,00";"3,6700";"PC";"0,0000";""
"25875801826";"8838";"21/05/2026";"";"15707888196";"CASA TOGNINI MATERIAIS HID E SANIT LTDA";"0,00";"PEDIDO REFERENTE A COMPRA DE MATERIAL CONFORME INFORMAÇÃO ANEXADA ABAIXO

FOI DIVIDIDO EM DOIS ORÇAMENTOS EM VIRTUDE DE TER DOIS ENDEREÇOS DE ENTREGA";"Em aberto";"0";"";"";"FLANGE PVC MARROM 32MM";"2,00";"19,6100";"PC";"0,0000";""
"25875801826";"8838";"21/05/2026";"";"15707888196";"CASA TOGNINI MATERIAIS HID E SANIT LTDA";"0,00";"PEDIDO REFERENTE A COMPRA DE MATERIAL CONFORME INFORMAÇÃO ANEXADA ABAIXO

FOI DIVIDIDO EM DOIS ORÇAMENTOS EM VIRTUDE DE TER DOIS ENDEREÇOS DE ENTREGA";"Em aberto";"0";"";"";"REGISTRO ESFERA PVC MARROM 32MM";"2,00";"14,1800";"PC";"0,0000";""
"25875801826";"8838";"21/05/2026";"";"15707888196";"CASA TOGNINI MATERIAIS HID E SANIT LTDA";"0,00";"PEDIDO REFERENTE A COMPRA DE MATERIAL CONFORME INFORMAÇÃO ANEXADA ABAIXO

FOI DIVIDIDO EM DOIS ORÇAMENTOS EM VIRTUDE DE TER DOIS ENDEREÇOS DE ENTREGA";"Em aberto";"0";"";"";"FILTRO TELA INOX 1 1/4""";"1,00";"110,3800";"PC";"0,0000";""
"25875801826";"8838";"21/05/2026";"";"15707888196";"CASA TOGNINI MATERIAIS HID E SANIT LTDA";"0,00";"PEDIDO REFERENTE A COMPRA DE MATERIAL CONFORME INFORMAÇÃO ANEXADA ABAIXO

FOI DIVIDIDO EM DOIS ORÇAMENTOS EM VIRTUDE DE TER DOIS ENDEREÇOS DE ENTREGA";"Em aberto";"16371851055";"0000000002600";"";"VALVULA RETENÇÃO UNIVERSAL 3/4""";"1,00";"107,9400";"BR";"0,0000";""
"25875801826";"8838";"21/05/2026";"";"15707888196";"CASA TOGNINI MATERIAIS HID E SANIT LTDA";"0,00";"PEDIDO REFERENTE A COMPRA DE MATERIAL CONFORME INFORMAÇÃO ANEXADA ABAIXO

FOI DIVIDIDO EM DOIS ORÇAMENTOS EM VIRTUDE DE TER DOIS ENDEREÇOS DE ENTREGA";"Em aberto";"16236291901";"0000000001335";"";"TE AQUATHERM 28MM";"2,00";"5,7700";"PC";"0,0000";""
"25875801826";"8838";"21/05/2026";"";"15707888196";"CASA TOGNINI MATERIAIS HID E SANIT LTDA";"0,00";"PEDIDO REFERENTE A COMPRA DE MATERIAL CONFORME INFORMAÇÃO ANEXADA ABAIXO

FOI DIVIDIDO EM DOIS ORÇAMENTOS EM VIRTUDE DE TER DOIS ENDEREÇOS DE ENTREGA";"Em aberto";"0";"";"";"CURVA PVC MARROM 85MM X 90º";"2,00";"81,7200";"PC";"0,0000";""
"25875801826";"8838";"21/05/2026";"";"15707888196";"CASA TOGNINI MATERIAIS HID E SANIT LTDA";"0,00";"PEDIDO REFERENTE A COMPRA DE MATERIAL CONFORME INFORMAÇÃO ANEXADA ABAIXO

FOI DIVIDIDO EM DOIS ORÇAMENTOS EM VIRTUDE DE TER DOIS ENDEREÇOS DE ENTREGA";"Em aberto";"16595535161";"0000000004617";"";"ADAPTADOR PVC MARROM 85MM X 3""";"2,00";"29,2500";"PC";"0,0000";""
"25875801826";"8838";"21/05/2026";"";"15707888196";"CASA TOGNINI MATERIAIS HID E SANIT LTDA";"0,00";"PEDIDO REFERENTE A COMPRA DE MATERIAL CONFORME INFORMAÇÃO ANEXADA ABAIXO

FOI DIVIDIDO EM DOIS ORÇAMENTOS EM VIRTUDE DE TER DOIS ENDEREÇOS DE ENTREGA";"Em aberto";"16517781657";"0000000004234";"";"LUVA PVC MARROM 85MM";"2,00";"45,0300";"PC";"0,0000";""
"25875801826";"8838";"21/05/2026";"";"15707888196";"CASA TOGNINI MATERIAIS HID E SANIT LTDA";"0,00";"PEDIDO REFERENTE A COMPRA DE MATERIAL CONFORME INFORMAÇÃO ANEXADA ABAIXO

FOI DIVIDIDO EM DOIS ORÇAMENTOS EM VIRTUDE DE TER DOIS ENDEREÇOS DE ENTREGA";"Em aberto";"16332110671";"0000000001945";"";"VALVULA ESFERA LATAO 2 1/2""";"2,00";"423,7700";"PC";"0,0000";""
"25875801826";"8838";"21/05/2026";"";"15707888196";"CASA TOGNINI MATERIAIS HID E SANIT LTDA";"0,00";"PEDIDO REFERENTE A COMPRA DE MATERIAL CONFORME INFORMAÇÃO ANEXADA ABAIXO

FOI DIVIDIDO EM DOIS ORÇAMENTOS EM VIRTUDE DE TER DOIS ENDEREÇOS DE ENTREGA";"Em aberto";"9886172311";"0000000004054";"";"ADAPTADOR PVC MARROM 75MM X 2 1/2""";"2,00";"20,5300";"PC";"0,0000";""
"25875801826";"8838";"21/05/2026";"";"15707888196";"CASA TOGNINI MATERIAIS HID E SANIT LTDA";"0,00";"PEDIDO REFERENTE A COMPRA DE MATERIAL CONFORME INFORMAÇÃO ANEXADA ABAIXO

FOI DIVIDIDO EM DOIS ORÇAMENTOS EM VIRTUDE DE TER DOIS ENDEREÇOS DE ENTREGA";"Em aberto";"9885943807";"0000000004052";"";"LUVA PVC MARROM 75MM";"2,00";"19,7700";"PC";"0,0000";""
"25879968637";"8839";"22/05/2026";"";"13962940782";"SOEDRAL SOCIEDADE ELETRICA HIDRAULICA LTDA";"0,00";"PEDIDO REFERENTE A COMPRA DE MATERIAL PARA OBRA CEMED - 3491";"Em aberto";"11925700791";"0000000000270";"";"TUBO CPVC FIRE 3/4""";"10,00";"94,4790";"BR";"0,0000";"3491"
"25879968637";"8839";"22/05/2026";"";"13962940782";"SOEDRAL SOCIEDADE ELETRICA HIDRAULICA LTDA";"0,00";"PEDIDO REFERENTE A COMPRA DE MATERIAL PARA OBRA CEMED - 3491";"Em aberto";"15859995491";"0000000000503";"";"COTOVELO CPVC FIRE 3/4"" X 90º";"30,00";"11,5700";"PC";"0,0000";"3491"
"25879968637";"8839";"22/05/2026";"";"13962940782";"SOEDRAL SOCIEDADE ELETRICA HIDRAULICA LTDA";"0,00";"PEDIDO REFERENTE A COMPRA DE MATERIAL PARA OBRA CEMED - 3491";"Em aberto";"16104027155";"0000000001044";"";"ADAPTADOR CPVC FIRE 3/4"" X 1/2""";"20,00";"26,2900";"PC";"0,0000";"3491"
"25879968637";"8839";"22/05/2026";"";"13962940782";"SOEDRAL SOCIEDADE ELETRICA HIDRAULICA LTDA";"0,00";"PEDIDO REFERENTE A COMPRA DE MATERIAL PARA OBRA CEMED - 3491";"Em aberto";"11925688212";"0000000000269";"";"LUVA CPVC FIRE 3/4""";"20,00";"8,1200";"PC";"0,0000";"3491"
"25879968637";"8839";"22/05/2026";"";"13962940782";"SOEDRAL SOCIEDADE ELETRICA HIDRAULICA LTDA";"0,00";"PEDIDO REFERENTE A COMPRA DE MATERIAL PARA OBRA CEMED - 3491";"Em aberto";"16337111863";"0000000002035";"";"TE CPVC FIRE 3/4""";"10,00";"14,7200";"PC";"0,0000";"3491"
"25879968637";"8839";"22/05/2026";"";"13962940782";"SOEDRAL SOCIEDADE ELETRICA HIDRAULICA LTDA";"0,00";"PEDIDO REFERENTE A COMPRA DE MATERIAL PARA OBRA CEMED - 3491";"Em aberto";"15845542430";"0000000000458";"";"BUCHA REDUCAO CPVC FIRE 1"" X 3/4""";"10,00";"11,6800";"PC";"0,0000";"3491"
"25879968637";"8839";"22/05/2026";"";"13962940782";"SOEDRAL SOCIEDADE ELETRICA HIDRAULICA LTDA";"0,00";"PEDIDO REFERENTE A COMPRA DE MATERIAL PARA OBRA CEMED - 3491";"Em aberto";"16359924867";"0000000002460";"";"TE CPVC FIRE 1"" X 3/4""";"10,00";"21,1100";"PC";"0,0000";"3491"
"25879968637";"8839";"22/05/2026";"";"13962940782";"SOEDRAL SOCIEDADE ELETRICA HIDRAULICA LTDA";"0,00";"PEDIDO REFERENTE A COMPRA DE MATERIAL PARA OBRA CEMED - 3491";"Em aberto";"15015557781";"0000000000411";"";"LUVA CPVC FIRE 1""";"10,00";"12,9400";"PC";"0,0000";"3491"
"25879968637";"8839";"22/05/2026";"";"13962940782";"SOEDRAL SOCIEDADE ELETRICA HIDRAULICA LTDA";"0,00";"PEDIDO REFERENTE A COMPRA DE MATERIAL PARA OBRA CEMED - 3491";"Em aberto";"14758474418";"0000000000392";"22890921";"LUVA CPVC FIRE 2""";"2,00";"52,2200";"PC";"0,0000";"3491"
"25879968637";"8839";"22/05/2026";"";"13962940782";"SOEDRAL SOCIEDADE ELETRICA HIDRAULICA LTDA";"0,00";"PEDIDO REFERENTE A COMPRA DE MATERIAL PARA OBRA CEMED - 3491";"Em aberto";"16524055651";"0000000004367";"";"COLA CPVC FIRE 234G";"2,00";"27,6400";"PC";"0,0000";"3491"
"25879968637";"8839";"22/05/2026";"";"13962940782";"SOEDRAL SOCIEDADE ELETRICA HIDRAULICA LTDA";"0,00";"PEDIDO REFERENTE A COMPRA DE MATERIAL PARA OBRA CEMED - 3491";"Em aberto";"16096878511";"0000000000974";"";"FITA VEDA ROSCA 18MM X 50MT";"2,00";"3,9400";"PC";"0,0000";"3491"
"25879968637";"8839";"22/05/2026";"";"13962940782";"SOEDRAL SOCIEDADE ELETRICA HIDRAULICA LTDA";"0,00";"PEDIDO REFERENTE A COMPRA DE MATERIAL PARA OBRA CEMED - 3491";"Em aberto";"16431315105";"0000000002293";"";"BUCHA - S8";"30,00";"0,0500";"PC";"0,0000";"3491"
"25879968637";"8839";"22/05/2026";"";"13962940782";"SOEDRAL SOCIEDADE ELETRICA HIDRAULICA LTDA";"0,00";"PEDIDO REFERENTE A COMPRA DE MATERIAL PARA OBRA CEMED - 3491";"Em aberto";"12583325562";"0000000000298";"";"PARAFUSO 8MM";"30,00";"0,2600";"PC";"0,0000";"3491"
"25879968637";"8839";"22/05/2026";"";"13962940782";"SOEDRAL SOCIEDADE ELETRICA HIDRAULICA LTDA";"0,00";"PEDIDO REFERENTE A COMPRA DE MATERIAL PARA OBRA CEMED - 3491";"Em aberto";"0";"";"";"ABRACADEIRA TIPO D COM CUNHA 3/4""";"30,00";"0,6400";"PC";"0,0000";"3491"
"25880738966";"8840";"22/05/2026";"";"9113376484";"ROSCACORTE PARAFUSOS E FERRAMENTAS LTDA";"0,00";"PEDIDO REFERENTE A COMPRA DE CADEADOS PARA CAMINHÃO E ESTOQUE";"Em aberto";"16516683150";"0000000004232";"";"CADEADO COM CHAVE PADO MODELO LT-30";"3,00";"29,0000";"PC";"0,0000";"CMHF"
"25880738966";"8840";"22/05/2026";"";"9113376484";"ROSCACORTE PARAFUSOS E FERRAMENTAS LTDA";"0,00";"PEDIDO REFERENTE A COMPRA DE CADEADOS PARA CAMINHÃO E ESTOQUE";"Em aberto";"0";"";"";"CADEADO HASTE LONGA";"1,00";"49,0000";"";"0,0000";"CMHF"
"25881559045";"8841";"22/05/2026";"";"10881416310";"ORANIO DOMINGUES COM CONEXOES LTDA";"0,00";"PEDIDO REFERENTE A COMPRA DE MATERIAL PARA ABASTECER ESTOQUE";"Em aberto";"9194015725";"0000000003729";"";"SPRINKLER PENDENTE RESPOSTA PADRÃO - 68º X 1/2"" - K80";"100,00";"17,0000";"PC";"0,0000";"CMHF"
"25881559045";"8841";"22/05/2026";"";"10881416310";"ORANIO DOMINGUES COM CONEXOES LTDA";"0,00";"PEDIDO REFERENTE A COMPRA DE MATERIAL PARA ABASTECER ESTOQUE";"Em aberto";"9201174147";"0000000003742";"";"SPRINKLER UPRIGTH RESPOSTA PADRAO - 68º X 1/2"" - K80";"40,00";"17,0000";"PC";"0,0000";"CMHF"
"25881559045";"8841";"22/05/2026";"";"10881416310";"ORANIO DOMINGUES COM CONEXOES LTDA";"0,00";"PEDIDO REFERENTE A COMPRA DE MATERIAL PARA ABASTECER ESTOQUE";"Em aberto";"9272695943";"0000000003775";"";"SPRINKLER UPRIGTH RESPOSTA PADRAO - 79º X 1/2"" - K80";"40,00";"18,0000";"PC";"0,0000";"CMHF"
"25881559045";"8841";"22/05/2026";"";"10881416310";"ORANIO DOMINGUES COM CONEXOES LTDA";"0,00";"PEDIDO REFERENTE A COMPRA DE MATERIAL PARA ABASTECER ESTOQUE";"Em aberto";"9198556425";"0000000003735";"";"CANOPLA PARA SPRINKLER";"180,00";"2,5000";"PC";"0,0000";"CMHF"
"25899536034";"8842";"25/05/2026";"";"13902521640";"PAULO ALVES VIEIRA";"0,00";"PEDIDO REFERENTE A EMPREITA REALIZADA NA OBRA CEMED - 3491";"Em aberto";"16357119601";"";"";"EMPREITA";"1,00";"6.000,0000";"";"0,0000";"3491"
"25899680420";"8843";"25/05/2026";"";"9406825547";"CASA FARIA MATERIAIS HIDRAULICOS LTDA";"0,00";"SOLICITAÇÃO PARA ATENDER O PEDIDO DE VENDA - P1589";"Em aberto";"9763927236";"0000000004001";"";"ABRAÇADEIRA ECONOMICA 1""";"27,00";"0,9800";"PC";"0,0000";"P1589"
"25899680420";"8843";"25/05/2026";"";"9406825547";"CASA FARIA MATERIAIS HIDRAULICOS LTDA";"0,00";"SOLICITAÇÃO PARA ATENDER O PEDIDO DE VENDA - P1589";"Em aberto";"9895676998";"0000000004069";"239 ";"CHUMBADOR 3/8""";"27,00";"1,3900";"PC";"0,0000";"P1589"
"25899861784";"8844";"25/05/2026";"";"10881416310";"ORANIO DOMINGUES COM CONEXOES LTDA";"0,00";"PEDIDO REFERENTE A COMPRA DE MATERIAL PARA ATENDER PEDIDO DE VENDA - 1589";"Em aberto";"16270282587";"0000000001442";"";"COTOVELO AÇO CARBONO PRETO BSP 1"" X 90°";"36,00";"13,3800";"PC";"0,0000";"P1589"
"25899861784";"8844";"25/05/2026";"";"10881416310";"ORANIO DOMINGUES COM CONEXOES LTDA";"0,00";"PEDIDO REFERENTE A COMPRA DE MATERIAL PARA ATENDER PEDIDO DE VENDA - 1589";"Em aberto";"16490650839";"0000000003321";"";"TE ACO CARBONO PRETO BSP 1""";"9,00";"19,3800";"PC";"0,0000";"P1589"
"25899861784";"8844";"25/05/2026";"";"10881416310";"ORANIO DOMINGUES COM CONEXOES LTDA";"0,00";"PEDIDO REFERENTE A COMPRA DE MATERIAL PARA ATENDER PEDIDO DE VENDA - 1589";"Em aberto";"15964114753";"0000000000718";"";"TUBO ACO CARBONO PRETO 5580  1""";"15,00";"101,6400";"BR";"0,0000";"P1589"
"25901871246";"8845";"25/05/2026";"";"9228469919";"DONEGA BOLOS LTDA";"0,00";"PEDIDO REFERENTE A COMPRA DE BOLO PARA CONFRATERNIZAÇÃO ";"Em aberto";"16357417713";"";"";"CONFRATERNIZAÇÃO";"1,00";"65,0000";"";"0,0000";"CMHF"
"25901882549";"8846";"25/05/2026";"";"16956290851";"SHIRLEY SALGADOS E BOLOS";"0,00";"PEDIDO REFERENTE A COMPRA DE SALGADOR PARA CONFRATERNIZAÇÃO";"Em aberto";"16414311383";"";"";"SALGADOS";"1,00";"70,0000";"CT";"0,0000";"CMHF"
"25903024665";"8847";"25/05/2026";"";"9406825547";"CASA FARIA MATERIAIS HIDRAULICOS LTDA";"0,00";"PEDIDO REFERENTE A COMPRA DE MATERIAL PARA ABASTECER OBRA ON RUNNING - 3384";"Em aberto";"16451949966";"0000000003104";"";"TE AÇO CARBONO PRETO BSP 1 1/4"" X 1""";"4,00";"18,0300";"PÇ";"0,0000";"3384"
"25903024665";"8847";"25/05/2026";"";"9406825547";"CASA FARIA MATERIAIS HIDRAULICOS LTDA";"0,00";"PEDIDO REFERENTE A COMPRA DE MATERIAL PARA ABASTECER OBRA ON RUNNING - 3384";"Em aberto";"16362446549";"0000000002491";"";"BUCHA REDUCAO ACO CARBONO PRETO BSP 1.1/4"" X 1""";"4,00";"11,5700";"PC";"0,0000";"3384"
"25903024665";"8847";"25/05/2026";"";"9406825547";"CASA FARIA MATERIAIS HIDRAULICOS LTDA";"0,00";"PEDIDO REFERENTE A COMPRA DE MATERIAL PARA ABASTECER OBRA ON RUNNING - 3384";"Em aberto";"16459404717";"0000000003171";"";"COTOVELO AÇO CARBONO PRETO BSP 1 1/4"" X 90º";"6,00";"14,5200";"PC";"0,0000";"3384"
"25903024665";"8847";"25/05/2026";"";"9406825547";"CASA FARIA MATERIAIS HIDRAULICOS LTDA";"0,00";"PEDIDO REFERENTE A COMPRA DE MATERIAL PARA ABASTECER OBRA ON RUNNING - 3384";"Em aberto";"16459404716";"0000000003170";"";"COTOVELO AÇO CARBONO PRETO BSP 1 1/2"" X 90º";"5,00";"23,8600";"PC";"0,0000";"3384"
"25903024665";"8847";"25/05/2026";"";"9406825547";"CASA FARIA MATERIAIS HIDRAULICOS LTDA";"0,00";"PEDIDO REFERENTE A COMPRA DE MATERIAL PARA ABASTECER OBRA ON RUNNING - 3384";"Em aberto";"10039333001";"0000000000071";"";"TE AÇO CARBONO PRETO BSP 1 1/2""";"4,00";"29,5900";"PC";"0,0000";"3384"
"25903024665";"8847";"25/05/2026";"";"9406825547";"CASA FARIA MATERIAIS HIDRAULICOS LTDA";"0,00";"PEDIDO REFERENTE A COMPRA DE MATERIAL PARA ABASTECER OBRA ON RUNNING - 3384";"Em aberto";"16510149793";"0000000004120";"";"BUCHA REDUCAO ACO CARBONO PRETO BSP 1 1/2"" X 1 1/4""";"5,00";"15,6700";"PC";"0,0000";"3384"
"25903024665";"8847";"25/05/2026";"";"9406825547";"CASA FARIA MATERIAIS HIDRAULICOS LTDA";"0,00";"PEDIDO REFERENTE A COMPRA DE MATERIAL PARA ABASTECER OBRA ON RUNNING - 3384";"Em aberto";"16096878511";"0000000000974";"25447 ";"FITA VEDA ROSCA 18MM X 50MT";"10,00";"9,5600";"PC";"0,0000";"3384"
"25903139449";"8848";"25/05/2026";"";"14438411976";"ACESOLDA MATERIAIS DE SOLDA LTDA - EPP";"0,00";"PEDIDO REFERENTE A COMPRA REALIZADA PELO MÁRCIO NO SABADO ANTECEDENTE PARA ABASTECER A OBRA CEMED - 3491";"Em aberto";"0";"";"";"FURADEIRA DE IMPACTO";"1,00";"285,0000";"";"0,0000";"3491"
"25903139449";"8848";"25/05/2026";"";"14438411976";"ACESOLDA MATERIAIS DE SOLDA LTDA - EPP";"0,00";"PEDIDO REFERENTE A COMPRA REALIZADA PELO MÁRCIO NO SABADO ANTECEDENTE PARA ABASTECER A OBRA CEMED - 3491";"Em aberto";"16351565277";"0000000002205";"";"NIVEL LASER DEWALT DWT";"1,00";"740,0000";"";"0,0000";"3491"
"25903139449";"8848";"25/05/2026";"";"14438411976";"ACESOLDA MATERIAIS DE SOLDA LTDA - EPP";"0,00";"PEDIDO REFERENTE A COMPRA REALIZADA PELO MÁRCIO NO SABADO ANTECEDENTE PARA ABASTECER A OBRA CEMED - 3491";"Em aberto";"16535255243";"0000000004451";"";"BROCA 10MM VIDEA";"1,00";"16,0000";"PC";"0,0000";"3491"
"25903139449";"8848";"25/05/2026";"";"14438411976";"ACESOLDA MATERIAIS DE SOLDA LTDA - EPP";"0,00";"PEDIDO REFERENTE A COMPRA REALIZADA PELO MÁRCIO NO SABADO ANTECEDENTE PARA ABASTECER A OBRA CEMED - 3491";"Em aberto";"13332520348";"0000000000331";"";"BROCA 6MM VIDEA";"1,00";"7,8000";"PC";"0,0000";"3491"
"25903139449";"8848";"25/05/2026";"";"14438411976";"ACESOLDA MATERIAIS DE SOLDA LTDA - EPP";"0,00";"PEDIDO REFERENTE A COMPRA REALIZADA PELO MÁRCIO NO SABADO ANTECEDENTE PARA ABASTECER A OBRA CEMED - 3491";"Em aberto";"16431535972";"0000000002298";"";"BROCA 8MM VIDEA";"1,00";"11,5000";"";"0,0000";"3491"
"25903139449";"8848";"25/05/2026";"";"14438411976";"ACESOLDA MATERIAIS DE SOLDA LTDA - EPP";"0,00";"PEDIDO REFERENTE A COMPRA REALIZADA PELO MÁRCIO NO SABADO ANTECEDENTE PARA ABASTECER A OBRA CEMED - 3491";"Em aberto";"16323334070";"0000000001814";"";"DISCO DE CORTE 4";"10,00";"2,0000";"PC";"0,0000";"3491"
"25903139449";"8848";"25/05/2026";"";"14438411976";"ACESOLDA MATERIAIS DE SOLDA LTDA - EPP";"0,00";"PEDIDO REFERENTE A COMPRA REALIZADA PELO MÁRCIO NO SABADO ANTECEDENTE PARA ABASTECER A OBRA CEMED - 3491";"Em aberto";"16523359080";"0000000004363";"";"TINTA SPRAY";"2,00";"27,0000";"PC";"0,0000";"3491"
"25903139449";"8848";"25/05/2026";"";"14438411976";"ACESOLDA MATERIAIS DE SOLDA LTDA - EPP";"0,00";"PEDIDO REFERENTE A COMPRA REALIZADA PELO MÁRCIO NO SABADO ANTECEDENTE PARA ABASTECER A OBRA CEMED - 3491";"Em aberto";"16330372787";"0000000001934";"OOOO";"LUVA MULTITATO PRETA PU YELING/PROTEPLUS/CG";"5,00";"6,5000";"";"0,0000";"3491"
"25910300821";"8849";"26/05/2026";"";"9406825547";"CASA FARIA MATERIAIS HIDRAULICOS LTDA";"0,00";"PEDIDO REFERENTE A COMPRA DE MATERIAL PARA A OBRA ON RUNNING - 3384";"Em aberto";"16604205117";"0000000004637";"";"TUBO AÇO CARBONO PRETO C/C 5590 2.1/2 PINTADO VERMELHO";"2,00";"378,3000";"BR";"0,0000";"3384"
"25910300821";"8849";"26/05/2026";"";"9406825547";"CASA FARIA MATERIAIS HIDRAULICOS LTDA";"0,00";"PEDIDO REFERENTE A COMPRA DE MATERIAL PARA A OBRA ON RUNNING - 3384";"Em aberto";"9763927236";"0000000004001";"";"ABRAÇADEIRA ECONOMICA 1""";"15,00";"0,9400";"PC";"0,0000";"3384"
"25910300821";"8849";"26/05/2026";"";"9406825547";"CASA FARIA MATERIAIS HIDRAULICOS LTDA";"0,00";"PEDIDO REFERENTE A COMPRA DE MATERIAL PARA A OBRA ON RUNNING - 3384";"Em aberto";"9893843671";"0000000004060";"";"ABRAÇADEIRA ECONOMICA 1 1/4""";"10,00";"1,0400";"PC";"0,0000";"3384"
"25910300821";"8849";"26/05/2026";"";"9406825547";"CASA FARIA MATERIAIS HIDRAULICOS LTDA";"0,00";"PEDIDO REFERENTE A COMPRA DE MATERIAL PARA A OBRA ON RUNNING - 3384";"Em aberto";"16270282587";"0000000001442";"";"COTOVELO AÇO CARBONO PRETO BSP 1"" X 90°";"20,00";"9,8600";"PC";"0,0000";"3384"
"25910300821";"8849";"26/05/2026";"";"9406825547";"CASA FARIA MATERIAIS HIDRAULICOS LTDA";"0,00";"PEDIDO REFERENTE A COMPRA DE MATERIAL PARA A OBRA ON RUNNING - 3384";"Em aberto";"16518569668";"0000000004301";"";"ACOPLAMENTO FLEXIVEL 2 1/2""(73MM)";"2,00";"22,4800";"PC";"0,0000";"3384"
"25910300821";"8849";"26/05/2026";"";"9406825547";"CASA FARIA MATERIAIS HIDRAULICOS LTDA";"0,00";"PEDIDO REFERENTE A COMPRA DE MATERIAL PARA A OBRA ON RUNNING - 3384";"Em aberto";"0";"";"";"CORTE DO TUBO";"1,00";"44,5400";"PC";"0,0000";"3384"
"25912527486";"8850";"26/05/2026";"";"10881416310";"ORANIO DOMINGUES COM CONEXOES LTDA";"0,00";"SOLICITAÇÃO PARA ATENDER O PEDIDO DE VENDA 1592";"Em aberto";"16654849665";"0000000004759";"";"NIPLE DUPLO GALVANIZADO BSP 1/2""";"3,00";"4,5400";"PC";"0,0000";"P1592"
"25912527486";"8850";"26/05/2026";"";"10881416310";"ORANIO DOMINGUES COM CONEXOES LTDA";"0,00";"SOLICITAÇÃO PARA ATENDER O PEDIDO DE VENDA 1592";"Em aberto";"16510707568";"0000000004159";"";"VALVULA ESFERA LATAO TRIPARTIDA 1/2""";"1,00";"89,1600";"PC";"0,0000";"P1592"
"25912527486";"8850";"26/05/2026";"";"10881416310";"ORANIO DOMINGUES COM CONEXOES LTDA";"0,00";"SOLICITAÇÃO PARA ATENDER O PEDIDO DE VENDA 1592";"Em aberto";"0";"";"";"COTOVELO 90° GALV BSP 150# TUPY 1/2";"1,00";"6,1500";"PC";"0,0000";"P1592"
"25912527486";"8850";"26/05/2026";"";"10881416310";"ORANIO DOMINGUES COM CONEXOES LTDA";"0,00";"SOLICITAÇÃO PARA ATENDER O PEDIDO DE VENDA 1592";"Em aberto";"16526628236";"0000000004415";"";"TE MECANICO U-BOLT 2.1/2"" X 1"" (73 X 33)";"1,00";"13,8400";"PC";"0,0000";"P1592"
"25912527486";"8850";"26/05/2026";"";"10881416310";"ORANIO DOMINGUES COM CONEXOES LTDA";"0,00";"SOLICITAÇÃO PARA ATENDER O PEDIDO DE VENDA 1592";"Em aberto";"0";"";"";"IMPOSTO";"1,00";"0,4500";"PC";"0,0000";"P1592"
"25913061840";"8851";"26/05/2026";"";"16729308802";"FRANKLIN SADIKLARI ROCHA";"0,00";"PEDIDO REFERENTE A FRETE PARA ATENDER PEDIDO DE VENDA 1592";"Em aberto";"9640855418";"";"";"FRETE";"1,00";"60,0000";"VB";"0,0000";"P1592"
"25913125182";"8852";"26/05/2026";"";"17938172571";"RBL ENGENHARIA PROJETOS E CONTRUCOES LTDA";"0,00";"PEDIDO REFERENTE A SERVIÇO DE COMISSÃO DE APROVAÇÃO NA OBRA JANDAIA - 2449";"Em aberto";"0";"";"";"Serviço de comissão de aprovação";"1,00";"5.750,0000";"";"0,0000";"2449"
"25921549699";"8853";"27/05/2026";"";"17977550063";"52.462.593 ADACIEL MANGUEIRA DE SOUSA";"0,00";"PEDIDO REFERENTE A EMPREITA DA OBRA JANDAIA - 2449";"Em aberto";"16357119601";"";"";"EMPREITA";"1,00";"8.000,0000";"";"0,0000";"2449"
"25931210072";"8854";"28/05/2026";"";"14438411976";"ACESOLDA MATERIAIS DE SOLDA LTDA - EPP";"0,00";"PEDIDO REFERENTE A COMPRA DE MATERIAL REALIZADA DIRETA PELO MARCIO PARA A OBRA ADRIANA E RAFAEL - 3174";"Em aberto";"16526947690";"";"";"SERRA MARMORE 4100 NH3ZX2 MAKITA 220V";"1,00";"578,0000";"PC";"0,0000";"3174"
"25931210072";"8854";"28/05/2026";"";"14438411976";"ACESOLDA MATERIAIS DE SOLDA LTDA - EPP";"0,00";"PEDIDO REFERENTE A COMPRA DE MATERIAL REALIZADA DIRETA PELO MARCIO PARA A OBRA ADRIANA E RAFAEL - 3174";"Em aberto";"15949342522";"0000000000704";"";"REGULADOR DE NIVEL";"2,00";"32,0000";"PC";"0,0000";"3174"
"25931210072";"8854";"28/05/2026";"";"14438411976";"ACESOLDA MATERIAIS DE SOLDA LTDA - EPP";"0,00";"PEDIDO REFERENTE A COMPRA DE MATERIAL REALIZADA DIRETA PELO MARCIO PARA A OBRA ADRIANA E RAFAEL - 3174";"Em aberto";"16330372787";"0000000001934";"OOOO";"LUVA MULTITATO PRETA PU YELING/PROTEPLUS/CG";"12,00";"6,5000";"";"0,0000";"3174"
"25931210072";"8854";"28/05/2026";"";"14438411976";"ACESOLDA MATERIAIS DE SOLDA LTDA - EPP";"0,00";"PEDIDO REFERENTE A COMPRA DE MATERIAL REALIZADA DIRETA PELO MARCIO PARA A OBRA ADRIANA E RAFAEL - 3174";"Em aberto";"16319242636";"0000000001773";"";"MASCARA RESPIRATORIA";"10,00";"3,5000";"";"0,0000";"3174"
"25931210072";"8854";"28/05/2026";"";"14438411976";"ACESOLDA MATERIAIS DE SOLDA LTDA - EPP";"0,00";"PEDIDO REFERENTE A COMPRA DE MATERIAL REALIZADA DIRETA PELO MARCIO PARA A OBRA ADRIANA E RAFAEL - 3174";"Em aberto";"9113525435";"0000000003691";"745";"OCULOS PROTETOR INCOLOR";"4,00";"10,0000";"UN";"0,0000";"3174"
"25931210072";"8854";"28/05/2026";"";"14438411976";"ACESOLDA MATERIAIS DE SOLDA LTDA - EPP";"0,00";"PEDIDO REFERENTE A COMPRA DE MATERIAL REALIZADA DIRETA PELO MARCIO PARA A OBRA ADRIANA E RAFAEL - 3174";"Em aberto";"16385399491";"0000000002251";"";"CAPACETE SEGURANÇA";"4,00";"42,0000";"PC";"0,0000";"3174"
"25931816201";"8855";"28/05/2026";"";"15707888196";"CASA TOGNINI MATERIAIS HID E SANIT LTDA";"0,00";"PEDIDO REFERENTE A COMPRA PARA ABASTECER OBRA ADRIANA E RAFAEL - 3174

SEGUE NO PRINT Posicionamento do Marcio referente a esse pedido, o qual o cliente informou que a quantidade comprada de material não bate com a execução de obra.";"Em aberto";"16487427329";"0000000003306";"";"TUBO PVC PPR PN20 32MM";"19,00";"51,4200";"BR";"0,0000";"3174"
"25931816201";"8855";"28/05/2026";"";"15707888196";"CASA TOGNINI MATERIAIS HID E SANIT LTDA";"0,00";"PEDIDO REFERENTE A COMPRA PARA ABASTECER OBRA ADRIANA E RAFAEL - 3174

SEGUE NO PRINT Posicionamento do Marcio referente a esse pedido, o qual o cliente informou que a quantidade comprada de material não bate com a execução de obra.";"Em aberto";"16487427067";"0000000003305";"209863";"TUBO PVC PPR PN20 25MM";"20,00";"33,7700";"BR";"0,0000";"3174"
"25931816201";"8855";"28/05/2026";"";"15707888196";"CASA TOGNINI MATERIAIS HID E SANIT LTDA";"0,00";"PEDIDO REFERENTE A COMPRA PARA ABASTECER OBRA ADRIANA E RAFAEL - 3174

SEGUE NO PRINT Posicionamento do Marcio referente a esse pedido, o qual o cliente informou que a quantidade comprada de material não bate com a execução de obra.";"Em aberto";"16392614746";"0000000002262";"209771";"COTOVELO PVC PPR 32MM X 90°";"45,00";"3,6400";"PC";"0,0000";"3174"
"25931816201";"8855";"28/05/2026";"";"15707888196";"CASA TOGNINI MATERIAIS HID E SANIT LTDA";"0,00";"PEDIDO REFERENTE A COMPRA PARA ABASTECER OBRA ADRIANA E RAFAEL - 3174

SEGUE NO PRINT Posicionamento do Marcio referente a esse pedido, o qual o cliente informou que a quantidade comprada de material não bate com a execução de obra.";"Em aberto";"16378988929";"0000000002655";"209770";"COTOVELO PVC PPR 25MM X 90°";"30,00";"1,9300";"PÇ";"0,0000";"3174"
"25931816201";"8855";"28/05/2026";"";"15707888196";"CASA TOGNINI MATERIAIS HID E SANIT LTDA";"0,00";"PEDIDO REFERENTE A COMPRA PARA ABASTECER OBRA ADRIANA E RAFAEL - 3174

SEGUE NO PRINT Posicionamento do Marcio referente a esse pedido, o qual o cliente informou que a quantidade comprada de material não bate com a execução de obra.";"Em aberto";"16208006652";"0000000001224";"";"COTOVELO LR PVC PPR 25MM X 1/2""";"15,00";"13,3300";"PC";"0,0000";"3174"
"25931816201";"8855";"28/05/2026";"";"15707888196";"CASA TOGNINI MATERIAIS HID E SANIT LTDA";"0,00";"PEDIDO REFERENTE A COMPRA PARA ABASTECER OBRA ADRIANA E RAFAEL - 3174

SEGUE NO PRINT Posicionamento do Marcio referente a esse pedido, o qual o cliente informou que a quantidade comprada de material não bate com a execução de obra.";"Em aberto";"16405233827";"0000000002819";"";"CONECTOR MACHO PVC PPR 25MM X 3/4""";"4,00";"21,4600";"PC";"0,0000";"3174"
"25931816201";"8855";"28/05/2026";"";"15707888196";"CASA TOGNINI MATERIAIS HID E SANIT LTDA";"0,00";"PEDIDO REFERENTE A COMPRA PARA ABASTECER OBRA ADRIANA E RAFAEL - 3174

SEGUE NO PRINT Posicionamento do Marcio referente a esse pedido, o qual o cliente informou que a quantidade comprada de material não bate com a execução de obra.";"Em aberto";"16339203328";"0000000002052";"";"CONECTOR MACHO PVC PPR 32MM X 1""";"13,00";"32,9900";"PC";"0,0000";"3174"
"25931816201";"8855";"28/05/2026";"";"15707888196";"CASA TOGNINI MATERIAIS HID E SANIT LTDA";"0,00";"PEDIDO REFERENTE A COMPRA PARA ABASTECER OBRA ADRIANA E RAFAEL - 3174

SEGUE NO PRINT Posicionamento do Marcio referente a esse pedido, o qual o cliente informou que a quantidade comprada de material não bate com a execução de obra.";"Em aberto";"16455454749";"0000000002345";"";"CONECTOR MACHO PVC PPR 50MM X 1.1/2""";"3,00";"101,9800";"PC";"0,0000";"3174"
"25931816201";"8855";"28/05/2026";"";"15707888196";"CASA TOGNINI MATERIAIS HID E SANIT LTDA";"0,00";"PEDIDO REFERENTE A COMPRA PARA ABASTECER OBRA ADRIANA E RAFAEL - 3174

SEGUE NO PRINT Posicionamento do Marcio referente a esse pedido, o qual o cliente informou que a quantidade comprada de material não bate com a execução de obra.";"Em aberto";"16518503036";"0000000004286";"209818";"TE PVC PPR 32MM";"20,00";"7,4000";"PC";"0,0000";"3174"
"25931816201";"8855";"28/05/2026";"";"15707888196";"CASA TOGNINI MATERIAIS HID E SANIT LTDA";"0,00";"PEDIDO REFERENTE A COMPRA PARA ABASTECER OBRA ADRIANA E RAFAEL - 3174

SEGUE NO PRINT Posicionamento do Marcio referente a esse pedido, o qual o cliente informou que a quantidade comprada de material não bate com a execução de obra.";"Em aberto";"16372039716";"0000000002621";"24200";"BUCHA REDUCAO PVC PPR 32 X 25MM";"20,00";"4,4400";"PC";"0,0000";"3174"
"25931816201";"8855";"28/05/2026";"";"15707888196";"CASA TOGNINI MATERIAIS HID E SANIT LTDA";"0,00";"PEDIDO REFERENTE A COMPRA PARA ABASTECER OBRA ADRIANA E RAFAEL - 3174

SEGUE NO PRINT Posicionamento do Marcio referente a esse pedido, o qual o cliente informou que a quantidade comprada de material não bate com a execução de obra.";"Em aberto";"16328574467";"0000000001893";"";"CURVA TRANSPOSICAO PVC PPR 32MM";"10,00";"15,0100";"PC";"0,0000";"3174"
"25931816201";"8855";"28/05/2026";"";"15707888196";"CASA TOGNINI MATERIAIS HID E SANIT LTDA";"0,00";"PEDIDO REFERENTE A COMPRA PARA ABASTECER OBRA ADRIANA E RAFAEL - 3174

SEGUE NO PRINT Posicionamento do Marcio referente a esse pedido, o qual o cliente informou que a quantidade comprada de material não bate com a execução de obra.";"Em aberto";"12038969478";"0000000000276";"";"REGISTRO GAVETA BRUTO 1""";"6,00";"75,1800";"PC";"0,0000";"3174"
"25931816201";"8855";"28/05/2026";"";"15707888196";"CASA TOGNINI MATERIAIS HID E SANIT LTDA";"0,00";"PEDIDO REFERENTE A COMPRA PARA ABASTECER OBRA ADRIANA E RAFAEL - 3174

SEGUE NO PRINT Posicionamento do Marcio referente a esse pedido, o qual o cliente informou que a quantidade comprada de material não bate com a execução de obra.";"Em aberto";"16096878511";"0000000000974";"318599";"FITA VEDA ROSCA 18MM X 50MT";"5,00";"5,8000";"PC";"0,0000";"3174"
"25931816201";"8855";"28/05/2026";"";"15707888196";"CASA TOGNINI MATERIAIS HID E SANIT LTDA";"0,00";"PEDIDO REFERENTE A COMPRA PARA ABASTECER OBRA ADRIANA E RAFAEL - 3174

SEGUE NO PRINT Posicionamento do Marcio referente a esse pedido, o qual o cliente informou que a quantidade comprada de material não bate com a execução de obra.";"Em aberto";"16445660401";"0000000003040";"";"LUVA PVC PPR 25MM";"20,00";"1,9700";"PC";"0,0000";"3174"
"25932850003";"8856";"28/05/2026";"";"13962940782";"SOEDRAL SOCIEDADE ELETRICA HIDRAULICA LTDA";"0,00";" SOLICITAÇÃO PARA ATENDER O PEDIDO 1461 PARA OBRA HPBIO";"Em aberto";"16215796586";"0000000001254";"100019323";"CAIXA DE GORDURA C/ CESTO DE LIMPEZA 18L DN100";"1,00";"230,6100";"PC";"0,0000";"P1461"
"25938899932";"8858";"29/05/2026";"";"16612278278";"MARKETING DIGITAL CMHF";"0,00";"PEDIDO REFERENTE A INVESTIMENTO DE MARKETING - CMHF";"Em aberto";"15995664043";"";"";"Marketing digital GOOGLE ADS";"1,00";"3.000,0000";"";"0,0000";"CMHF"
"25939613765";"8859";"29/05/2026";"";"10881416310";"ORANIO DOMINGUES COM CONEXOES LTDA";"0,00";"PEDIDO REFERENTE A COMPRA PARA ABASTECER ESTOQUE";"Em aberto";"9201174147";"0000000003742";"";"SPRINKLER UPRIGTH RESPOSTA PADRAO - 68º X 1/2"" - K80";"50,00";"17,7600";"PC";"0,0000";"CMHF"
"25939695529";"8860";"29/05/2026";"";"9406825547";"CASA FARIA MATERIAIS HIDRAULICOS LTDA";"0,00";"PEDIDO REFERENTE A COMPRA DE MATERIAL PARA ABASTECER ON RUNNING - 3384

PEDIDO IRIA SER NA ORANIO PELA PRESSA E DEMORA NA RESPOSTA DA CASA FARIA, POREM A MESMA RESPONDEU LOGO APÓS COM UM VALOR MAIS BAIXO SENDO MAIS VIAVEL NO VALOR E NA LOGISTICA, POR ISSO A APROVAÇÃO DA ORANIO";"Em aberto";"16049039991";"0000000000818";"";"TE RANHURADO 2 1/2""(73MM)";"1,00";"38,4500";"PC";"0,0000";"3384"
"25939695529";"8860";"29/05/2026";"";"9406825547";"CASA FARIA MATERIAIS HIDRAULICOS LTDA";"0,00";"PEDIDO REFERENTE A COMPRA DE MATERIAL PARA ABASTECER ON RUNNING - 3384

PEDIDO IRIA SER NA ORANIO PELA PRESSA E DEMORA NA RESPOSTA DA CASA FARIA, POREM A MESMA RESPONDEU LOGO APÓS COM UM VALOR MAIS BAIXO SENDO MAIS VIAVEL NO VALOR E NA LOGISTICA, POR ISSO A APROVAÇÃO DA ORANIO";"Em aberto";"16341468560";"0000000002111";"";"VALVULA ESFERA LATAO MONO 1""";"1,00";"57,7400";"PC";"0,0000";"3384"
"25939695529";"8860";"29/05/2026";"";"9406825547";"CASA FARIA MATERIAIS HIDRAULICOS LTDA";"0,00";"PEDIDO REFERENTE A COMPRA DE MATERIAL PARA ABASTECER ON RUNNING - 3384

PEDIDO IRIA SER NA ORANIO PELA PRESSA E DEMORA NA RESPOSTA DA CASA FARIA, POREM A MESMA RESPONDEU LOGO APÓS COM UM VALOR MAIS BAIXO SENDO MAIS VIAVEL NO VALOR E NA LOGISTICA, POR ISSO A APROVAÇÃO DA ORANIO";"Em aberto";"16518569668";"0000000004301";"";"ACOPLAMENTO FLEXIVEL 2 1/2""(73MM)";"2,00";"22,4800";"PC";"0,0000";"3384"
"25939695529";"8860";"29/05/2026";"";"9406825547";"CASA FARIA MATERIAIS HIDRAULICOS LTDA";"0,00";"PEDIDO REFERENTE A COMPRA DE MATERIAL PARA ABASTECER ON RUNNING - 3384

PEDIDO IRIA SER NA ORANIO PELA PRESSA E DEMORA NA RESPOSTA DA CASA FARIA, POREM A MESMA RESPONDEU LOGO APÓS COM UM VALOR MAIS BAIXO SENDO MAIS VIAVEL NO VALOR E NA LOGISTICA, POR ISSO A APROVAÇÃO DA ORANIO";"Em aberto";"16479494379";"0000000003267";"TA.RG.GV04";"VALVULA GLOBO ANGULAR 2.1/2"" X 45º (73MM)";"2,00";"158,5100";"PC";"0,0000";"3384"
"25941874191";"8861";"29/05/2026";"";"10881416310";"ORANIO DOMINGUES COM CONEXOES LTDA";"0,00";"SOLICITAÇÃO PARA ATENDER O PEDIDO DE VENDA 1588 

INSTRUÇÃO PARA RETIRADA EM NOME DA SAENG";"Em aberto";"0";"";"";"VALV. ALIVIO BRONZE P/ GOVERNO E ALARME 175 PSI UL/FM NPT 1/2";"10,00";"365,0000";"";"0,0000";"P1588"
"25941874191";"8861";"29/05/2026";"";"10881416310";"ORANIO DOMINGUES COM CONEXOES LTDA";"0,00";"SOLICITAÇÃO PARA ATENDER O PEDIDO DE VENDA 1588 

INSTRUÇÃO PARA RETIRADA EM NOME DA SAENG";"Em aberto";"0";"";"";"ELIMINADOR DE AR P/LIQ.NPT EA-250W SF 3/4""";"4,00";"711,4800";"";"0,0000";"P1588"
"25942382557";"8862";"29/05/2026";"";"10881416310";"ORANIO DOMINGUES COM CONEXOES LTDA";"0,00";"SOLICITAÇÃO PARA ATENDER O PEDIDO DE VENDA 1588";"Em aberto";"0";"";"0000176";"NIPLE DUPLO GALV BSP 150# TUPY 1/2";"30,00";"4,5400";"";"0,0000";"1588"
"25942382557";"8862";"29/05/2026";"";"10881416310";"ORANIO DOMINGUES COM CONEXOES LTDA";"0,00";"SOLICITAÇÃO PARA ATENDER O PEDIDO DE VENDA 1588";"Em aberto";"0";"";"0000030";"COTOVELO 90° GALV BSP 150# TUPY 1/2";"20,00";"6,1500";"";"0,0000";"1588"
"25942382557";"8862";"29/05/2026";"";"10881416310";"ORANIO DOMINGUES COM CONEXOES LTDA";"0,00";"SOLICITAÇÃO PARA ATENDER O PEDIDO DE VENDA 1588";"Em aberto";"0";"";"0000201";"TEE 90° GALV BSP 150# TUPY 1/2";"20,00";"8,7100";"";"0,0000";"1588"
