"ID";"N° do pedido";"Data";"Data prevista";"ID contato";"Nome do contato";"Desconto";"Observações";"Situação";"ID produto";"Código";"Código no fornecedor";"Descrição";"Quantidade";"Valor unitário";"Un";"Frete do item";"Ordem de compra"
"25200659896";"8500";"02/03/2026";"";"16874294220";"CLÍNICA LARGO TREZE";"0,00";"PEDIDO REFERENTE A EXAME:

Colaborador André Gustavo (equipe Wesley)";"Em aberto";"16365590662";"";"";"EXAMES";"1,00";"70,0000";"";"0,0000";"3341"
"25204398625";"8501";"02/03/2026";"";"14438411976";"ACESOLDA MATERIAIS DE SOLDA LTDA - EPP";"0,00";"PEDIDO REFERENTE A MATERIAL SOLICITADO NA OBRA JANDAIA - 2449";"Em aberto";"16317546881";"0000000001728";"2456";"LAMINA DE SERRA";"20,00";"14,2000";"PC";"0,0000";"2449"
"25204398625";"8501";"02/03/2026";"";"14438411976";"ACESOLDA MATERIAIS DE SOLDA LTDA - EPP";"0,00";"PEDIDO REFERENTE A MATERIAL SOLICITADO NA OBRA JANDAIA - 2449";"Em aberto";"9113544510";"0000000003694";"";"TALHADEIRA";"1,00";"18,5000";"UN";"0,0000";"2449"
"25204398625";"8501";"02/03/2026";"";"14438411976";"ACESOLDA MATERIAIS DE SOLDA LTDA - EPP";"0,00";"PEDIDO REFERENTE A MATERIAL SOLICITADO NA OBRA JANDAIA - 2449";"Em aberto";"9113547581";"0000000003695";"";"PONTEIRO";"1,00";"17,5000";"UN";"0,0000";"2449"
"25204434116";"8502";"02/03/2026";"";"16773093960";"PAES E DOCES INTERLAGOS LTDA - ME";"0,00";"PEDIDO REFERENTE A ALIMENTAÇÃO NO ESCRITÓRIO";"Em aberto";"16363384440";"0000000002497";"";"PÃO";"1,00";"187,0000";"KG";"0,0000";""
"25204897823";"8503";"02/03/2026";"";"13962940782";"SOEDRAL SOCIEDADE ELETRICA HIDRAULICA LTDA";"0,00";"MATERIAL REFERENTE A PEDIDO DE VENDA 1454.

PEDIDO PAGO PELA CMHF, POREM EM NOME DA SAENG POIS TEVE REDUÇÃO DE CUSTO.";"Em aberto";"16610724313";"0000000004658";"46675";"TUBO PEX MONOC AGUA 20MM X 1,9";"200,00";"5,8300";"MT";"0,0000";"P1454"
"25204897823";"8503";"02/03/2026";"";"13962940782";"SOEDRAL SOCIEDADE ELETRICA HIDRAULICA LTDA";"0,00";"MATERIAL REFERENTE A PEDIDO DE VENDA 1454.

PEDIDO PAGO PELA CMHF, POREM EM NOME DA SAENG POIS TEVE REDUÇÃO DE CUSTO.";"Em aberto";"15912484183";"0000000000683";"";"ABRAÇADEIRA ESGOTO REDUX 40MM";"10,00";"6,6300";"PC";"0,0000";"P1454"
"25206202266";"8504";"02/03/2026";"";"16203341681";"JDJ FERRAMENTAS COMERCIO DE MATERIAIS ELETRICOS E MANUTENCAO LTDA";"0,00";"PEDIDO REFERENTE A OBRA JANDAIA - 2449";"Em aberto";"16466787119";"0000000003203";"";"ÓLEO PARA ROSQUEADEIRA 20L";"1,00";"630,0000";"UN";"0,0000";"2449"
"25207743806";"8506";"02/03/2026";"";"15525702206";"COMERCIAL RIMAR LTDA";"0,00";"MATERIAL SOLICITADO PARA ATENDER OBRA TGI E JANDAIA";"Em aberto";"16085261264";"0000000000950";"";"CAPS RANHURADO 4""";"2,00";"45,8000";"PC";"0,0000";"3135 e 2449"
"25207743806";"8506";"02/03/2026";"";"15525702206";"COMERCIAL RIMAR LTDA";"0,00";"MATERIAL SOLICITADO PARA ATENDER OBRA TGI E JANDAIA";"Em aberto";"16610952684";"0000000004659";"";"LUVA AÇO CARBONO PRETO 300 LIBRAS NPT 1""";"1,00";"28,2800";"PC";"0,0000";"3135 e 2449"
"25207923389";"8507";"02/03/2026";"";"17817353740";"MARCELO PAES ME";"0,00";"PEDIDO REFERENTE A LOCAÇÃO DOS MAQUINÁRIOS NA OBRA JANDAIA - 2449

JA ENCAMINHADO PARA AGATHA VIA E-MAIL";"Em aberto";"16573863767";"";"";"LOCAÇÃO DE MAQUINARIO";"1,00";"4.940,0000";"VB";"0,0000";"2449"
"25208168760";"8508";"02/03/2026";"";"15869784331";"RIAL PARAFUSOS E FERRAMENTAS LTDA";"0,00";"PEDIDO REFERENTE A AMTERIAL PARA ABASTECER A OBRA JANDAIA - 2449";"Em aberto";"16326602047";"0000000001881";"";"CHUMBADOR 1/2";"40,00";"6,7300";"PÇ";"0,0000";"2449"
"25214095315";"8510";"03/03/2026";"";"16729308802";"FRANKLIN SADIKLARI ROCHA";"0,00";"PEDIDO REFERENTE A FRETE DA RIMAR PARA COMO BAMBU  SHOPPING SP (PEDIDO DE VENDA 1459)";"Em aberto";"9640855418";"";"";"FRETE";"1,00";"60,0000";"VB";"0,0000";"P1459"
"25214503313";"8511";"03/03/2026";"";"12547815395";"CEMIL TUBOS E CONEXOES LTDA";"0,00";"PEDIDO REFERENTE AO ABASTECIMENTO DO ESTOQUE";"Em aberto";"16553174324";"0000000004528";"";"SPRINKLER EMBUTIDO RESPOSTA RAPIDA - 68º X 1/2"" - K80";"100,00";"76,4000";"PC";"0,0000";""
"25214503313";"8511";"03/03/2026";"";"12547815395";"CEMIL TUBOS E CONEXOES LTDA";"0,00";"PEDIDO REFERENTE AO ABASTECIMENTO DO ESTOQUE";"Em aberto";"16158257396";"";"";"IMPOSTOS";"1,00";"0,5000";"um";"0,0000";""
"25217547265";"8512";"03/03/2026";"";"17992229104";"THERMOLAR COMERCIO E SERVICOS DE AQUECEDORES LTDA";"0,00";"MATERIAL SOLICITADO REFERENTE A OBRA TGI - 3135

MATERIAL COMPRADO EM NOME DA AGIO ";"Em aberto";"16611461938";"0000000004681";"";"AQUECEDOR ELETRICO THERMOTINI 300 LITROS VERTICAL";"2,00";"6.680,0000";"PÇ";"0,0000";"3135"
"25218773382";"8513";"03/03/2026";"";"16879572722";"SAVIO MEDINA DE FREITAS";"0,00";"PEDIDO REFERENTE A BRINDE PARA O DIAS DAS MULHERES";"Em aberto";"16277772817";"";"";"BRINDE";"1,00";"140,0000";"un";"0,0000";""
"25219046921";"8514";"03/03/2026";"";"15452465899";"FELAP MAQUINAS E EQUIPAMENTOS LTDA";"0,00";"MATERIAL SOLICITADO PARA ATENDER OBRA JANDAIA - 2449

COMPRA FEITA NO CRÉDITO DEVIDO A FALTA DE UM MATERIAL NA ULTIMA COMPRA.

SALDO ANTERIOR: R$226,15
VALOR DA COMPRA: R$174,15

SALDO ATUAL: R$52,00
";"Em aberto";"0";"";"";"SERRA COPO 114MM";"1,00";"0,0100";"";"0,0000";"2449"
"25223168559";"8516";"04/03/2026";"";"17852443821";"MEGA PEAD TUBOS E CONEXOES LTDA";"0,00";"PEDIDO REALIZADO PARA LOCAÇÃO DA MAQUINA DE ELETROFUSÃO PARA A OBRA JANDAIA - 2449

CASO PEÇA SENHA AO ABRIR O BOLETO, DIGITAR OS 5 PRIMEIROS NUMEROS DO CNPJ (17866)";"Em aberto";"16573863767";"";"";"LOCAÇÃO DE MAQUINARIO";"1,00";"1.400,0000";"VB";"0,0000";"2449"
"25224574843";"8517";"04/03/2026";"";"15525702206";"COMERCIAL RIMAR LTDA";"0,00";"PEDIDO REFERENTE A VENDA 1462";"Em aberto";"16604192380";"0000000004631";"XR00K";"ACOPLAMENTO RIGIDO UL/FM - 4""";"2,00";"35,2100";"PC";"0,0000";"P1462"
"25224574843";"8517";"04/03/2026";"";"15525702206";"COMERCIAL RIMAR LTDA";"0,00";"PEDIDO REFERENTE A VENDA 1462";"Em aberto";"16158257396";"";"";"IMPOSTOS";"1,00";"2,2900";"um";"0,0000";"P1462"
"25225415610";"8518";"04/03/2026";"";"10499996535";"HIDRO - JET - COMERCIAL LTDA";"0,00";"PEDIDO REFERENTE A MANUTENÇÃO DA LAVADORA";"Em aberto";"16013100034";"";"";"MANUTENÇÃO DE BOMBA";"1,00";"2.627,0000";"VB";"0,0000";""
"25225475368";"8519";"04/03/2026";"";"16301861367";"PRESSING GRAFICA";"0,00";"PEDIDO REFERENTE A PLOTAGEM DE PROJETOS PARA OBRA UNIVERSAL - 3313";"Em aberto";"9406380659";"";"";"PLOTAGEM DE PROJETOS";"1,00";"132,0000";"VB";"0,0000";"3313"
"25227963622";"8520";"04/03/2026";"";"17633212980";"Epi Interlagos Comercio de Produtos Ltda";"0,00";"PEDIDO REFERENTE A BOTA PARA COLABORADOR NOVO.";"Em aberto";"16417313040";"0000000002873";"EPI-010439";"BOTA NOBUCK BRACOL";"1,00";"129,9900";"PC";"0,0000";""
"25228000030";"8521";"04/03/2026";"";"9196179052";"S GLOBAL ASSESSORIA";"0,00";"PEDIDO REFERENTE A ELABORAÇÃO DE DOCUMENTOS DA EQUIPE DO SIDEILTON NA OBRA TETRA PAK - 3341";"Em aberto";"16365607877";"";"";"DOCUMENTAÇÃO";"1,00";"300,0000";"UN";"0,0000";"3341"
"25228431171";"8522";"04/03/2026";"";"16301861367";"PRESSING GRAFICA";"0,00";"PEDIDO REFERENTE A CATALOGOS PARA CMHF";"Em aberto";"16281991213";"";"";"IMPRESSÃO";"1,00";"46,0000";"UN";"0,0000";""
"25228487088";"8523";"04/03/2026";"";"15525702206";"COMERCIAL RIMAR LTDA";"0,00";"PEDIDO REFERENTE A VENDA REALIZADA PARA BIG PAR - RETIRADA EM NOME DA SAENG PARA PAGAMENTO 3 DIAS ANTES DO VENCIMENTO";"Em aberto";"9194015725";"0000000003729";"SPC001";"SPRINKLER PENDENTE RESPOSTA PADRÃO - 68º X 1/2"" - K80";"150,00";"17,7600";"PC";"0,0000";"P1366"
"25228487088";"8523";"04/03/2026";"";"15525702206";"COMERCIAL RIMAR LTDA";"0,00";"PEDIDO REFERENTE A VENDA REALIZADA PARA BIG PAR - RETIRADA EM NOME DA SAENG PARA PAGAMENTO 3 DIAS ANTES DO VENCIMENTO";"Em aberto";"0";"";"";"SPRINKLER PENDENTE RESPOSTA PADRÃO - K115 - 68º X 3/4""";"657,00";"28,8400";"PC";"0,0000";"P1366"
"25228742759";"8524";"04/03/2026";"";"14037711864";"SIPEC COMERCIO REPRESENTACAO IMP. E SERVICOS LTDA";"0,00";"PEDIDO REFERENTE A VENDA PARA A BIG PAR";"Em aberto";"0";"";"";"SPRINKLER PENDENTE RESPOSTA RAPIDA - K25.2 - 74º X 1""";"897,00";"108,0000";"";"0,0000";"P1366"
"25228742759";"8524";"04/03/2026";"";"14037711864";"SIPEC COMERCIO REPRESENTACAO IMP. E SERVICOS LTDA";"0,00";"PEDIDO REFERENTE A VENDA PARA A BIG PAR";"Em aberto";"16158257396";"";"";"IMPOSTOS";"1,00";"3.148,4700";"um";"0,0000";"P1366"
"25232631486";"8525";"05/03/2026";"";"14037711864";"SIPEC COMERCIO REPRESENTACAO IMP. E SERVICOS LTDA";"0,00";"MATERIAL REFERENTE A PEDIDO DE VENDA - 1463";"Em aberto";"16137210311";"0000000001100";"";"SPRINKLER VK503 PEND K16.8 74C ESFR BRUTO 3/4"" UL/FM";"1,00";"82,6000";"PC";"0,0000";"P1463"
"25232860005";"8526";"05/03/2026";"";"17992229104";"THERMOLAR COMERCIO E SERVICOS DE AQUECEDORES LTDA";"0,00";"PEDIDO REFERENTE A AQUECEDORES PARA A OBRA TGI - 3135";"Em aberto";"16611461938";"0000000004681";"";"AQUECEDOR ELETRICO THERMOTINI 300 LITROS VERTICAL";"2,00";"6.805,0000";"PÇ";"0,0000";"3135"
"25235884677";"8527";"05/03/2026";"";"16874294220";"CLÍNICA LARGO TREZE";"0,00";"PEDIDO REALIZADO REFERENTE A EXAMES PARA OBRA TETRA PAK - 3341";"Em aberto";"16365590662";"";"";"EXAMES";"1,00";"140,0000";"";"0,0000";"3341"
"25243769980";"8529";"06/03/2026";"";"9406825547";"CASA FARIA MATERIAIS HIDRAULICOS LTDA";"0,00";"PEDIDO REFERENTE A COMPRA DO PEDIDO DE VENDA - 1461";"Em aberto";"10293307586";"0000000000177";"";"LUVA PVC BRANCO 50MM";"50,00";"4,0900";"PC";"0,0000";"P1461"
"25243769980";"8529";"06/03/2026";"";"9406825547";"CASA FARIA MATERIAIS HIDRAULICOS LTDA";"0,00";"PEDIDO REFERENTE A COMPRA DO PEDIDO DE VENDA - 1461";"Em aberto";"16095842938";"0000000000966";"";"CURVA LONGA PVC BRANCO 100MM X 45º";"32,00";"47,4800";"PC";"0,0000";"P1461"
"25243769980";"8529";"06/03/2026";"";"9406825547";"CASA FARIA MATERIAIS HIDRAULICOS LTDA";"0,00";"PEDIDO REFERENTE A COMPRA DO PEDIDO DE VENDA - 1461";"Em aberto";"10924583365";"0000000000205";"";"CAPS PVC BRANCO 100MM";"2,00";"5,4300";"PC";"0,0000";"P1461"
"25243769980";"8529";"06/03/2026";"";"9406825547";"CASA FARIA MATERIAIS HIDRAULICOS LTDA";"0,00";"PEDIDO REFERENTE A COMPRA DO PEDIDO DE VENDA - 1461";"Em aberto";"16324209044";"0000000001817";"";"ANEL DE BORRACHA 100MM";"100,00";"1,1800";"PC";"0,0000";"P1461"
"25243769980";"8529";"06/03/2026";"";"9406825547";"CASA FARIA MATERIAIS HIDRAULICOS LTDA";"0,00";"PEDIDO REFERENTE A COMPRA DO PEDIDO DE VENDA - 1461";"Em aberto";"16563933373";"0000000004563";"";"FITA PERFURADA";"1,00";"35,0900";"PC";"0,0000";"P1461"
"25243769980";"8529";"06/03/2026";"";"9406825547";"CASA FARIA MATERIAIS HIDRAULICOS LTDA";"0,00";"PEDIDO REFERENTE A COMPRA DO PEDIDO DE VENDA - 1461";"Em aberto";"16100245996";"0000000001012";"";"BUCHA REDUCAO PVC BRANCO 100 X 75MM";"10,00";"6,7600";"PC";"0,0000";"P1461"
"25243769980";"8529";"06/03/2026";"";"9406825547";"CASA FARIA MATERIAIS HIDRAULICOS LTDA";"0,00";"PEDIDO REFERENTE A COMPRA DO PEDIDO DE VENDA - 1461";"Em aberto";"16364818043";"0000000002536";"";"CURVA LONGA PVC BRANCO 75MM X 90º";"30,00";"15,8300";"PC";"0,0000";"P1461"
"25243769980";"8529";"06/03/2026";"";"9406825547";"CASA FARIA MATERIAIS HIDRAULICOS LTDA";"0,00";"PEDIDO REFERENTE A COMPRA DO PEDIDO DE VENDA - 1461";"Em aberto";"16362541699";"0000000002495";"";"ANEL DE BORRACHA 75MM";"100,00";"0,9300";"PC";"0,0000";"P1461"
"25243769980";"8529";"06/03/2026";"";"9406825547";"CASA FARIA MATERIAIS HIDRAULICOS LTDA";"0,00";"PEDIDO REFERENTE A COMPRA DO PEDIDO DE VENDA - 1461";"Em aberto";"16100229644";"0000000001005";"AM.CE.LU.03";"LUVA PVC BRANCO 75MM";"50,00";"3,9800";"PC";"0,0000";"P1461"
"25243769980";"8529";"06/03/2026";"";"9406825547";"CASA FARIA MATERIAIS HIDRAULICOS LTDA";"0,00";"PEDIDO REFERENTE A COMPRA DO PEDIDO DE VENDA - 1461";"Em aberto";"15900726450";"0000000000645";"AM.AD.0006";"TUBO DE COLA 850G";"2,00";"39,8900";"PC";"0,0000";"P1461"
"25243769980";"8529";"06/03/2026";"";"9406825547";"CASA FARIA MATERIAIS HIDRAULICOS LTDA";"0,00";"PEDIDO REFERENTE A COMPRA DO PEDIDO DE VENDA - 1461";"Em aberto";"16172594669";"0000000001170";"JR.LB.0002";"PASTA LUBRIFICANTE 950G";"1,00";"21,8900";"PC";"0,0000";"P1461"
"25243769980";"8529";"06/03/2026";"";"9406825547";"CASA FARIA MATERIAIS HIDRAULICOS LTDA";"0,00";"PEDIDO REFERENTE A COMPRA DO PEDIDO DE VENDA - 1461";"Em aberto";"16611209234";"0000000004660";"";"LAPIS CARPINTEIRO";"3,00";"2,3200";"PC";"0,0000";"P1461"
"25243769980";"8529";"06/03/2026";"";"9406825547";"CASA FARIA MATERIAIS HIDRAULICOS LTDA";"0,00";"PEDIDO REFERENTE A COMPRA DO PEDIDO DE VENDA - 1461";"Em aberto";"16317546881";"0000000001728";"";"LAMINA DE SERRA";"5,00";"13,8100";"PC";"0,0000";"P1461"
"25245110618";"8530";"06/03/2026";"";"15888987307";"ATACADAO S.A.";"0,00";"PEDIDO REFERENTE A COMPRA REALIZADA NO ATACADÃO";"Em aberto";"16426059240";"";"";"MATERIAL DE CONSUMO";"1,00";"438,9200";"";"0,0000";""
"25245155437";"8531";"06/03/2026";"";"16614665233";"BRASLIMPO COMERCIAL LTDA";"0,00";"PEDIDO REFERENTE A COMPRA DE PAPEL HIGIENICO ";"Em aberto";"16426059240";"";"";"MATERIAL DE CONSUMO";"1,00";"115,3400";"";"0,0000";""
"25245242684";"8532";"06/03/2026";"";"16853103881";"KALUNGA";"0,00";"PEDIDO REFERENTE A COMPRA DE MATERIAIS PARA O ESCRITÓRIO.";"Em aberto";"16277884578";"";"";"MATERIAIS PARA ESCRITORIO";"1,00";"390,3300";"UN";"0,0000";""
"25245342313";"8533";"06/03/2026";"";"9406825547";"CASA FARIA MATERIAIS HIDRAULICOS LTDA";"0,00";"PEDIDO REFERENTE A OBRA UNIVERSAL - 3313

POR FAVOR, PAGAR PELA MANHÃ";"Em aberto";"15888852351";"0000000000571";"";"LIXA FERRO Nº100";"10,00";"2,3300";"PC";"0,0000";"3313"
"25245342313";"8533";"06/03/2026";"";"9406825547";"CASA FARIA MATERIAIS HIDRAULICOS LTDA";"0,00";"PEDIDO REFERENTE A OBRA UNIVERSAL - 3313

POR FAVOR, PAGAR PELA MANHÃ";"Em aberto";"16317546881";"0000000001728";"";"LAMINA DE SERRA";"5,00";"13,8100";"PC";"0,0000";"3313"
"25245342313";"8533";"06/03/2026";"";"9406825547";"CASA FARIA MATERIAIS HIDRAULICOS LTDA";"0,00";"PEDIDO REFERENTE A OBRA UNIVERSAL - 3313

POR FAVOR, PAGAR PELA MANHÃ";"Em aberto";"16524372587";"0000000004369";"";"DISCO DE CORTE DIAMANTADO PARA CONCRETO";"5,00";"20,6900";"PC";"0,0000";"3313"
"25245342313";"8533";"06/03/2026";"";"9406825547";"CASA FARIA MATERIAIS HIDRAULICOS LTDA";"0,00";"PEDIDO REFERENTE A OBRA UNIVERSAL - 3313

POR FAVOR, PAGAR PELA MANHÃ";"Em aberto";"16516683150";"0000000004232";"";"CADEADO COM CHAVE PADO MODELO LT-30";"1,00";"22,1000";"PC";"0,0000";"3313"
"25245342313";"8533";"06/03/2026";"";"9406825547";"CASA FARIA MATERIAIS HIDRAULICOS LTDA";"0,00";"PEDIDO REFERENTE A OBRA UNIVERSAL - 3313

POR FAVOR, PAGAR PELA MANHÃ";"Em aberto";"9113454981";"0000000003686";"";"DISCO DE CORTE 4.1/2""";"5,00";"2,0000";"UN";"0,0000";"3313"
"25247252138";"8534";"06/03/2026";"";"16612278278";"MARKETING DIGITAL CMHF";"0,00";"PEDIDO REFERENTE AO INVESTIMENTO DO MARKETING PARA CMHF";"Em aberto";"15995664043";"";"";"Marketing digital GOOGLE ADS";"1,00";"600,0000";"";"0,0000";""
"25247344777";"8535";"06/03/2026";"";"16274141710";"CASA MIMOSA HIDRAULICA E ACABAMENTOS LTDA";"0,00";"PEDIDO REFERENTE A INICIO DE OBRA NA UNIVERSAL - 3313";"Em aberto";"9908900147";"0000000004073";"";"LUVA LR PVC AZUL 25MM X 1/2""";"23,00";"4,2100";"PÇ";"0,0000";"3313"
"25247344777";"8535";"06/03/2026";"";"16274141710";"CASA MIMOSA HIDRAULICA E ACABAMENTOS LTDA";"0,00";"PEDIDO REFERENTE A INICIO DE OBRA NA UNIVERSAL - 3313";"Em aberto";"16316472657";"0000000001704";"";"COTOVELO LR PVC AZUL 25MM X 1/2""";"40,00";"4,3700";"PC";"0,0000";"3313"
"25247344777";"8535";"06/03/2026";"";"16274141710";"CASA MIMOSA HIDRAULICA E ACABAMENTOS LTDA";"0,00";"PEDIDO REFERENTE A INICIO DE OBRA NA UNIVERSAL - 3313";"Em aberto";"16541618949";"0000000004464";"";"COTOVELO PVC MARROM 25MM X 90°";"30,00";"0,5400";"PC";"0,0000";"3313"
"25247344777";"8535";"06/03/2026";"";"16274141710";"CASA MIMOSA HIDRAULICA E ACABAMENTOS LTDA";"0,00";"PEDIDO REFERENTE A INICIO DE OBRA NA UNIVERSAL - 3313";"Em aberto";"9882420354";"0000000004038";"";"TE PVC MARROM 25MM";"25,00";"0,9800";"PC";"0,0000";"3313"
"25247344777";"8535";"06/03/2026";"";"16274141710";"CASA MIMOSA HIDRAULICA E ACABAMENTOS LTDA";"0,00";"PEDIDO REFERENTE A INICIO DE OBRA NA UNIVERSAL - 3313";"Em aberto";"16517856480";"0000000004244";"";"BUCHA REDUCAO PVC MARROM 32 X 25MM";"5,00";"0,7600";"PC";"0,0000";"3313"
"25247344777";"8535";"06/03/2026";"";"16274141710";"CASA MIMOSA HIDRAULICA E ACABAMENTOS LTDA";"0,00";"PEDIDO REFERENTE A INICIO DE OBRA NA UNIVERSAL - 3313";"Em aberto";"16432843143";"0000000002929";"";"COTOVELO PVC MARROM 32MM X 90°";"2,00";"1,8000";"PC";"0,0000";"3313"
"25247344777";"8535";"06/03/2026";"";"16274141710";"CASA MIMOSA HIDRAULICA E ACABAMENTOS LTDA";"0,00";"PEDIDO REFERENTE A INICIO DE OBRA NA UNIVERSAL - 3313";"Em aberto";"16316596335";"0000000001720";"";"ADAPTADOR PVC MARROM 32MM X 1""";"12,00";"1,4500";"PÇ";"0,0000";"3313"
"25247344777";"8535";"06/03/2026";"";"16274141710";"CASA MIMOSA HIDRAULICA E ACABAMENTOS LTDA";"0,00";"PEDIDO REFERENTE A INICIO DE OBRA NA UNIVERSAL - 3313";"Em aberto";"16432843150";"0000000002933";"";"ADAPTADOR PVC MARROM 25MM X 3/4""";"24,00";"0,7600";"PC";"0,0000";"3313"
"25247344777";"8535";"06/03/2026";"";"16274141710";"CASA MIMOSA HIDRAULICA E ACABAMENTOS LTDA";"0,00";"PEDIDO REFERENTE A INICIO DE OBRA NA UNIVERSAL - 3313";"Em aberto";"15964130665";"0000000000723";"";"TE PVC MARROM 32MM";"2,00";"2,6400";"PC";"0,0000";"3313"
"25247344777";"8535";"06/03/2026";"";"16274141710";"CASA MIMOSA HIDRAULICA E ACABAMENTOS LTDA";"0,00";"PEDIDO REFERENTE A INICIO DE OBRA NA UNIVERSAL - 3313";"Em aberto";"9735592993";"0000000003986";"50330";"REGISTRO GAVETA BASE 3/4""";"12,00";"43,7500";"PC";"0,0000";"3313"
"25247344777";"8535";"06/03/2026";"";"16274141710";"CASA MIMOSA HIDRAULICA E ACABAMENTOS LTDA";"0,00";"PEDIDO REFERENTE A INICIO DE OBRA NA UNIVERSAL - 3313";"Em aberto";"16339203332";"0000000002056";"";"REGISTRO GAVETA BASE 1""";"4,00";"69,7000";"PC";"0,0000";"3313"
"25247344777";"8535";"06/03/2026";"";"16274141710";"CASA MIMOSA HIDRAULICA E ACABAMENTOS LTDA";"0,00";"PEDIDO REFERENTE A INICIO DE OBRA NA UNIVERSAL - 3313";"Em aberto";"9858779822";"0000000004034";"";"TUBO PVC MARROM - 32MM";"40,00";"6,7700";"MT";"0,0000";"3313"
"25247344777";"8535";"06/03/2026";"";"16274141710";"CASA MIMOSA HIDRAULICA E ACABAMENTOS LTDA";"0,00";"PEDIDO REFERENTE A INICIO DE OBRA NA UNIVERSAL - 3313";"Em aberto";"9513459309";"0000000003910";"";"TUBO PVC MARROM - 25MM";"70,00";"3,0700";"MT";"0,0000";"3313"
"25247344777";"8535";"06/03/2026";"";"16274141710";"CASA MIMOSA HIDRAULICA E ACABAMENTOS LTDA";"0,00";"PEDIDO REFERENTE A INICIO DE OBRA NA UNIVERSAL - 3313";"Em aberto";"16074603445";"0000000000930";"";"COTOVELO PVC BRANCO 100MM X 45º";"10,00";"5,2200";"PC";"0,0000";"3313"
"25247344777";"8535";"06/03/2026";"";"16274141710";"CASA MIMOSA HIDRAULICA E ACABAMENTOS LTDA";"0,00";"PEDIDO REFERENTE A INICIO DE OBRA NA UNIVERSAL - 3313";"Em aberto";"16095837203";"0000000000964";"";"COTOVELO PVC BRANCO 100MM X 90º";"25,00";"5,7900";"PC";"0,0000";"3313"
"25247344777";"8535";"06/03/2026";"";"16274141710";"CASA MIMOSA HIDRAULICA E ACABAMENTOS LTDA";"0,00";"PEDIDO REFERENTE A INICIO DE OBRA NA UNIVERSAL - 3313";"Em aberto";"13639994759";"0000000000354";"";"JUNCAO PVC BRANCO 100MM";"25,00";"13,0000";"PC";"0,0000";"3313"
"25247344777";"8535";"06/03/2026";"";"16274141710";"CASA MIMOSA HIDRAULICA E ACABAMENTOS LTDA";"0,00";"PEDIDO REFERENTE A INICIO DE OBRA NA UNIVERSAL - 3313";"Em aberto";"0";"";"";"TE PVC BRANCO 100 X 75MM";"8,00";"11,1300";"PC";"0,0000";"3313"
"25247344777";"8535";"06/03/2026";"";"16274141710";"CASA MIMOSA HIDRAULICA E ACABAMENTOS LTDA";"0,00";"PEDIDO REFERENTE A INICIO DE OBRA NA UNIVERSAL - 3313";"Em aberto";"16100231932";"0000000001007";"";"COTOVELO PVC BRANCO 75MM X 45º";"9,00";"4,7800";"PC";"0,0000";"3313"
"25247344777";"8535";"06/03/2026";"";"16274141710";"CASA MIMOSA HIDRAULICA E ACABAMENTOS LTDA";"0,00";"PEDIDO REFERENTE A INICIO DE OBRA NA UNIVERSAL - 3313";"Em aberto";"16100231380";"0000000001006";"";"COTOVELO PVC BRANCO 75MM X 90º";"20,00";"3,6400";"PC";"0,0000";"3313"
"25247344777";"8535";"06/03/2026";"";"16274141710";"CASA MIMOSA HIDRAULICA E ACABAMENTOS LTDA";"0,00";"PEDIDO REFERENTE A INICIO DE OBRA NA UNIVERSAL - 3313";"Em aberto";"0";"";"";"TE PVC BRANCO 75MM";"15,00";"8,4900";"PC";"0,0000";"3313"
"25247344777";"8535";"06/03/2026";"";"16274141710";"CASA MIMOSA HIDRAULICA E ACABAMENTOS LTDA";"0,00";"PEDIDO REFERENTE A INICIO DE OBRA NA UNIVERSAL - 3313";"Em aberto";"10293298854";"0000000000176";"";"LUVA PVC BRANCO 100MM";"50,00";"3,7000";"PC";"0,0000";"3313"
"25247344777";"8535";"06/03/2026";"";"16274141710";"CASA MIMOSA HIDRAULICA E ACABAMENTOS LTDA";"0,00";"PEDIDO REFERENTE A INICIO DE OBRA NA UNIVERSAL - 3313";"Em aberto";"16100229644";"0000000001005";"";"LUVA PVC BRANCO 75MM";"30,00";"3,5900";"PC";"0,0000";"3313"
"25247344777";"8535";"06/03/2026";"";"16274141710";"CASA MIMOSA HIDRAULICA E ACABAMENTOS LTDA";"0,00";"PEDIDO REFERENTE A INICIO DE OBRA NA UNIVERSAL - 3313";"Em aberto";"10293307586";"0000000000177";"";"LUVA PVC BRANCO 50MM";"15,00";"1,8500";"PC";"0,0000";"3313"
"25247344777";"8535";"06/03/2026";"";"16274141710";"CASA MIMOSA HIDRAULICA E ACABAMENTOS LTDA";"0,00";"PEDIDO REFERENTE A INICIO DE OBRA NA UNIVERSAL - 3313";"Em aberto";"16100244122";"0000000001010";"";"JUNCAO PVC BRANCO 100 X 50MM";"6,00";"9,0800";"PC";"0,0000";"3313"
"25247344777";"8535";"06/03/2026";"";"16274141710";"CASA MIMOSA HIDRAULICA E ACABAMENTOS LTDA";"0,00";"PEDIDO REFERENTE A INICIO DE OBRA NA UNIVERSAL - 3313";"Em aberto";"16100210341";"0000000001004";"";"CAIXA SIFONADA S/ GRELHA PVC BRANCO 150X185X75";"1,00";"26,2900";"PC";"0,0000";"3313"
"25247344777";"8535";"06/03/2026";"";"16274141710";"CASA MIMOSA HIDRAULICA E ACABAMENTOS LTDA";"0,00";"PEDIDO REFERENTE A INICIO DE OBRA NA UNIVERSAL - 3313";"Em aberto";"16074619576";"0000000000931";"";"COTOVELO PVC BRANCO 50MM X 90º";"20,00";"1,9800";"PC";"0,0000";"3313"
"25247344777";"8535";"06/03/2026";"";"16274141710";"CASA MIMOSA HIDRAULICA E ACABAMENTOS LTDA";"0,00";"PEDIDO REFERENTE A INICIO DE OBRA NA UNIVERSAL - 3313";"Em aberto";"16236967073";"0000000001340";"";"COTOVELO PVC BRANCO 40MM X 90º";"20,00";"1,2500";"PC";"0,0000";"3313"
"25247344777";"8535";"06/03/2026";"";"16274141710";"CASA MIMOSA HIDRAULICA E ACABAMENTOS LTDA";"0,00";"PEDIDO REFERENTE A INICIO DE OBRA NA UNIVERSAL - 3313";"Em aberto";"9784767702";"0000000004008";"19258";"COTOVELO PVC BRANCO 40MM X 90° COM ANEL LABIAL";"16,00";"3,5400";"PC";"0,0000";"3313"
"25247344777";"8535";"06/03/2026";"";"16274141710";"CASA MIMOSA HIDRAULICA E ACABAMENTOS LTDA";"0,00";"PEDIDO REFERENTE A INICIO DE OBRA NA UNIVERSAL - 3313";"Em aberto";"9961848827";"0000000004076";"";"COTOVELO PVC BRANCO 40MM X 45°";"25,00";"1,2900";"PC";"0,0000";"3313"
"25247344777";"8535";"06/03/2026";"";"16274141710";"CASA MIMOSA HIDRAULICA E ACABAMENTOS LTDA";"0,00";"PEDIDO REFERENTE A INICIO DE OBRA NA UNIVERSAL - 3313";"Em aberto";"10293507735";"0000000000183";"";"BUCHA REDUCAO PVC BRANCO 75 X 50MM";"1,00";"4,3600";"PC";"0,0000";"3313"
"25247344777";"8535";"06/03/2026";"";"16274141710";"CASA MIMOSA HIDRAULICA E ACABAMENTOS LTDA";"0,00";"PEDIDO REFERENTE A INICIO DE OBRA NA UNIVERSAL - 3313";"Em aberto";"16100245996";"0000000001012";"19642";"BUCHA REDUCAO PVC BRANCO 100 X 75MM";"2,00";"6,1000";"PC";"0,0000";"3313"
"25247344777";"8535";"06/03/2026";"";"16274141710";"CASA MIMOSA HIDRAULICA E ACABAMENTOS LTDA";"0,00";"PEDIDO REFERENTE A INICIO DE OBRA NA UNIVERSAL - 3313";"Em aberto";"10293516730";"0000000000184";"";"JUNCAO PVC BRANCO 75 X 50MM";"2,00";"7,6200";"PC";"0,0000";"3313"
"25247344777";"8535";"06/03/2026";"";"16274141710";"CASA MIMOSA HIDRAULICA E ACABAMENTOS LTDA";"0,00";"PEDIDO REFERENTE A INICIO DE OBRA NA UNIVERSAL - 3313";"Em aberto";"16361778861";"0000000002483";"";"TUBO PVC BRANCO 100MM";"76,00";"12,5300";"MT";"0,0000";"3313"
"25247344777";"8535";"06/03/2026";"";"16274141710";"CASA MIMOSA HIDRAULICA E ACABAMENTOS LTDA";"0,00";"PEDIDO REFERENTE A INICIO DE OBRA NA UNIVERSAL - 3313";"Em aberto";"9706095384";"0000000003972";"";"TUBO PVC BRANCO 75MM";"60,00";"12,1600";"MT";"0,0000";"3313"
"25247344777";"8535";"06/03/2026";"";"16274141710";"CASA MIMOSA HIDRAULICA E ACABAMENTOS LTDA";"0,00";"PEDIDO REFERENTE A INICIO DE OBRA NA UNIVERSAL - 3313";"Em aberto";"9885242647";"0000000004045";"";"TUBO PVC BRANCO 50MM";"12,00";"7,5700";"MT";"0,0000";"3313"
"25247344777";"8535";"06/03/2026";"";"16274141710";"CASA MIMOSA HIDRAULICA E ACABAMENTOS LTDA";"0,00";"PEDIDO REFERENTE A INICIO DE OBRA NA UNIVERSAL - 3313";"Em aberto";"9968993476";"0000000004084";"";"TUBO PVC BRANCO 40MM";"36,00";"4,6400";"MT";"0,0000";"3313"
"25247344777";"8535";"06/03/2026";"";"16274141710";"CASA MIMOSA HIDRAULICA E ACABAMENTOS LTDA";"0,00";"PEDIDO REFERENTE A INICIO DE OBRA NA UNIVERSAL - 3313";"Em aberto";"15900726450";"0000000000645";"15206";"TUBO DE COLA 850G";"4,00";"37,8700";"PC";"0,0000";"3313"
"25247344777";"8535";"06/03/2026";"";"16274141710";"CASA MIMOSA HIDRAULICA E ACABAMENTOS LTDA";"0,00";"PEDIDO REFERENTE A INICIO DE OBRA NA UNIVERSAL - 3313";"Em aberto";"16172594669";"0000000001170";"330311";"PASTA LUBRIFICANTE 950G";"3,00";"19,9900";"PC";"0,0000";"3313"
"25247344777";"8535";"06/03/2026";"";"16274141710";"CASA MIMOSA HIDRAULICA E ACABAMENTOS LTDA";"0,00";"PEDIDO REFERENTE A INICIO DE OBRA NA UNIVERSAL - 3313";"Em aberto";"16324209044";"0000000001817";"";"ANEL DE BORRACHA 100MM";"40,00";"0,5200";"PC";"0,0000";"3313"
"25247344777";"8535";"06/03/2026";"";"16274141710";"CASA MIMOSA HIDRAULICA E ACABAMENTOS LTDA";"0,00";"PEDIDO REFERENTE A INICIO DE OBRA NA UNIVERSAL - 3313";"Em aberto";"16362541699";"0000000002495";"";"ANEL DE BORRACHA 75MM";"100,00";"0,3800";"PC";"0,0000";"3313"
"25247344777";"8535";"06/03/2026";"";"16274141710";"CASA MIMOSA HIDRAULICA E ACABAMENTOS LTDA";"0,00";"PEDIDO REFERENTE A INICIO DE OBRA NA UNIVERSAL - 3313";"Em aberto";"16360336905";"0000000002467";"29303";"ANEL DE BORRACHA 50MM";"50,00";"0,3300";"PC";"0,0000";"3313"
"25247868081";"8536";"06/03/2026";"";"17633212980";"Epi Interlagos Comercio de Produtos Ltda";"0,00";"PEDIDO REFERENTE A OBRA UNIVERSAL - 3113 + ESTOQUE";"Em aberto";"16463431163";"0000000003190";"";"ÓCULOS SOBREPOR";"15,00";"3,5000";"PC";"0,0000";""
"25247868081";"8536";"06/03/2026";"";"17633212980";"Epi Interlagos Comercio de Produtos Ltda";"0,00";"PEDIDO REFERENTE A OBRA UNIVERSAL - 3113 + ESTOQUE";"Em aberto";"9113529331";"0000000003692";"";"PROTETOR AURICULAR";"15,00";"1,3500";"UN";"0,0000";""
"25247868081";"8536";"06/03/2026";"";"17633212980";"Epi Interlagos Comercio de Produtos Ltda";"0,00";"PEDIDO REFERENTE A OBRA UNIVERSAL - 3113 + ESTOQUE";"Em aberto";"16345298278";"0000000002139";"";"MASCARA RESPIRATORIA PFF2 AZUL C/VALVULA";"15,00";"1,5000";"";"0,0000";""
"25247868081";"8536";"06/03/2026";"";"17633212980";"Epi Interlagos Comercio de Produtos Ltda";"0,00";"PEDIDO REFERENTE A OBRA UNIVERSAL - 3113 + ESTOQUE";"Em aberto";"16330372787";"0000000001934";"";"LUVA MULTITATO PRETA PU YELING/PROTEPLUS/CG";"15,00";"3,3800";"";"0,0000";""
"25265308096";"8537";"09/03/2026";"";"9302653589";"ERALDO GALDINO LOCACOES DE EQUIPAMENTOS";"0,00";"PEDIDO REFERENTE AO ALUGUEL DO MARTELETE 15KG - JASMIM - 2652";"Em aberto";"16573863767";"";"";"LOCAÇÃO DE MAQUINARIO";"1,00";"980,0000";"VB";"0,0000";"2652"
"25265890365";"8538";"09/03/2026";"";"16589611145";"VALTER JOSÉ DOS SANTOS";"0,00";"PEDIDO REFERENTE A EXAMES PARA OBRA TETRA PAK - 3341";"Em aberto";"16365590662";"";"";"EXAMES";"1,00";"1.050,0000";"";"0,0000";"3341"
"25265920042";"8539";"09/03/2026";"";"16994136282";"SEGURA RH SOLUÇÕES";"0,00";"PEDIDO REFERENTE A NR NA OBRA TETRA PAK - 3341";"Em aberto";"16352003343";"";"";"NR'S";"1,00";"1.350,0000";"";"0,0000";"3341"
"25268047272";"8540";"09/03/2026";"";"17832591256";"GURGELMIX MAQUINAS E FERRAMENTAS S.A.";"0,00";"PEDIDO REFERENTE A OBRA JANDAIA - 2449

PAGAMENTO VIA QR CODE, ASSIM QUE FOR PAGAR, ME SOLICITAR O QR CODE, POR FAVOR

PAGAR NO PRIMEIRO HORÁRIO, POR FAVOR";"Em aberto";"16327968911";"0000000001891";"";"ELETRODO OK 46.00 2,50MM";"1,00";"149,9000";"KG";"0,0000";"2449"
"25268070078";"8541";"09/03/2026";"";"10945239129";"PORAO DAS TINTAS COMERCIAL LTDA. - EPP";"0,00";"PEDIDO REFERENTE A OBRA JANDAIA - 2449

PAGAMENTO PRIMEIRO HORÁRIO, POR FAVOR";"Em aberto";"12533785046";"0000000000291";"";"THINNER 5L";"1,00";"79,0000";"GL";"0,0000";"2449"
"25268070078";"8541";"09/03/2026";"";"10945239129";"PORAO DAS TINTAS COMERCIAL LTDA. - EPP";"0,00";"PEDIDO REFERENTE A OBRA JANDAIA - 2449

PAGAMENTO PRIMEIRO HORÁRIO, POR FAVOR";"Em aberto";"0";"";"";"TINTA VERDE";"1,00";"139,0000";"GL";"0,0000";"2449"
"25275729613";"8542";"10/03/2026";"";"16274141710";"CASA MIMOSA HIDRAULICA E ACABAMENTOS LTDA";"0,00";"PEDIDO REFERENTE A INICIO DE OBRA NA UNIVERSAL - 3313

MATERIAL FATURADO PARA IGREJA UNIVERSAL

MATERIAL QUE O FORNECEDOR ERROU A QUANTIDADE NA NF.";"Em aberto";"16100210341";"0000000001004";"";"CAIXA SIFONADA S/ GRELHA PVC BRANCO 150X185X75";"3,00";"26,2900";"PC";"0,0000";"3313"
"25276629538";"8543";"10/03/2026";"";"9302653589";"ERALDO GALDINO LOCACOES DE EQUIPAMENTOS";"0,00";"PEDIDO REFERENTE A QUITAÇÃO DA DIVIDA PARA LOCAÇÃO DE EQQUIPAMENTOS NA ERV LOCAÇÕES

DIVIDA REFERENTE A ALUGUEL EM 2020 QUE ALEGARAM QUE NÃO FOI PAGO
FOMOS INSTRUIDOS A PAGAR VIA PIX E SERÁ RETIRADO DO SERASA POR ELE MESMO.
";"Em aberto";"0";"";"";"DIVIDA";"1,00";"960,0000";"";"0,0000";""
"25279562443";"8544";"10/03/2026";"";"9209937787";"ACEPIL COMERCIAL E IMPORTADORA LTDA.";"0,00";"PEDIDO REFERENTE A OBRA TGI FRIDAYS - 3135";"Em aberto";"16614572852";"0000000004682";"";"VÁLVULA SOLENÓIDE DE BLOQUEIO 1"" NORMALMENTE FECHADA - PRESSÃO ""0"", FAB. DANFOSS MOD. EVB220 15-50";"2,00";"1.642,1100";"PC";"0,0000";"3135"
"25280715270";"8546";"10/03/2026";"";"10945239129";"PORAO DAS TINTAS COMERCIAL LTDA. - EPP";"0,00";"PEDIDO REFERENTE A OBRA TGI FRIDAYS - 3135

PAGAMENTO URGENTE NO PRIMEIRO HORÁRIO";"Em aberto";"16514440070";"0000000004212";"";"1/4 TINTA ESMALTE AMARELA A BASE DE AGUA";"2,00";"45,0000";"LT";"0,0000";"3135"
"25286474493";"8547";"11/03/2026";"";"17852443821";"MEGA PEAD TUBOS E CONEXOES LTDA";"0,00";"PEDIDO REFERENTE AO ULTIMO MES DE ALUGUEL DA MAQUINA DE ELETROFUSÃO PARA JANDAIA - 2449";"Em aberto";"16573863767";"";"";"LOCAÇÃO DE MAQUINARIO";"1,00";"1.400,0000";"VB";"0,0000";"2449"
"25290341294";"8548";"11/03/2026";"";"15749114715";"ACEVILLE TRANSPORTES LTDA";"0,00";"PEDIDO REFERENTE A TRANSPORTADORA PARA ATENDER PEDIDO DE VENDA - 1454";"Em aberto";"9640855418";"";"";"FRETE";"1,00";"131,8000";"VB";"0,0000";"P1454"
"25290738425";"8549";"11/03/2026";"";"15790702089";"RATAO TUBOS E ACOS LTDA";"0,00";"PEDIDO REFERENTE A OBRA JANDAIA - 2449";"Em aberto";"0";"";"";"VIGA U 4"" X 6000MM";"1,00";"489,0000";"UN";"0,0000";"2449"
"25291161414";"8550";"11/03/2026";"";"9406825547";"CASA FARIA MATERIAIS HIDRAULICOS LTDA";"0,00";"PEDIDO REFERENTE PARA ENTREGA NA OBRA HPBIO REFERENTE A VENDA - 1461

VAI SER PAGO APENAS R$540,30 DO PEDIDO, DEVIDO AO CREDITO DE R$1.254,40 QUE TINHAMOS.";"Em aberto";"9706095384";"0000000003972";"";"TUBO PVC BRANCO 75MM";"90,00";"0,0100";"MT";"0,0000";"P1461"
"25291161414";"8550";"11/03/2026";"";"9406825547";"CASA FARIA MATERIAIS HIDRAULICOS LTDA";"0,00";"PEDIDO REFERENTE PARA ENTREGA NA OBRA HPBIO REFERENTE A VENDA - 1461

VAI SER PAGO APENAS R$540,30 DO PEDIDO, DEVIDO AO CREDITO DE R$1.254,40 QUE TINHAMOS.";"Em aberto";"16100231932";"0000000001007";"AM.CE.JO45.03";"COTOVELO PVC BRANCO 75MM X 45º";"10,00";"0,0100";"PC";"0,0000";"P1461"
"25291161414";"8550";"11/03/2026";"";"9406825547";"CASA FARIA MATERIAIS HIDRAULICOS LTDA";"0,00";"PEDIDO REFERENTE PARA ENTREGA NA OBRA HPBIO REFERENTE A VENDA - 1461

VAI SER PAGO APENAS R$540,30 DO PEDIDO, DEVIDO AO CREDITO DE R$1.254,40 QUE TINHAMOS.";"Em aberto";"16100231380";"0000000001006";"";"COTOVELO PVC BRANCO 75MM X 90º";"10,00";"0,0100";"PC";"0,0000";"P1461"
"25291161414";"8550";"11/03/2026";"";"9406825547";"CASA FARIA MATERIAIS HIDRAULICOS LTDA";"0,00";"PEDIDO REFERENTE PARA ENTREGA NA OBRA HPBIO REFERENTE A VENDA - 1461

VAI SER PAGO APENAS R$540,30 DO PEDIDO, DEVIDO AO CREDITO DE R$1.254,40 QUE TINHAMOS.";"Em aberto";"16100229644";"0000000001005";"AM.CE.LU.03";"LUVA PVC BRANCO 75MM";"20,00";"0,0100";"PC";"0,0000";"P1461"
"25291161414";"8550";"11/03/2026";"";"9406825547";"CASA FARIA MATERIAIS HIDRAULICOS LTDA";"0,00";"PEDIDO REFERENTE PARA ENTREGA NA OBRA HPBIO REFERENTE A VENDA - 1461

VAI SER PAGO APENAS R$540,30 DO PEDIDO, DEVIDO AO CREDITO DE R$1.254,40 QUE TINHAMOS.";"Em aberto";"0";"";"";"PAGAMENTO";"1,00";"539,0000";"";"0,0000";"P1461"
"25296818875";"8551";"12/03/2026";"";"18011652427";"COROA DE FLORES NOBRE LTDA";"0,00";"PEDIDO SOLICITADO PARA COMPRA DE COROA DE FLORES TRADICIONAL
";"Em aberto";"16277772817";"";"";"BRINDE";"1,00";"390,0000";"un";"0,0000";""
"25297177552";"8552";"12/03/2026";"";"17852462354";"Z1 DESPACHANTE LTDA";"0,00";"PEDIDO REFERENTE AO PAGAMENTO DE DÉBITO DO VEICULO";"Em aberto";"16365607877";"";"";"DOCUMENTAÇÃO";"1,00";"2.022,5700";"UN";"0,0000";""
"25297674129";"8553";"12/03/2026";"";"17817241141";"JUND-LOC LOCAÇÕES DE CONTAINER LTDA";"0,00";"CONTAINER SOLICITADO PARA ATENDER NECESSIDADES NA OBRA JANDAIA - 2449 - (RENOVAÇÃO)

OBS - EM NOME DA BIGPAR";"Em aberto";"16426059240";"";"";"MATERIAL DE CONSUMO";"1,00";"360,0000";"";"0,0000";"2449"
"25297690839";"8554";"12/03/2026";"";"17817241141";"JUND-LOC LOCAÇÕES DE CONTAINER LTDA";"0,00";"CONTAINER SOLICITADO PARA ATENDER NECESSIDADES NA OBRA JANDAIA - 2449 - (RENOVAÇÃO)

OBS - EM NOME DA BIGPAR";"Em aberto";"16426059240";"";"";"MATERIAL DE CONSUMO";"1,00";"550,0000";"";"0,0000";"2449"
"25297988194";"8555";"12/03/2026";"";"18011893792";"CASA DA BOIA COM E IND DE METAIS LTDA";"0,00";"MATERIAL SOLICITADO PARA ATENDER A OBRA TGI - 3135";"Em aberto";"13058735845";"0000000000318";"";"HIDROMETRO - 3/4""";"1,00";"434,5200";"PC";"0,0000";"3135"
"25298810364";"8556";"12/03/2026";"";"17914715594";"WESLEY LIMA DA SILVA";"0,00";"PEDIDO REFERENTE A EMPREITA NA OBRA UNIVERSAL - 3313

ULTIMO PAGAMENTO COM PREVISÃO PARA 10/04/2026 - REALIZAR O PAGAMENTO AO FINALIZAR A MÃO DE OBRA";"Em aberto";"16357119601";"";"";"EMPREITA";"1,00";"30.000,0000";"";"0,0000";"3313"
"25304136936";"8557";"13/03/2026";"";"15525702206";"COMERCIAL RIMAR LTDA";"0,00";"PEDIDO RETIRADO EM NOME DA SAENG POREM A RESPONSÁVEL PELO PAGAMENTO SERÁ A CMHF

INSTRUÇÃO DE PAGAMENTO: PAGAR 3 DIAS ANTES DO VENCIMENTO DO BOLETO";"Em aberto";"16101757258";"0000000001033";"";"VALV BORBOLETA GROOVED UL/FM C/ CX - 4""";"1,00";"657,4900";"PC";"0,0000";"2449 - VENDA"
"25304136936";"8557";"13/03/2026";"";"15525702206";"COMERCIAL RIMAR LTDA";"0,00";"PEDIDO RETIRADO EM NOME DA SAENG POREM A RESPONSÁVEL PELO PAGAMENTO SERÁ A CMHF

INSTRUÇÃO DE PAGAMENTO: PAGAR 3 DIAS ANTES DO VENCIMENTO DO BOLETO";"Em aberto";"16101755362";"0000000001032";"";"VALV BORBOLETA GROOVED UL/FM C/ CX - 6""";"1,00";"856,7300";"PC";"0,0000";"2449 - VENDA"
"25304136936";"8557";"13/03/2026";"";"15525702206";"COMERCIAL RIMAR LTDA";"0,00";"PEDIDO RETIRADO EM NOME DA SAENG POREM A RESPONSÁVEL PELO PAGAMENTO SERÁ A CMHF

INSTRUÇÃO DE PAGAMENTO: PAGAR 3 DIAS ANTES DO VENCIMENTO DO BOLETO";"Em aberto";"16438743014";"0000000002974";"";"PLUG AÇO CARBONO PRETO BSP 1""";"220,00";"5,4800";"PC";"0,0000";"2449 - VENDA"
"25304136936";"8557";"13/03/2026";"";"15525702206";"COMERCIAL RIMAR LTDA";"0,00";"PEDIDO RETIRADO EM NOME DA SAENG POREM A RESPONSÁVEL PELO PAGAMENTO SERÁ A CMHF

INSTRUÇÃO DE PAGAMENTO: PAGAR 3 DIAS ANTES DO VENCIMENTO DO BOLETO";"Em aberto";"16490650839";"0000000003321";"127EE";"TE ACO CARBONO PRETO BSP 1""";"50,00";"17,1000";"PC";"0,0000";"2449 - VENDA"
"25304136936";"8557";"13/03/2026";"";"15525702206";"COMERCIAL RIMAR LTDA";"0,00";"PEDIDO RETIRADO EM NOME DA SAENG POREM A RESPONSÁVEL PELO PAGAMENTO SERÁ A CMHF

INSTRUÇÃO DE PAGAMENTO: PAGAR 3 DIAS ANTES DO VENCIMENTO DO BOLETO";"Em aberto";"16233307244";"0000000001323";"";"COTOVELO RANHURADO 2"" X 45º";"20,00";"17,7100";"PC";"0,0000";"2449 - VENDA"
"25304136936";"8557";"13/03/2026";"";"15525702206";"COMERCIAL RIMAR LTDA";"0,00";"PEDIDO RETIRADO EM NOME DA SAENG POREM A RESPONSÁVEL PELO PAGAMENTO SERÁ A CMHF

INSTRUÇÃO DE PAGAMENTO: PAGAR 3 DIAS ANTES DO VENCIMENTO DO BOLETO";"Em aberto";"16158257396";"";"";"IMPOSTOS";"1,00";"0,0000";"um";"0,0000";"2449 - VENDA"
"25308506847";"8558";"13/03/2026";"";"16612278278";"MARKETING DIGITAL CMHF";"0,00";"PEDIDO REALIZADO PARA ATENDER O MARKETING DA CMHF";"Em aberto";"15995664043";"";"";"Marketing digital GOOGLE ADS";"1,00";"1.800,0000";"";"0,0000";""
"25308893678";"8559";"13/03/2026";"";"9166946681";"ORLANE SILVA ROCHA";"0,00";"PEDIDO REFERENTE A GRAVAÇÃO DO PABX - PAGAMENTO É PRA SER REALIZADO 7 DIAS APÓS EXECUÇÃO DO SERVIÇO.";"Em aberto";"16277884578";"";"";"MATERIAIS PARA ESCRITORIO";"1,00";"180,0000";"UN";"0,0000";""
"25327045792";"8560";"16/03/2026";"";"18014562779";"T B LOPES PRODUTOR";"0,00";"PEDIDO REFERENTE A GRAVAÇÃO DO PABX";"Em aberto";"16277884578";"";"";"MATERIAIS PARA ESCRITORIO";"1,00";"199,0000";"UN";"0,0000";""
"25327144409";"8561";"16/03/2026";"";"9196179052";"S GLOBAL ASSESSORIA";"0,00";"PEDIDO REFERENTE A ELABORAÇÃO DE DOCUMENTOS PARA CESAR (EQUIPE WESLEY)";"Em aberto";"16365607877";"";"";"DOCUMENTAÇÃO";"1,00";"1.475,0000";"UN";"0,0000";"3313"
"25327214313";"8562";"16/03/2026";"";"17251990169";"CENTRAL DOCUMENTOS SERVIÇOS";"0,00";"PEDIDO REFERENTE A ELABORAÇÃO DE NR35 PARA CESAR (EQUIPE WESLEY)

INSTRUÇÃO DE PAGAMENTO PARA DIA 20/02/2026 PASSADA PESSOALMENTE PELO RH";"Em aberto";"16365607877";"";"";"DOCUMENTAÇÃO";"1,00";"495,0000";"UN";"0,0000";"3313"
"25327423704";"8563";"16/03/2026";"";"14438411976";"ACESOLDA MATERIAIS DE SOLDA LTDA - EPP";"0,00";"PEDIDO REFERENTE A COMPRA REALIZADA PELO MÁRCIO NA ACESOLDA NO SABADO - 14/03/2026
O MESMO INFORMOU QUE A PRIMEIRA PARCELA FOI PAGA POR ELE, QUE FOI SOLICITADO O REEMBOLSO, E OS RESTANTES DAS PARCELAS, A CMHF SERÁ RESPONSÁVEL, CONFORME O PRINT ABAIXO";"Em aberto";"0";"";"";"SOQUETE 1/2 - 12 PCS - COM CABO";"1,00";"144,7000";"UN";"0,0000";"3341"
"25327423704";"8563";"16/03/2026";"";"14438411976";"ACESOLDA MATERIAIS DE SOLDA LTDA - EPP";"0,00";"PEDIDO REFERENTE A COMPRA REALIZADA PELO MÁRCIO NA ACESOLDA NO SABADO - 14/03/2026
O MESMO INFORMOU QUE A PRIMEIRA PARCELA FOI PAGA POR ELE, QUE FOI SOLICITADO O REEMBOLSO, E OS RESTANTES DAS PARCELAS, A CMHF SERÁ RESPONSÁVEL, CONFORME O PRINT ABAIXO";"Em aberto";"0";"";"";"CHAVE DE FENDA";"1,00";"53,0000";"UN";"0,0000";"3341"
"25327423704";"8563";"16/03/2026";"";"14438411976";"ACESOLDA MATERIAIS DE SOLDA LTDA - EPP";"0,00";"PEDIDO REFERENTE A COMPRA REALIZADA PELO MÁRCIO NA ACESOLDA NO SABADO - 14/03/2026
O MESMO INFORMOU QUE A PRIMEIRA PARCELA FOI PAGA POR ELE, QUE FOI SOLICITADO O REEMBOLSO, E OS RESTANTES DAS PARCELAS, A CMHF SERÁ RESPONSÁVEL, CONFORME O PRINT ABAIXO";"Em aberto";"0";"";"";"CHAVE ESTRELA";"1,00";"26,0000";"UN";"0,0000";"3341"
"25327423704";"8563";"16/03/2026";"";"14438411976";"ACESOLDA MATERIAIS DE SOLDA LTDA - EPP";"0,00";"PEDIDO REFERENTE A COMPRA REALIZADA PELO MÁRCIO NA ACESOLDA NO SABADO - 14/03/2026
O MESMO INFORMOU QUE A PRIMEIRA PARCELA FOI PAGA POR ELE, QUE FOI SOLICITADO O REEMBOLSO, E OS RESTANTES DAS PARCELAS, A CMHF SERÁ RESPONSÁVEL, CONFORME O PRINT ABAIXO";"Em aberto";"0";"";"";"CHAVE COMBINADA";"1,00";"17,5000";"UN";"0,0000";"3341"
"25327423704";"8563";"16/03/2026";"";"14438411976";"ACESOLDA MATERIAIS DE SOLDA LTDA - EPP";"0,00";"PEDIDO REFERENTE A COMPRA REALIZADA PELO MÁRCIO NA ACESOLDA NO SABADO - 14/03/2026
O MESMO INFORMOU QUE A PRIMEIRA PARCELA FOI PAGA POR ELE, QUE FOI SOLICITADO O REEMBOLSO, E OS RESTANTES DAS PARCELAS, A CMHF SERÁ RESPONSÁVEL, CONFORME O PRINT ABAIXO";"Em aberto";"15218312207";"0000000004545";"484";"REFIL P/ MACARICO";"1,00";"60,0000";"PC";"0,0000";"3341"
"25327423704";"8563";"16/03/2026";"";"14438411976";"ACESOLDA MATERIAIS DE SOLDA LTDA - EPP";"0,00";"PEDIDO REFERENTE A COMPRA REALIZADA PELO MÁRCIO NA ACESOLDA NO SABADO - 14/03/2026
O MESMO INFORMOU QUE A PRIMEIRA PARCELA FOI PAGA POR ELE, QUE FOI SOLICITADO O REEMBOLSO, E OS RESTANTES DAS PARCELAS, A CMHF SERÁ RESPONSÁVEL, CONFORME O PRINT ABAIXO";"Em aberto";"0";"";"";"TRENA";"1,00";"130,0000";"PC";"0,0000";"3341"
"25327423704";"8563";"16/03/2026";"";"14438411976";"ACESOLDA MATERIAIS DE SOLDA LTDA - EPP";"0,00";"PEDIDO REFERENTE A COMPRA REALIZADA PELO MÁRCIO NA ACESOLDA NO SABADO - 14/03/2026
O MESMO INFORMOU QUE A PRIMEIRA PARCELA FOI PAGA POR ELE, QUE FOI SOLICITADO O REEMBOLSO, E OS RESTANTES DAS PARCELAS, A CMHF SERÁ RESPONSÁVEL, CONFORME O PRINT ABAIXO";"Em aberto";"0";"";"";"CHAVE AJSUTAVEL";"1,00";"62,0000";"PC";"0,0000";"3341"
"25327423704";"8563";"16/03/2026";"";"14438411976";"ACESOLDA MATERIAIS DE SOLDA LTDA - EPP";"0,00";"PEDIDO REFERENTE A COMPRA REALIZADA PELO MÁRCIO NA ACESOLDA NO SABADO - 14/03/2026
O MESMO INFORMOU QUE A PRIMEIRA PARCELA FOI PAGA POR ELE, QUE FOI SOLICITADO O REEMBOLSO, E OS RESTANTES DAS PARCELAS, A CMHF SERÁ RESPONSÁVEL, CONFORME O PRINT ABAIXO";"Em aberto";"16328786048";"0000000001917";"";"FITA ISOLANTE IMPERIAL SLIM 18MM 20MT";"1,00";"39,0000";"PC";"0,0000";"3341"
"25327423704";"8563";"16/03/2026";"";"14438411976";"ACESOLDA MATERIAIS DE SOLDA LTDA - EPP";"0,00";"PEDIDO REFERENTE A COMPRA REALIZADA PELO MÁRCIO NA ACESOLDA NO SABADO - 14/03/2026
O MESMO INFORMOU QUE A PRIMEIRA PARCELA FOI PAGA POR ELE, QUE FOI SOLICITADO O REEMBOLSO, E OS RESTANTES DAS PARCELAS, A CMHF SERÁ RESPONSÁVEL, CONFORME O PRINT ABAIXO";"Em aberto";"16384019090";"0000000002250";"";"ALICATE UNIVERSAL 5""";"1,00";"84,0000";"PÇ";"0,0000";"3341"
"25327423704";"8563";"16/03/2026";"";"14438411976";"ACESOLDA MATERIAIS DE SOLDA LTDA - EPP";"0,00";"PEDIDO REFERENTE A COMPRA REALIZADA PELO MÁRCIO NA ACESOLDA NO SABADO - 14/03/2026
O MESMO INFORMOU QUE A PRIMEIRA PARCELA FOI PAGA POR ELE, QUE FOI SOLICITADO O REEMBOLSO, E OS RESTANTES DAS PARCELAS, A CMHF SERÁ RESPONSÁVEL, CONFORME O PRINT ABAIXO";"Em aberto";"16317546881";"0000000001728";"2456";"LAMINA DE SERRA";"4,00";"14,2000";"PC";"0,0000";"3341"
"25327423704";"8563";"16/03/2026";"";"14438411976";"ACESOLDA MATERIAIS DE SOLDA LTDA - EPP";"0,00";"PEDIDO REFERENTE A COMPRA REALIZADA PELO MÁRCIO NA ACESOLDA NO SABADO - 14/03/2026
O MESMO INFORMOU QUE A PRIMEIRA PARCELA FOI PAGA POR ELE, QUE FOI SOLICITADO O REEMBOLSO, E OS RESTANTES DAS PARCELAS, A CMHF SERÁ RESPONSÁVEL, CONFORME O PRINT ABAIXO";"Em aberto";"13606846581";"0000000000350";"";"BICO PARA MAÇARICO";"1,00";"295,0000";"PC";"0,0000";"3341"
"25327423704";"8563";"16/03/2026";"";"14438411976";"ACESOLDA MATERIAIS DE SOLDA LTDA - EPP";"0,00";"PEDIDO REFERENTE A COMPRA REALIZADA PELO MÁRCIO NA ACESOLDA NO SABADO - 14/03/2026
O MESMO INFORMOU QUE A PRIMEIRA PARCELA FOI PAGA POR ELE, QUE FOI SOLICITADO O REEMBOLSO, E OS RESTANTES DAS PARCELAS, A CMHF SERÁ RESPONSÁVEL, CONFORME O PRINT ABAIXO";"Em aberto";"9113474891";"0000000003688";"";"ALICATE DE BOMBA D´AGUA";"1,00";"61,0000";"UN";"0,0000";"3341"
"25327423704";"8563";"16/03/2026";"";"14438411976";"ACESOLDA MATERIAIS DE SOLDA LTDA - EPP";"0,00";"PEDIDO REFERENTE A COMPRA REALIZADA PELO MÁRCIO NA ACESOLDA NO SABADO - 14/03/2026
O MESMO INFORMOU QUE A PRIMEIRA PARCELA FOI PAGA POR ELE, QUE FOI SOLICITADO O REEMBOLSO, E OS RESTANTES DAS PARCELAS, A CMHF SERÁ RESPONSÁVEL, CONFORME O PRINT ABAIXO";"Em aberto";"0";"";"";"SACA FILTRO CORRENTE";"1,00";"89,0000";"PC";"0,0000";"3341"
"25327423704";"8563";"16/03/2026";"";"14438411976";"ACESOLDA MATERIAIS DE SOLDA LTDA - EPP";"0,00";"PEDIDO REFERENTE A COMPRA REALIZADA PELO MÁRCIO NA ACESOLDA NO SABADO - 14/03/2026
O MESMO INFORMOU QUE A PRIMEIRA PARCELA FOI PAGA POR ELE, QUE FOI SOLICITADO O REEMBOLSO, E OS RESTANTES DAS PARCELAS, A CMHF SERÁ RESPONSÁVEL, CONFORME O PRINT ABAIXO";"Em aberto";"15848819020";"0000000000483";"";"GRIFO 18";"1,00";"80,0000";"PC";"0,0000";"3341"
"25327423704";"8563";"16/03/2026";"";"14438411976";"ACESOLDA MATERIAIS DE SOLDA LTDA - EPP";"0,00";"PEDIDO REFERENTE A COMPRA REALIZADA PELO MÁRCIO NA ACESOLDA NO SABADO - 14/03/2026
O MESMO INFORMOU QUE A PRIMEIRA PARCELA FOI PAGA POR ELE, QUE FOI SOLICITADO O REEMBOLSO, E OS RESTANTES DAS PARCELAS, A CMHF SERÁ RESPONSÁVEL, CONFORME O PRINT ABAIXO";"Em aberto";"0";"";"";"MALETA EM LONA";"1,00";"172,0000";"PC";"0,0000";"3341"
"25327423704";"8563";"16/03/2026";"";"14438411976";"ACESOLDA MATERIAIS DE SOLDA LTDA - EPP";"0,00";"PEDIDO REFERENTE A COMPRA REALIZADA PELO MÁRCIO NA ACESOLDA NO SABADO - 14/03/2026
O MESMO INFORMOU QUE A PRIMEIRA PARCELA FOI PAGA POR ELE, QUE FOI SOLICITADO O REEMBOLSO, E OS RESTANTES DAS PARCELAS, A CMHF SERÁ RESPONSÁVEL, CONFORME O PRINT ABAIXO";"Em aberto";"16463431163";"0000000003190";"";"ÓCULOS SOBREPOR";"1,00";"10,0000";"PC";"0,0000";"3341"
"25330732519";"8564";"16/03/2026";"";"17914715594";"WESLEY LIMA DA SILVA";"0,00";"PEDIDO REALIZADO REFERENTE A EMPREITA REALIZADA NA OBRA TETRA PAK - 3341";"Em aberto";"16357119601";"";"";"EMPREITA";"1,00";"20.000,0000";"";"0,0000";"3341"
"25331037141";"8565";"16/03/2026";"";"9406825547";"CASA FARIA MATERIAIS HIDRAULICOS LTDA";"0,00";"PEDIDO REFERENTE A VENDA 1461 - PARA HPBIO";"Em aberto";"9706677933";"0000000003978";"";"TUBO PVC BRANCO 200MM";"10,00";"388,7900";"BR";"0,0000";"P1461"
"25331037141";"8565";"16/03/2026";"";"9406825547";"CASA FARIA MATERIAIS HIDRAULICOS LTDA";"0,00";"PEDIDO REFERENTE A VENDA 1461 - PARA HPBIO";"Em aberto";"16611310419";"0000000004673";"";"COTOVELO PVC BRANCO 200MM X 45º";"6,00";"58,9200";"PC";"0,0000";"P1461"
"25331037141";"8565";"16/03/2026";"";"9406825547";"CASA FARIA MATERIAIS HIDRAULICOS LTDA";"0,00";"PEDIDO REFERENTE A VENDA 1461 - PARA HPBIO";"Em aberto";"9706765710";"0000000003983";"";"LUVA PVC BRANCO 200MM";"9,00";"31,6300";"PC";"0,0000";"P1461"
"25331037141";"8565";"16/03/2026";"";"9406825547";"CASA FARIA MATERIAIS HIDRAULICOS LTDA";"0,00";"PEDIDO REFERENTE A VENDA 1461 - PARA HPBIO";"Em aberto";"16611392303";"0000000004674";"";"ANEL DE BORRACHA 200MM";"30,00";"6,0800";"PC";"0,0000";"P1461"
"25331037141";"8565";"16/03/2026";"";"9406825547";"CASA FARIA MATERIAIS HIDRAULICOS LTDA";"0,00";"PEDIDO REFERENTE A VENDA 1461 - PARA HPBIO";"Em aberto";"0";"";"";"TUBO PEAD KANADREN SW PRETO 4";"50,00";"9,6400";"MT";"0,0000";"P1461"
"25331037141";"8565";"16/03/2026";"";"9406825547";"CASA FARIA MATERIAIS HIDRAULICOS LTDA";"0,00";"PEDIDO REFERENTE A VENDA 1461 - PARA HPBIO";"Em aberto";"16611393232";"0000000004679";"";"MANTA BIDIN MACTEX H 26,2 (2,30X1,00)";"50,00";"13,6200";"MT";"0,0000";"P1461"
"25331037141";"8565";"16/03/2026";"";"9406825547";"CASA FARIA MATERIAIS HIDRAULICOS LTDA";"0,00";"PEDIDO REFERENTE A VENDA 1461 - PARA HPBIO";"Em aberto";"16100245996";"0000000001012";"";"BUCHA REDUCAO PVC BRANCO 100 X 75MM";"5,00";"6,7600";"PC";"0,0000";"P1461"
"25331037141";"8565";"16/03/2026";"";"9406825547";"CASA FARIA MATERIAIS HIDRAULICOS LTDA";"0,00";"PEDIDO REFERENTE A VENDA 1461 - PARA HPBIO";"Em aberto";"16100231380";"0000000001006";"";"COTOVELO PVC BRANCO 75MM X 90º";"10,00";"4,0300";"PC";"0,0000";"P1461"
"25331037141";"8565";"16/03/2026";"";"9406825547";"CASA FARIA MATERIAIS HIDRAULICOS LTDA";"0,00";"PEDIDO REFERENTE A VENDA 1461 - PARA HPBIO";"Em aberto";"10293316290";"0000000000178";"";"JUNCAO PVC BRANCO 50MM";"3,00";"6,0900";"PC";"0,0000";"P1461"
"25331037141";"8565";"16/03/2026";"";"9406825547";"CASA FARIA MATERIAIS HIDRAULICOS LTDA";"0,00";"PEDIDO REFERENTE A VENDA 1461 - PARA HPBIO";"Em aberto";"16449192842";"0000000003080";"AM.CX.CP01";"CAIXA SIFONADA PVC BRANCO 100X100X50";"3,00";"13,3800";"PC";"0,0000";"P1461"
"25331176663";"8566";"16/03/2026";"";"18020592293";"ARGOS COMERCIO VAREJISTA DE UTILIDADES DOMESTICAS LTDA";"0,00";"PEDIDO REFERENTE A CAIXAS ORGANIZADORAS PARA ESCRITÓRIO.";"Em aberto";"16277884578";"";"";"MATERIAIS PARA ESCRITORIO";"1,00";"127,9600";"UN";"0,0000";""
"25331394424";"8567";"16/03/2026";"";"9168691350";"CMHF COMERCIO E SERVICOS EIRELI";"0,00";"PEDIDO REFERENTE A COMPRA PARA CAFÉ TEMÁTICO

VALOR NA NF EXCLUINDO AS CAIXAS DE BOMBONS QUE ESTAO EM OUTRO PEDIDO";"Em aberto";"16357417713";"";"";"CONFRATERNIZAÇÃO";"1,00";"231,5400";"";"0,0000";""
"25331625087";"8568";"16/03/2026";"";"18020770447";"IPG RENTAL PROPERTY LTDA";"0,00";"PEDIDO REFERENTE A ALUGUEL PARA EMPREITEIROS PARA A OBRA TETRA PAK - 3341

REFERENTE A 30 DIAS.";"Em aberto";"11533957791";"";"";"ALUGUEL";"1,00";"2.800,0000";"VB";"0,0000";"3341"
"25336853120";"8569";"17/03/2026";"";"9406825547";"CASA FARIA MATERIAIS HIDRAULICOS LTDA";"0,00";"PEDIDO REFERENTE A MATERIAL COM URGENCIA NA OBRA HPBIO";"Em aberto";"16392614746";"0000000002262";"";"COTOVELO PVC PPR 32MM X 90°";"3,00";"3,5900";"PC";"0,0000";"3135"
"25337411939";"8570";"17/03/2026";"";"16726307619";"Tecno Fluidos Sistemas de Conducao Ltda";"0,00";"PEDIDO REFERENTE A PEDIDO DE VENDA - 1475";"Em aberto";"0";"";"";"CAIXA SIFONADA DURATOP 110MM";"1,00";"94,3500";"PÇ";"0,0000";"1475"
"25337818589";"8571";"17/03/2026";"";"16294523222";"SIDEILTON PROSPERO DA ROCHA";"0,00";"PEDIDO REFERENTE A EMPREITA REALIZADA NA OBRA TETRA PAK - 3341";"Em aberto";"16357119601";"";"";"EMPREITA";"1,00";"45.000,0000";"";"0,0000";"3341"
"25349920218";"8572";"18/03/2026";"";"9406825547";"CASA FARIA MATERIAIS HIDRAULICOS LTDA";"0,00";"PEDIDO APROVADO VIA LIGAÇÃO PELO MARCIO";"Em aberto";"9763927236";"0000000004001";"";"ABRAÇADEIRA ECONOMICA 1""";"50,00";"0,9400";"PC";"0,0000";"3341"
"25349920218";"8572";"18/03/2026";"";"9406825547";"CASA FARIA MATERIAIS HIDRAULICOS LTDA";"0,00";"PEDIDO APROVADO VIA LIGAÇÃO PELO MARCIO";"Em aberto";"16372274707";"0000000002242";"";"CILINDRO DE GAS MAPP 400GR";"3,00";"40,9400";"";"0,0000";"3341"
"25349920218";"8572";"18/03/2026";"";"9406825547";"CASA FARIA MATERIAIS HIDRAULICOS LTDA";"0,00";"PEDIDO APROVADO VIA LIGAÇÃO PELO MARCIO";"Em aberto";"16317546881";"0000000001728";"";"LAMINA DE SERRA";"3,00";"13,8100";"PC";"0,0000";"3341"
"25350679740";"8573";"18/03/2026";"";"16614665233";"BRASLIMPO COMERCIAL LTDA";"0,00";"PEDIDO REALIZADO PARA COMPRA DE VASOURA, REMOVEDOR E DESODORANTE AEROSOL PARA OS PES";"Em aberto";"16426059240";"";"";"MATERIAL DE CONSUMO";"1,00";"63,2400";"";"0,0000";""
"25354310278";"8574";"19/03/2026";"";"17633212980";"Epi Interlagos Comercio de Produtos Ltda";"0,00";"PEDIDO REFERENTE A BOTA PARA NOVO COLABORADOR CLAUDIO";"Em aberto";"16417313040";"0000000002873";"EPI-010439";"BOTA NOBUCK BRACOL";"1,00";"129,9900";"PC";"0,0000";""
"25354430880";"8575";"19/03/2026";"";"9196179052";"S GLOBAL ASSESSORIA";"0,00";"PEDIDO REFERENTE A ASO PARA CESAR AUGUSTO - ESQUIPE WESLEY - UNIVERSAL MAUA - 3313";"Em aberto";"16365590662";"";"";"EXAMES";"1,00";"363,8000";"";"0,0000";"3313"
"25354467592";"8576";"19/03/2026";"";"9196179052";"S GLOBAL ASSESSORIA";"0,00";"PEDIDO REFERENTE A PCMSO, PGR, Ordem de Serviço, NRs (6, 12, 18) – Demetrios de Sousa Cavalcante – Equipe Wesley";"Em aberto";"16365590662";"";"";"EXAMES";"1,00";"1.475,0000";"";"0,0000";"3313"
"25354514243";"8577";"19/03/2026";"";"17251990169";"CENTRAL DOCUMENTOS SERVIÇOS";"0,00";"PEDIDO REFERENTE A NR35 - DEMETRIUS - UNIVERSAL - 3313

INSTRUÇÃO DE PAGAMENTO PARA DIA 20/02/2026 PASSADA PESSOALMENTE PELO RH";"Em aberto";"16352003343";"";"";"NR'S";"1,00";"495,0000";"";"0,0000";"3313"
"25354654323";"8578";"19/03/2026";"";"17646768420";"MAGAZINE LUIZA";"0,00";"PEDIDO REFERENTE A COMPRA DO NOTEBOOK ";"Em aberto";"16351987419";"0000000002391";"";"MATERIAL DE ESCRITÓRIO";"1,00";"3.509,1000";"";"0,0000";""
"25356108152";"8579";"19/03/2026";"";"15525702206";"COMERCIAL RIMAR LTDA";"0,00";"PEDIDO REFERENTE A CANOPLAS FALTANTES NO ESTOQUE PARA A OBRA JANDAIA - 2449";"Em aberto";"9198556425";"0000000003735";"CAN001";"CANOPLA PARA SPRINKLER";"30,00";"2,5000";"PC";"0,0000";"2449"
"25356321018";"8580";"19/03/2026";"";"10581598823";"LANA ASSISTENCIA TECNICA DE FERRAMENTAS EIRELI";"0,00";"PEDIDO REFERENTE A MANUTENÇÃO DO MARTELETE";"Em aberto";"10581616535";"";"";"MANUTENÇÃO DO MARTELETE";"1,00";"45,0000";"VB";"0,0000";""
"25358832236";"8581";"19/03/2026";"";"16093638798";"RODRIGO FERREIRA ALVES";"0,00";"PEDIDO REFERENTE A EMPREITA NA OBRA ARCO VERDE - 3306
Pix: rodrigoferreira.alves03@gmail.com";"Em aberto";"16357119601";"";"";"EMPREITA";"1,00";"5.000,0000";"";"0,0000";"3306"
"25358870427";"8582";"19/03/2026";"";"17832591256";"GURGELMIX MAQUINAS E FERRAMENTAS S.A.";"0,00";"PEDIDO REFERENTE A FERRAMENTAS PARA A OBRA HPBIO - 2789

ASSIM QUE FOR FAZER O PAGAMENTO, POR FAVOR, SOLICITAR O QR CODE.";"Em aberto";"16549937818";"0000000004508";"";"LIXADEIRA PEQUENA";"1,00";"299,9000";"UN";"0,0000";"2789"
"25358870427";"8582";"19/03/2026";"";"17832591256";"GURGELMIX MAQUINAS E FERRAMENTAS S.A.";"0,00";"PEDIDO REFERENTE A FERRAMENTAS PARA A OBRA HPBIO - 2789

ASSIM QUE FOR FAZER O PAGAMENTO, POR FAVOR, SOLICITAR O QR CODE.";"Em aberto";"0";"";"";"PARAFUSADEIRA";"1,00";"264,9000";"UN";"0,0000";"2789"
"25359090987";"8583";"19/03/2026";"";"15525702206";"COMERCIAL RIMAR LTDA";"0,00";"PEDIDO REFERENTE A MATERIAL PARA A OBRA TETRA PAK - 3341";"Em aberto";"16096878511";"0000000000974";"";"FITA VEDA ROSCA 18MM X 50MT";"10,00";"9,8200";"PC";"0,0000";"3341"
"25359090987";"8583";"19/03/2026";"";"15525702206";"COMERCIAL RIMAR LTDA";"0,00";"PEDIDO REFERENTE A MATERIAL PARA A OBRA TETRA PAK - 3341";"Em aberto";"16463327807";"0000000003186";"";"BUCHA REDUCAO AÇO CARBONO PRETO BSP 1"" X 1/2""";"108,00";"7,9700";"PC";"0,0000";"3341"
"25359090987";"8583";"19/03/2026";"";"15525702206";"COMERCIAL RIMAR LTDA";"0,00";"PEDIDO REFERENTE A MATERIAL PARA A OBRA TETRA PAK - 3341";"Em aberto";"16438743014";"0000000002974";"";"PLUG AÇO CARBONO PRETO BSP 1""";"30,00";"5,8400";"PC";"0,0000";"3341"
"25359090987";"8583";"19/03/2026";"";"15525702206";"COMERCIAL RIMAR LTDA";"0,00";"PEDIDO REFERENTE A MATERIAL PARA A OBRA TETRA PAK - 3341";"Em aberto";"16459404717";"0000000003171";"";"COTOVELO AÇO CARBONO PRETO BSP 1 1/4"" X 90º";"30,00";"24,5100";"PC";"0,0000";"3341"
"25359090987";"8583";"19/03/2026";"";"15525702206";"COMERCIAL RIMAR LTDA";"0,00";"PEDIDO REFERENTE A MATERIAL PARA A OBRA TETRA PAK - 3341";"Em aberto";"16451949966";"0000000003104";"";"TE AÇO CARBONO PRETO BSP 1 1/4"" X 1""";"6,00";"28,7100";"PÇ";"0,0000";"3341"
"25359090987";"8583";"19/03/2026";"";"15525702206";"COMERCIAL RIMAR LTDA";"0,00";"PEDIDO REFERENTE A MATERIAL PARA A OBRA TETRA PAK - 3341";"Em aberto";"16433390695";"0000000002934";"";"LUVA AÇO CARBONO PRETO BSP 1 1/4""";"2,00";"15,9500";"PC";"0,0000";"3341"
"25359090987";"8583";"19/03/2026";"";"15525702206";"COMERCIAL RIMAR LTDA";"0,00";"PEDIDO REFERENTE A MATERIAL PARA A OBRA TETRA PAK - 3341";"Em aberto";"16458788354";"0000000003166";"";"COTOVELO RANHURADO 2 1/2""(76MM) X 90°";"12,00";"25,5600";"PC";"0,0000";"3341"
"25359090987";"8583";"19/03/2026";"";"15525702206";"COMERCIAL RIMAR LTDA";"0,00";"PEDIDO REFERENTE A MATERIAL PARA A OBRA TETRA PAK - 3341";"Em aberto";"16085253638";"0000000000946";"";"COTOVELO RANHURADO 4"" X 90º";"3,00";"45,5900";"PC";"0,0000";"3341"
"25359090987";"8583";"19/03/2026";"";"15525702206";"COMERCIAL RIMAR LTDA";"0,00";"PEDIDO REFERENTE A MATERIAL PARA A OBRA TETRA PAK - 3341";"Em aberto";"16124470990";"0000000001088";"";"COTOVELO RANHURADO 4"" X 45º";"2,00";"41,3600";"PC";"0,0000";"3341"
"25359090987";"8583";"19/03/2026";"";"15525702206";"COMERCIAL RIMAR LTDA";"0,00";"PEDIDO REFERENTE A MATERIAL PARA A OBRA TETRA PAK - 3341";"Em aberto";"16054947472";"0000000000846";"";"ACOPLAMENTO FLEXIVEL 4"" (114MM)";"9,00";"28,1700";"PC";"0,0000";"3341"
"25359090987";"8583";"19/03/2026";"";"15525702206";"COMERCIAL RIMAR LTDA";"0,00";"PEDIDO REFERENTE A MATERIAL PARA A OBRA TETRA PAK - 3341";"Em aberto";"0";"";"";"ACOPLAMENTO FLEXIVEL 2 1/2""(76MM) X 2""";"1,00";"36,8000";"PC";"0,0000";"3341"
"25359090987";"8583";"19/03/2026";"";"15525702206";"COMERCIAL RIMAR LTDA";"0,00";"PEDIDO REFERENTE A MATERIAL PARA A OBRA TETRA PAK - 3341";"Em aberto";"16518567630";"0000000004299";"";"ACOPLAMENTO FLEXIVEL 2""";"1,00";"16,4400";"PC";"0,0000";"3341"
"25359090987";"8583";"19/03/2026";"";"15525702206";"COMERCIAL RIMAR LTDA";"0,00";"PEDIDO REFERENTE A MATERIAL PARA A OBRA TETRA PAK - 3341";"Em aberto";"16451909073";"0000000003103";"";"TUBO AÇO CARBONO PRETO 5580 1.1/4";"5,00";"134,2000";"BR";"0,0000";"3341"
"25359090987";"8583";"19/03/2026";"";"15525702206";"COMERCIAL RIMAR LTDA";"0,00";"PEDIDO REFERENTE A MATERIAL PARA A OBRA TETRA PAK - 3341";"Em aberto";"16502983062";"00000000004094";"XR00I";"ACOPLAMENTO FLEXIVEL 2.1/2"" (76MM)";"28,00";"18,2400";"PC";"0,0000";"3341"
"25359090987";"8583";"19/03/2026";"";"15525702206";"COMERCIAL RIMAR LTDA";"0,00";"PEDIDO REFERENTE A MATERIAL PARA A OBRA TETRA PAK - 3341";"Em aberto";"16158257396";"";"";"IMPOSTOS";"1,00";"43,6800";"um";"0,0000";"3341"
"25359623932";"8584";"19/03/2026";"";"13582998298";"POTENZA COMERCIO E INDUSTRIA LTDA";"0,00";"PEDIDO REFERENTE A ABASTECIMENTO NO ESTOQUE";"Em aberto";"16297144414";"0000000001529";"";"SPRINKLER VK154 DRY 12"" PEND K5.6 68C STD CROM 1"" UL/FM";"5,00";"611,7400";"PC";"0,0000";""
"25359623932";"8584";"19/03/2026";"";"13582998298";"POTENZA COMERCIO E INDUSTRIA LTDA";"0,00";"PEDIDO REFERENTE A ABASTECIMENTO NO ESTOQUE";"Em aberto";"16158257396";"";"";"IMPOSTOS";"1,00";"0,0300";"um";"0,0000";""
"25359755845";"8585";"19/03/2026";"";"16301861367";"PRESSING GRAFICA";"0,00";"PEDIDO REFERENTE A CATALOGOS CMHF";"Em aberto";"10945319717";"";"";"MATERIAIS DIVERSOS";"10,00";"16,0000";"PC";"0,0000";""
"25363362278";"8586";"20/03/2026";"";"14438411976";"ACESOLDA MATERIAIS DE SOLDA LTDA - EPP";"0,00";"PEDIDO REFERENTE A MATERIAIS PARA ATENDER HPBIO E TETRA PAK";"Em aberto";"16516683150";"0000000004232";"";"CADEADO COM CHAVE PADO MODELO LT-30";"1,00";"22,0000";"PC";"0,0000";"2789 e 3341"
"25363362278";"8586";"20/03/2026";"";"14438411976";"ACESOLDA MATERIAIS DE SOLDA LTDA - EPP";"0,00";"PEDIDO REFERENTE A MATERIAIS PARA ATENDER HPBIO E TETRA PAK";"Em aberto";"16410175600";"0000000002269";"";"CORRENTE";"1,00";"23,0000";"MT";"0,0000";"2789 e 3341"
"25363362278";"8586";"20/03/2026";"";"14438411976";"ACESOLDA MATERIAIS DE SOLDA LTDA - EPP";"0,00";"PEDIDO REFERENTE A MATERIAIS PARA ATENDER HPBIO E TETRA PAK";"Em aberto";"15888852351";"0000000000571";"";"LIXA FERRO Nº100";"10,00";"3,2000";"PC";"0,0000";"2789 e 3341"
"25363362278";"8586";"20/03/2026";"";"14438411976";"ACESOLDA MATERIAIS DE SOLDA LTDA - EPP";"0,00";"PEDIDO REFERENTE A MATERIAIS PARA ATENDER HPBIO E TETRA PAK";"Em aberto";"16317546881";"0000000001728";"2456";"LAMINA DE SERRA";"5,00";"14,2000";"PC";"0,0000";"2789 e 3341"
"25363699045";"8587";"20/03/2026";"";"17633212980";"Epi Interlagos Comercio de Produtos Ltda";"0,00";"PEDIDO REFERENTE A EPI SOLICITADO PARA A OBRA HPBIO - 2789";"Em aberto";"16576534627";"";"";"CINTO DE SEGURANÇA 2 TALABARTE";"1,00";"275,9900";"PC";"0,0000";"2789"
"25364148719";"8588";"20/03/2026";"";"16274141710";"CASA MIMOSA HIDRAULICA E ACABAMENTOS LTDA";"0,00";"PEDIDO REFERENTE A MATERIAL COMPLETO PARA A OBRA UNIVERSAL (REQ. 2)";"Em aberto";"13639994759";"0000000000354";"";"JUNCAO PVC BRANCO 100MM";"5,00";"13,0000";"PC";"0,0000";"3313"
"25364148719";"8588";"20/03/2026";"";"16274141710";"CASA MIMOSA HIDRAULICA E ACABAMENTOS LTDA";"0,00";"PEDIDO REFERENTE A MATERIAL COMPLETO PARA A OBRA UNIVERSAL (REQ. 2)";"Em aberto";"16100244122";"0000000001010";"";"JUNCAO PVC BRANCO 100 X 50MM";"12,00";"9,0800";"PC";"0,0000";"3313"
"25364148719";"8588";"20/03/2026";"";"16274141710";"CASA MIMOSA HIDRAULICA E ACABAMENTOS LTDA";"0,00";"PEDIDO REFERENTE A MATERIAL COMPLETO PARA A OBRA UNIVERSAL (REQ. 2)";"Em aberto";"16100243263";"0000000001009";"";"JUNCAO PVC BRANCO 100 X 75MM";"2,00";"12,8100";"PC";"0,0000";"3313"
"25364148719";"8588";"20/03/2026";"";"16274141710";"CASA MIMOSA HIDRAULICA E ACABAMENTOS LTDA";"0,00";"PEDIDO REFERENTE A MATERIAL COMPLETO PARA A OBRA UNIVERSAL (REQ. 2)";"Em aberto";"16100244833";"0000000001011";"19432";"JUNCAO PVC BRANCO 75MM";"3,00";"9,6000";"PC";"0,0000";"3313"
"25364148719";"8588";"20/03/2026";"";"16274141710";"CASA MIMOSA HIDRAULICA E ACABAMENTOS LTDA";"0,00";"PEDIDO REFERENTE A MATERIAL COMPLETO PARA A OBRA UNIVERSAL (REQ. 2)";"Em aberto";"15942598229";"0000000000695";"";"JUNCAO PVC BRANCO 40MM";"9,00";"2,7700";"PC";"0,0000";"3313"
"25364148719";"8588";"20/03/2026";"";"16274141710";"CASA MIMOSA HIDRAULICA E ACABAMENTOS LTDA";"0,00";"PEDIDO REFERENTE A MATERIAL COMPLETO PARA A OBRA UNIVERSAL (REQ. 2)";"Em aberto";"10293316290";"0000000000178";"";"JUNCAO PVC BRANCO 50MM";"3,00";"5,5000";"PC";"0,0000";"3313"
"25364148719";"8588";"20/03/2026";"";"16274141710";"CASA MIMOSA HIDRAULICA E ACABAMENTOS LTDA";"0,00";"PEDIDO REFERENTE A MATERIAL COMPLETO PARA A OBRA UNIVERSAL (REQ. 2)";"Em aberto";"10293298854";"0000000000176";"";"LUVA PVC BRANCO 100MM";"70,00";"3,7000";"PC";"0,0000";"3313"
"25364148719";"8588";"20/03/2026";"";"16274141710";"CASA MIMOSA HIDRAULICA E ACABAMENTOS LTDA";"0,00";"PEDIDO REFERENTE A MATERIAL COMPLETO PARA A OBRA UNIVERSAL (REQ. 2)";"Em aberto";"10293307586";"0000000000177";"";"LUVA PVC BRANCO 50MM";"70,00";"1,8500";"PC";"0,0000";"3313"
"25364148719";"8588";"20/03/2026";"";"16274141710";"CASA MIMOSA HIDRAULICA E ACABAMENTOS LTDA";"0,00";"PEDIDO REFERENTE A MATERIAL COMPLETO PARA A OBRA UNIVERSAL (REQ. 2)";"Em aberto";"16100229644";"0000000001005";"";"LUVA PVC BRANCO 75MM";"29,00";"3,5900";"PC";"0,0000";"3313"
"25364148719";"8588";"20/03/2026";"";"16274141710";"CASA MIMOSA HIDRAULICA E ACABAMENTOS LTDA";"0,00";"PEDIDO REFERENTE A MATERIAL COMPLETO PARA A OBRA UNIVERSAL (REQ. 2)";"Em aberto";"0";"";"";"TE PVC BRANCO 100 X 75MM";"2,00";"11,1300";"PC";"0,0000";"3313"
"25364148719";"8588";"20/03/2026";"";"16274141710";"CASA MIMOSA HIDRAULICA E ACABAMENTOS LTDA";"0,00";"PEDIDO REFERENTE A MATERIAL COMPLETO PARA A OBRA UNIVERSAL (REQ. 2)";"Em aberto";"16519410663";"0000000004311";"0029732";"TE PVC BRANCO 75MM";"3,00";"8,4900";"PC";"0,0000";"3313"
"25364148719";"8588";"20/03/2026";"";"16274141710";"CASA MIMOSA HIDRAULICA E ACABAMENTOS LTDA";"0,00";"PEDIDO REFERENTE A MATERIAL COMPLETO PARA A OBRA UNIVERSAL (REQ. 2)";"Em aberto";"0";"";"";"TE PVC BRANCO 75 X 50MM";"3,00";"8,1700";"PC";"0,0000";"3313"
"25364148719";"8588";"20/03/2026";"";"16274141710";"CASA MIMOSA HIDRAULICA E ACABAMENTOS LTDA";"0,00";"PEDIDO REFERENTE A MATERIAL COMPLETO PARA A OBRA UNIVERSAL (REQ. 2)";"Em aberto";"16074619576";"0000000000931";"";"COTOVELO PVC BRANCO 50MM X 90º";"60,00";"1,9800";"PC";"0,0000";"3313"
"25364148719";"8588";"20/03/2026";"";"16274141710";"CASA MIMOSA HIDRAULICA E ACABAMENTOS LTDA";"0,00";"PEDIDO REFERENTE A MATERIAL COMPLETO PARA A OBRA UNIVERSAL (REQ. 2)";"Em aberto";"16236967073";"0000000001340";"";"COTOVELO PVC BRANCO 40MM X 90º";"13,00";"1,2500";"PC";"0,0000";"3313"
"25364148719";"8588";"20/03/2026";"";"16274141710";"CASA MIMOSA HIDRAULICA E ACABAMENTOS LTDA";"0,00";"PEDIDO REFERENTE A MATERIAL COMPLETO PARA A OBRA UNIVERSAL (REQ. 2)";"Em aberto";"9784767702";"0000000004008";"19258";"COTOVELO PVC BRANCO 40MM X 90° COM ANEL LABIAL";"19,00";"3,5400";"PC";"0,0000";"3313"
"25364148719";"8588";"20/03/2026";"";"16274141710";"CASA MIMOSA HIDRAULICA E ACABAMENTOS LTDA";"0,00";"PEDIDO REFERENTE A MATERIAL COMPLETO PARA A OBRA UNIVERSAL (REQ. 2)";"Em aberto";"16095837203";"0000000000964";"";"COTOVELO PVC BRANCO 100MM X 90º";"3,00";"5,7900";"PC";"0,0000";"3313"
"25364148719";"8588";"20/03/2026";"";"16274141710";"CASA MIMOSA HIDRAULICA E ACABAMENTOS LTDA";"0,00";"PEDIDO REFERENTE A MATERIAL COMPLETO PARA A OBRA UNIVERSAL (REQ. 2)";"Em aberto";"16100231380";"0000000001006";"";"COTOVELO PVC BRANCO 75MM X 90º";"15,00";"3,6400";"PC";"0,0000";"3313"
"25364148719";"8588";"20/03/2026";"";"16274141710";"CASA MIMOSA HIDRAULICA E ACABAMENTOS LTDA";"0,00";"PEDIDO REFERENTE A MATERIAL COMPLETO PARA A OBRA UNIVERSAL (REQ. 2)";"Em aberto";"16074603445";"0000000000930";"";"COTOVELO PVC BRANCO 100MM X 45º";"25,00";"5,2200";"PC";"0,0000";"3313"
"25364148719";"8588";"20/03/2026";"";"16274141710";"CASA MIMOSA HIDRAULICA E ACABAMENTOS LTDA";"0,00";"PEDIDO REFERENTE A MATERIAL COMPLETO PARA A OBRA UNIVERSAL (REQ. 2)";"Em aberto";"9961848827";"0000000004076";"";"COTOVELO PVC BRANCO 40MM X 45°";"22,00";"1,2900";"PC";"0,0000";"3313"
"25364148719";"8588";"20/03/2026";"";"16274141710";"CASA MIMOSA HIDRAULICA E ACABAMENTOS LTDA";"0,00";"PEDIDO REFERENTE A MATERIAL COMPLETO PARA A OBRA UNIVERSAL (REQ. 2)";"Em aberto";"16100231932";"0000000001007";"";"COTOVELO PVC BRANCO 75MM X 45º";"6,00";"4,7800";"PC";"0,0000";"3313"
"25364148719";"8588";"20/03/2026";"";"16274141710";"CASA MIMOSA HIDRAULICA E ACABAMENTOS LTDA";"0,00";"PEDIDO REFERENTE A MATERIAL COMPLETO PARA A OBRA UNIVERSAL (REQ. 2)";"Em aberto";"16074600350";"0000000000929";"";"COTOVELO PVC BRANCO 50MM X 45º";"24,00";"2,0100";"PC";"0,0000";"3313"
"25364148719";"8588";"20/03/2026";"";"16274141710";"CASA MIMOSA HIDRAULICA E ACABAMENTOS LTDA";"0,00";"PEDIDO REFERENTE A MATERIAL COMPLETO PARA A OBRA UNIVERSAL (REQ. 2)";"Em aberto";"16449192842";"0000000003080";"20193";"CAIXA SIFONADA PVC BRANCO 100X100X50";"18,00";"12,3700";"PC";"0,0000";"3313"
"25364148719";"8588";"20/03/2026";"";"16274141710";"CASA MIMOSA HIDRAULICA E ACABAMENTOS LTDA";"0,00";"PEDIDO REFERENTE A MATERIAL COMPLETO PARA A OBRA UNIVERSAL (REQ. 2)";"Em aberto";"16100245996";"0000000001012";"19642";"BUCHA REDUCAO PVC BRANCO 100 X 75MM";"2,00";"6,1000";"PC";"0,0000";"3313"
"25364148719";"8588";"20/03/2026";"";"16274141710";"CASA MIMOSA HIDRAULICA E ACABAMENTOS LTDA";"0,00";"PEDIDO REFERENTE A MATERIAL COMPLETO PARA A OBRA UNIVERSAL (REQ. 2)";"Em aberto";"10293507735";"0000000000183";"";"BUCHA REDUCAO PVC BRANCO 75 X 50MM";"8,00";"4,3600";"PC";"0,0000";"3313"
"25364148719";"8588";"20/03/2026";"";"16274141710";"CASA MIMOSA HIDRAULICA E ACABAMENTOS LTDA";"0,00";"PEDIDO REFERENTE A MATERIAL COMPLETO PARA A OBRA UNIVERSAL (REQ. 2)";"Em aberto";"16082114650";"0000000000938";"";"CAIXA DE GORDURA INOX - 30X30X30CM";"2,00";"258,9400";"PC";"0,0000";"3313"
"25364148719";"8588";"20/03/2026";"";"16274141710";"CASA MIMOSA HIDRAULICA E ACABAMENTOS LTDA";"0,00";"PEDIDO REFERENTE A MATERIAL COMPLETO PARA A OBRA UNIVERSAL (REQ. 2)";"Em aberto";"16361778861";"0000000002483";"";"TUBO PVC BRANCO 100MM";"128,00";"12,5300";"MT";"0,0000";"3313"
"25364148719";"8588";"20/03/2026";"";"16274141710";"CASA MIMOSA HIDRAULICA E ACABAMENTOS LTDA";"0,00";"PEDIDO REFERENTE A MATERIAL COMPLETO PARA A OBRA UNIVERSAL (REQ. 2)";"Em aberto";"9706095384";"0000000003972";"";"TUBO PVC BRANCO 75MM";"114,00";"12,1600";"MT";"0,0000";"3313"
"25364148719";"8588";"20/03/2026";"";"16274141710";"CASA MIMOSA HIDRAULICA E ACABAMENTOS LTDA";"0,00";"PEDIDO REFERENTE A MATERIAL COMPLETO PARA A OBRA UNIVERSAL (REQ. 2)";"Em aberto";"9885242647";"0000000004045";"";"TUBO PVC BRANCO 50MM";"120,00";"7,5700";"MT";"0,0000";"3313"
"25364148719";"8588";"20/03/2026";"";"16274141710";"CASA MIMOSA HIDRAULICA E ACABAMENTOS LTDA";"0,00";"PEDIDO REFERENTE A MATERIAL COMPLETO PARA A OBRA UNIVERSAL (REQ. 2)";"Em aberto";"9968993476";"0000000004084";"";"TUBO PVC BRANCO 40MM";"54,00";"4,6400";"MT";"0,0000";"3313"
"25364148719";"8588";"20/03/2026";"";"16274141710";"CASA MIMOSA HIDRAULICA E ACABAMENTOS LTDA";"0,00";"PEDIDO REFERENTE A MATERIAL COMPLETO PARA A OBRA UNIVERSAL (REQ. 2)";"Em aberto";"16324209044";"0000000001817";"";"ANEL DE BORRACHA 100MM";"150,00";"0,5200";"PC";"0,0000";"3313"
"25364148719";"8588";"20/03/2026";"";"16274141710";"CASA MIMOSA HIDRAULICA E ACABAMENTOS LTDA";"0,00";"PEDIDO REFERENTE A MATERIAL COMPLETO PARA A OBRA UNIVERSAL (REQ. 2)";"Em aberto";"16362541699";"0000000002495";"";"ANEL DE BORRACHA 75MM";"50,00";"0,3800";"PC";"0,0000";"3313"
"25364148719";"8588";"20/03/2026";"";"16274141710";"CASA MIMOSA HIDRAULICA E ACABAMENTOS LTDA";"0,00";"PEDIDO REFERENTE A MATERIAL COMPLETO PARA A OBRA UNIVERSAL (REQ. 2)";"Em aberto";"16360336905";"0000000002467";"29303";"ANEL DE BORRACHA 50MM";"250,00";"0,3300";"PC";"0,0000";"3313"
"25364148719";"8588";"20/03/2026";"";"16274141710";"CASA MIMOSA HIDRAULICA E ACABAMENTOS LTDA";"0,00";"PEDIDO REFERENTE A MATERIAL COMPLETO PARA A OBRA UNIVERSAL (REQ. 2)";"Em aberto";"0";"";"";"TERMINAL DE VENTILAÇÃO 50MM";"10,00";"7,5600";"PC";"0,0000";"3313"
"25364148719";"8588";"20/03/2026";"";"16274141710";"CASA MIMOSA HIDRAULICA E ACABAMENTOS LTDA";"0,00";"PEDIDO REFERENTE A MATERIAL COMPLETO PARA A OBRA UNIVERSAL (REQ. 2)";"Em aberto";"0";"";"";"TERMINAL DE VENTILAÇÃO 75MM";"2,00";"13,7300";"UN";"0,0000";"3313"
"25364148719";"8588";"20/03/2026";"";"16274141710";"CASA MIMOSA HIDRAULICA E ACABAMENTOS LTDA";"0,00";"PEDIDO REFERENTE A MATERIAL COMPLETO PARA A OBRA UNIVERSAL (REQ. 2)";"Em aberto";"16541618949";"0000000004464";"";"COTOVELO PVC MARROM 25MM X 90°";"95,00";"0,5400";"PC";"0,0000";"3313"
"25364148719";"8588";"20/03/2026";"";"16274141710";"CASA MIMOSA HIDRAULICA E ACABAMENTOS LTDA";"0,00";"PEDIDO REFERENTE A MATERIAL COMPLETO PARA A OBRA UNIVERSAL (REQ. 2)";"Em aberto";"16432843143";"0000000002929";"";"COTOVELO PVC MARROM 32MM X 90°";"25,00";"1,8000";"PC";"0,0000";"3313"
"25364148719";"8588";"20/03/2026";"";"16274141710";"CASA MIMOSA HIDRAULICA E ACABAMENTOS LTDA";"0,00";"PEDIDO REFERENTE A MATERIAL COMPLETO PARA A OBRA UNIVERSAL (REQ. 2)";"Em aberto";"16316010740";"0000000001689";"";"COTOVELO PVC MARROM 60MM X 90°";"10,00";"19,6700";"PC";"0,0000";"3313"
"25364148719";"8588";"20/03/2026";"";"16274141710";"CASA MIMOSA HIDRAULICA E ACABAMENTOS LTDA";"0,00";"PEDIDO REFERENTE A MATERIAL COMPLETO PARA A OBRA UNIVERSAL (REQ. 2)";"Em aberto";"16172565506";"0000000001163";"";"COTOVELO PVC MARROM 40MM x 90°";"15,00";"3,4000";"PC";"0,0000";"3313"
"25364148719";"8588";"20/03/2026";"";"16274141710";"CASA MIMOSA HIDRAULICA E ACABAMENTOS LTDA";"0,00";"PEDIDO REFERENTE A MATERIAL COMPLETO PARA A OBRA UNIVERSAL (REQ. 2)";"Em aberto";"16552069196";"0000000004515";"";"COTOVELO PVC MARROM 25MM X 45";"10,00";"1,1900";"PC";"0,0000";"3313"
"25364148719";"8588";"20/03/2026";"";"16274141710";"CASA MIMOSA HIDRAULICA E ACABAMENTOS LTDA";"0,00";"PEDIDO REFERENTE A MATERIAL COMPLETO PARA A OBRA UNIVERSAL (REQ. 2)";"Em aberto";"16095847732";"0000000000968";"";"COTOVELO PVC MARROM 32MM X 45º";"6,00";"3,4300";"PC";"0,0000";"3313"
"25364148719";"8588";"20/03/2026";"";"16274141710";"CASA MIMOSA HIDRAULICA E ACABAMENTOS LTDA";"0,00";"PEDIDO REFERENTE A MATERIAL COMPLETO PARA A OBRA UNIVERSAL (REQ. 2)";"Em aberto";"9735592993";"0000000003986";"50330";"REGISTRO GAVETA BASE 3/4""";"10,00";"43,7500";"PC";"0,0000";"3313"
"25364148719";"8588";"20/03/2026";"";"16274141710";"CASA MIMOSA HIDRAULICA E ACABAMENTOS LTDA";"0,00";"PEDIDO REFERENTE A MATERIAL COMPLETO PARA A OBRA UNIVERSAL (REQ. 2)";"Em aberto";"16339203332";"0000000002056";"";"REGISTRO GAVETA BASE 1""";"1,00";"69,7000";"PC";"0,0000";"3313"
"25364148719";"8588";"20/03/2026";"";"16274141710";"CASA MIMOSA HIDRAULICA E ACABAMENTOS LTDA";"0,00";"PEDIDO REFERENTE A MATERIAL COMPLETO PARA A OBRA UNIVERSAL (REQ. 2)";"Em aberto";"9735719500";"0000000003987";"";"REGISTRO PRESSAO BASE 3/4""";"5,00";"51,0300";"PC";"0,0000";"3313"
"25364148719";"8588";"20/03/2026";"";"16274141710";"CASA MIMOSA HIDRAULICA E ACABAMENTOS LTDA";"0,00";"PEDIDO REFERENTE A MATERIAL COMPLETO PARA A OBRA UNIVERSAL (REQ. 2)";"Em aberto";"16172563486";"0000000001162";"";"REGISTRO GAVETA BRUTO 3/4""";"2,00";"41,3000";"PC";"0,0000";"3313"
"25364148719";"8588";"20/03/2026";"";"16274141710";"CASA MIMOSA HIDRAULICA E ACABAMENTOS LTDA";"0,00";"PEDIDO REFERENTE A MATERIAL COMPLETO PARA A OBRA UNIVERSAL (REQ. 2)";"Em aberto";"13777032408";"0000000000358";"";"REGISTRO GAVETA BRUTO 2""";"13,00";"184,1100";"PC";"0,0000";"3313"
"25364148719";"8588";"20/03/2026";"";"16274141710";"CASA MIMOSA HIDRAULICA E ACABAMENTOS LTDA";"0,00";"PEDIDO REFERENTE A MATERIAL COMPLETO PARA A OBRA UNIVERSAL (REQ. 2)";"Em aberto";"16432843150";"0000000002933";"";"ADAPTADOR PVC MARROM 25MM X 3/4""";"26,00";"0,7600";"PC";"0,0000";"3313"
"25364148719";"8588";"20/03/2026";"";"16274141710";"CASA MIMOSA HIDRAULICA E ACABAMENTOS LTDA";"0,00";"PEDIDO REFERENTE A MATERIAL COMPLETO PARA A OBRA UNIVERSAL (REQ. 2)";"Em aberto";"16172579746";"0000000001168";"";"ADAPTADOR PVC MARROM 60MM X 2""";"30,00";"10,4200";"PC";"0,0000";"3313"
"25364148719";"8588";"20/03/2026";"";"16274141710";"CASA MIMOSA HIDRAULICA E ACABAMENTOS LTDA";"0,00";"PEDIDO REFERENTE A MATERIAL COMPLETO PARA A OBRA UNIVERSAL (REQ. 2)";"Em aberto";"16316596335";"0000000001720";"";"ADAPTADOR PVC MARROM 32MM X 1""";"1,00";"1,4500";"PÇ";"0,0000";"3313"
"25364148719";"8588";"20/03/2026";"";"16274141710";"CASA MIMOSA HIDRAULICA E ACABAMENTOS LTDA";"0,00";"PEDIDO REFERENTE A MATERIAL COMPLETO PARA A OBRA UNIVERSAL (REQ. 2)";"Em aberto";"9882420354";"0000000004038";"";"TE PVC MARROM 25MM";"30,00";"0,9800";"PC";"0,0000";"3313"
"25364148719";"8588";"20/03/2026";"";"16274141710";"CASA MIMOSA HIDRAULICA E ACABAMENTOS LTDA";"0,00";"PEDIDO REFERENTE A MATERIAL COMPLETO PARA A OBRA UNIVERSAL (REQ. 2)";"Em aberto";"0";"";"";"TE PVC MARROM 60 X 50MM";"6,00";"40,2000";"PC";"0,0000";"3313"
"25364148719";"8588";"20/03/2026";"";"16274141710";"CASA MIMOSA HIDRAULICA E ACABAMENTOS LTDA";"0,00";"PEDIDO REFERENTE A MATERIAL COMPLETO PARA A OBRA UNIVERSAL (REQ. 2)";"Em aberto";"16518106975";"0000000004268";"";"BUCHA REDUCAO PVC MARROM 50 X 32MM";"5,00";"4,7000";"PC";"0,0000";"3313"
"25364148719";"8588";"20/03/2026";"";"16274141710";"CASA MIMOSA HIDRAULICA E ACABAMENTOS LTDA";"0,00";"PEDIDO REFERENTE A MATERIAL COMPLETO PARA A OBRA UNIVERSAL (REQ. 2)";"Em aberto";"16026048993";"0000000000761";"";"TE PVC MARROM 50 X 25MM";"4,00";"7,4000";"PC";"0,0000";"3313"
"25364148719";"8588";"20/03/2026";"";"16274141710";"CASA MIMOSA HIDRAULICA E ACABAMENTOS LTDA";"0,00";"PEDIDO REFERENTE A MATERIAL COMPLETO PARA A OBRA UNIVERSAL (REQ. 2)";"Em aberto";"16208002318";"0000000001223";"";"TE PVC MARROM 32 X 25MM";"9,00";"5,7900";"PC";"0,0000";"3313"
"25364148719";"8588";"20/03/2026";"";"16274141710";"CASA MIMOSA HIDRAULICA E ACABAMENTOS LTDA";"0,00";"PEDIDO REFERENTE A MATERIAL COMPLETO PARA A OBRA UNIVERSAL (REQ. 2)";"Em aberto";"16026049943";"0000000000762";"";"BUCHA REDUCAO PVC MARROM 50 X 40MM";"1,00";"3,0100";"PC";"0,0000";"3313"
"25364148719";"8588";"20/03/2026";"";"16274141710";"CASA MIMOSA HIDRAULICA E ACABAMENTOS LTDA";"0,00";"PEDIDO REFERENTE A MATERIAL COMPLETO PARA A OBRA UNIVERSAL (REQ. 2)";"Em aberto";"16432843145";"0000000002930";"";"TE PVC MARROM 50MM";"1,00";"6,0400";"PC";"0,0000";"3313"
"25364148719";"8588";"20/03/2026";"";"16274141710";"CASA MIMOSA HIDRAULICA E ACABAMENTOS LTDA";"0,00";"PEDIDO REFERENTE A MATERIAL COMPLETO PARA A OBRA UNIVERSAL (REQ. 2)";"Em aberto";"0";"";"";"TE MISTURADOR PVC PPR 25MM X 3/4""";"3,00";"30,5900";"PC";"0,0000";"3313"
"25364148719";"8588";"20/03/2026";"";"16274141710";"CASA MIMOSA HIDRAULICA E ACABAMENTOS LTDA";"0,00";"PEDIDO REFERENTE A MATERIAL COMPLETO PARA A OBRA UNIVERSAL (REQ. 2)";"Em aberto";"16316472657";"0000000001704";"";"COTOVELO LR PVC AZUL 25MM X 1/2""";"70,00";"4,3700";"PC";"0,0000";"3313"
"25364148719";"8588";"20/03/2026";"";"16274141710";"CASA MIMOSA HIDRAULICA E ACABAMENTOS LTDA";"0,00";"PEDIDO REFERENTE A MATERIAL COMPLETO PARA A OBRA UNIVERSAL (REQ. 2)";"Em aberto";"16525205942";"0000000004370";"";"COTOVELO LR PVC AZUL 25MM X 3/4""";"42,00";"4,6800";"PC";"0,0000";"3313"
"25364148719";"8588";"20/03/2026";"";"16274141710";"CASA MIMOSA HIDRAULICA E ACABAMENTOS LTDA";"0,00";"PEDIDO REFERENTE A MATERIAL COMPLETO PARA A OBRA UNIVERSAL (REQ. 2)";"Em aberto";"16217128222";"0000000001265";"";"PLUG PVC BRANCO 3/4""";"6,00";"0,8100";"PC";"0,0000";"3313"
"25364148719";"8588";"20/03/2026";"";"16274141710";"CASA MIMOSA HIDRAULICA E ACABAMENTOS LTDA";"0,00";"PEDIDO REFERENTE A MATERIAL COMPLETO PARA A OBRA UNIVERSAL (REQ. 2)";"Em aberto";"16332103565";"0000000001944";"";"PLUG PVC BRANCO 1/2""";"90,00";"0,5700";"PÇ";"0,0000";"3313"
"25364148719";"8588";"20/03/2026";"";"16274141710";"CASA MIMOSA HIDRAULICA E ACABAMENTOS LTDA";"0,00";"PEDIDO REFERENTE A MATERIAL COMPLETO PARA A OBRA UNIVERSAL (REQ. 2)";"Em aberto";"0";"";"";"PLUG PVC BRANCO 1 1/4""";"4,00";"5,9400";"PÇ";"0,0000";"3313"
"25364148719";"8588";"20/03/2026";"";"16274141710";"CASA MIMOSA HIDRAULICA E ACABAMENTOS LTDA";"0,00";"PEDIDO REFERENTE A MATERIAL COMPLETO PARA A OBRA UNIVERSAL (REQ. 2)";"Em aberto";"16517858667";"0000000004247";"";"BUCHA REDUCAO PVC MARROM 60 X 32MM";"13,00";"9,0000";"PC";"0,0000";"3313"
"25364148719";"8588";"20/03/2026";"";"16274141710";"CASA MIMOSA HIDRAULICA E ACABAMENTOS LTDA";"0,00";"PEDIDO REFERENTE A MATERIAL COMPLETO PARA A OBRA UNIVERSAL (REQ. 2)";"Em aberto";"0";"";"";"BUCHA REDUCAO PVC MARROM 40 X 25MM";"6,00";"2,8500";"PC";"0,0000";"3313"
"25364148719";"8588";"20/03/2026";"";"16274141710";"CASA MIMOSA HIDRAULICA E ACABAMENTOS LTDA";"0,00";"PEDIDO REFERENTE A MATERIAL COMPLETO PARA A OBRA UNIVERSAL (REQ. 2)";"Em aberto";"0";"";"";"BUCHA REDUCAO PVC MARROM 40 X 32MM";"10,00";"1,7400";"PC";"0,0000";"3313"
"25364148719";"8588";"20/03/2026";"";"16274141710";"CASA MIMOSA HIDRAULICA E ACABAMENTOS LTDA";"0,00";"PEDIDO REFERENTE A MATERIAL COMPLETO PARA A OBRA UNIVERSAL (REQ. 2)";"Em aberto";"16517856480";"0000000004244";"";"BUCHA REDUCAO PVC MARROM 32 X 25MM";"25,00";"0,7600";"PC";"0,0000";"3313"
"25364148719";"8588";"20/03/2026";"";"16274141710";"CASA MIMOSA HIDRAULICA E ACABAMENTOS LTDA";"0,00";"PEDIDO REFERENTE A MATERIAL COMPLETO PARA A OBRA UNIVERSAL (REQ. 2)";"Em aberto";"0";"";"";"BUCHA REDUCAO PVC MARROM 60 X 50MM";"2,00";"5,5600";"PC";"0,0000";"3313"
"25364148719";"8588";"20/03/2026";"";"16274141710";"CASA MIMOSA HIDRAULICA E ACABAMENTOS LTDA";"0,00";"PEDIDO REFERENTE A MATERIAL COMPLETO PARA A OBRA UNIVERSAL (REQ. 2)";"Em aberto";"16026049943";"0000000000762";"";"BUCHA REDUCAO PVC MARROM 50 X 40MM";"5,00";"3,0100";"PC";"0,0000";"3313"
"25364148719";"8588";"20/03/2026";"";"16274141710";"CASA MIMOSA HIDRAULICA E ACABAMENTOS LTDA";"0,00";"PEDIDO REFERENTE A MATERIAL COMPLETO PARA A OBRA UNIVERSAL (REQ. 2)";"Em aberto";"16518106975";"0000000004268";"";"BUCHA REDUCAO PVC MARROM 50 X 32MM";"2,00";"4,7000";"PC";"0,0000";"3313"
"25364148719";"8588";"20/03/2026";"";"16274141710";"CASA MIMOSA HIDRAULICA E ACABAMENTOS LTDA";"0,00";"PEDIDO REFERENTE A MATERIAL COMPLETO PARA A OBRA UNIVERSAL (REQ. 2)";"Em aberto";"15964134617";"0000000000725";"";"LUVA PVC MARROM 32MM";"20,00";"1,6700";"PC";"0,0000";"3313"
"25364148719";"8588";"20/03/2026";"";"16274141710";"CASA MIMOSA HIDRAULICA E ACABAMENTOS LTDA";"0,00";"PEDIDO REFERENTE A MATERIAL COMPLETO PARA A OBRA UNIVERSAL (REQ. 2)";"Em aberto";"9513459311";"0000000003911";"";"LUVA PVC MARROM 25MM";"30,00";"0,5400";"PC";"0,0000";"3313"
"25364148719";"8588";"20/03/2026";"";"16274141710";"CASA MIMOSA HIDRAULICA E ACABAMENTOS LTDA";"0,00";"PEDIDO REFERENTE A MATERIAL COMPLETO PARA A OBRA UNIVERSAL (REQ. 2)";"Em aberto";"16525208323";"0000000004372";"";"LUVA LR PVC AZUL 25MM X 3/4""";"1,00";"5,0300";"PC";"0,0000";"3313"
"25364148719";"8588";"20/03/2026";"";"16274141710";"CASA MIMOSA HIDRAULICA E ACABAMENTOS LTDA";"0,00";"PEDIDO REFERENTE A MATERIAL COMPLETO PARA A OBRA UNIVERSAL (REQ. 2)";"Em aberto";"16100256406";"0000000001017";"";"TUBO PVC MARROM - 60MM";"30,00";"25,7100";"MT";"0,0000";"3313"
"25364148719";"8588";"20/03/2026";"";"16274141710";"CASA MIMOSA HIDRAULICA E ACABAMENTOS LTDA";"0,00";"PEDIDO REFERENTE A MATERIAL COMPLETO PARA A OBRA UNIVERSAL (REQ. 2)";"Em aberto";"9787367587";"0000000004016";"";"TUBO PVC MARROM - 50MM";"54,00";"11,5400";"MT";"0,0000";"3313"
"25364148719";"8588";"20/03/2026";"";"16274141710";"CASA MIMOSA HIDRAULICA E ACABAMENTOS LTDA";"0,00";"PEDIDO REFERENTE A MATERIAL COMPLETO PARA A OBRA UNIVERSAL (REQ. 2)";"Em aberto";"16291979083";"0000000001504";"";"TUBO PVC MARROM - 40MM";"36,00";"10,5100";"MT";"0,0000";"3313"
"25364148719";"8588";"20/03/2026";"";"16274141710";"CASA MIMOSA HIDRAULICA E ACABAMENTOS LTDA";"0,00";"PEDIDO REFERENTE A MATERIAL COMPLETO PARA A OBRA UNIVERSAL (REQ. 2)";"Em aberto";"9858779822";"0000000004034";"";"TUBO PVC MARROM - 32MM";"118,00";"6,7700";"MT";"0,0000";"3313"
"25364148719";"8588";"20/03/2026";"";"16274141710";"CASA MIMOSA HIDRAULICA E ACABAMENTOS LTDA";"0,00";"PEDIDO REFERENTE A MATERIAL COMPLETO PARA A OBRA UNIVERSAL (REQ. 2)";"Em aberto";"9513459309";"0000000003910";"";"TUBO PVC MARROM - 25MM";"207,00";"3,0700";"MT";"0,0000";"3313"
"25364148719";"8588";"20/03/2026";"";"16274141710";"CASA MIMOSA HIDRAULICA E ACABAMENTOS LTDA";"0,00";"PEDIDO REFERENTE A MATERIAL COMPLETO PARA A OBRA UNIVERSAL (REQ. 2)";"Em aberto";"16487427067";"0000000003305";"";"TUBO PVC PPR PN20 25MM";"52,00";"24,1400";"BR";"0,0000";"3313"
"25364148719";"8588";"20/03/2026";"";"16274141710";"CASA MIMOSA HIDRAULICA E ACABAMENTOS LTDA";"0,00";"PEDIDO REFERENTE A MATERIAL COMPLETO PARA A OBRA UNIVERSAL (REQ. 2)";"Em aberto";"9763927236";"0000000004001";"930030";"ABRAÇADEIRA ECONOMICA 1""";"40,00";"0,7800";"PC";"0,0000";"3313"
"25364148719";"8588";"20/03/2026";"";"16274141710";"CASA MIMOSA HIDRAULICA E ACABAMENTOS LTDA";"0,00";"PEDIDO REFERENTE A MATERIAL COMPLETO PARA A OBRA UNIVERSAL (REQ. 2)";"Em aberto";"9893855955";"0000000004061";"";"ABRAÇADEIRA ECONOMICA 1 1/2""";"15,00";"1,0000";"PC";"0,0000";"3313"
"25364148719";"8588";"20/03/2026";"";"16274141710";"CASA MIMOSA HIDRAULICA E ACABAMENTOS LTDA";"0,00";"PEDIDO REFERENTE A MATERIAL COMPLETO PARA A OBRA UNIVERSAL (REQ. 2)";"Em aberto";"16378988929";"0000000002655";"";"COTOVELO PVC PPR 25MM X 90°";"25,00";"1,6100";"PÇ";"0,0000";"3313"
"25364148719";"8588";"20/03/2026";"";"16274141710";"CASA MIMOSA HIDRAULICA E ACABAMENTOS LTDA";"0,00";"PEDIDO REFERENTE A MATERIAL COMPLETO PARA A OBRA UNIVERSAL (REQ. 2)";"Em aberto";"16405233827";"0000000002819";"";"CONECTOR MACHO PVC PPR 25MM X 3/4""";"4,00";"18,0000";"PC";"0,0000";"3313"
"25364148719";"8588";"20/03/2026";"";"16274141710";"CASA MIMOSA HIDRAULICA E ACABAMENTOS LTDA";"0,00";"PEDIDO REFERENTE A MATERIAL COMPLETO PARA A OBRA UNIVERSAL (REQ. 2)";"Em aberto";"16378988930";"0000000002656";"";"TE PVC PPR 25MM";"5,00";"3,0700";"PÇ";"0,0000";"3313"
"25364148719";"8588";"20/03/2026";"";"16274141710";"CASA MIMOSA HIDRAULICA E ACABAMENTOS LTDA";"0,00";"PEDIDO REFERENTE A MATERIAL COMPLETO PARA A OBRA UNIVERSAL (REQ. 2)";"Em aberto";"9895595837";"0000000004066";"";"CHUMBADOR 1/4""";"100,00";"1,2000";"PC";"0,0000";"3313"
"25364148719";"8588";"20/03/2026";"";"16274141710";"CASA MIMOSA HIDRAULICA E ACABAMENTOS LTDA";"0,00";"PEDIDO REFERENTE A MATERIAL COMPLETO PARA A OBRA UNIVERSAL (REQ. 2)";"Em aberto";"16356861381";"0000000002217";"";"ARRUELA LISA 1/4";"300,00";"0,0600";"PC";"0,0000";"3313"
"25364148719";"8588";"20/03/2026";"";"16274141710";"CASA MIMOSA HIDRAULICA E ACABAMENTOS LTDA";"0,00";"PEDIDO REFERENTE A MATERIAL COMPLETO PARA A OBRA UNIVERSAL (REQ. 2)";"Em aberto";"9895610720";"0000000004067";"";"PORCA SEXTAVADA 1/4""";"300,00";"0,1000";"PC";"0,0000";"3313"
"25364148719";"8588";"20/03/2026";"";"16274141710";"CASA MIMOSA HIDRAULICA E ACABAMENTOS LTDA";"0,00";"PEDIDO REFERENTE A MATERIAL COMPLETO PARA A OBRA UNIVERSAL (REQ. 2)";"Em aberto";"9895657417";"0000000004068";"";"VERGALHÃO ROSCADO 1/4""";"20,00";"7,8800";"BR";"0,0000";"3313"
"25364148719";"8588";"20/03/2026";"";"16274141710";"CASA MIMOSA HIDRAULICA E ACABAMENTOS LTDA";"0,00";"PEDIDO REFERENTE A MATERIAL COMPLETO PARA A OBRA UNIVERSAL (REQ. 2)";"Em aberto";"15900726450";"0000000000645";"15206";"TUBO DE COLA 850G";"1,00";"37,8700";"PC";"0,0000";"3313"
"25364148719";"8588";"20/03/2026";"";"16274141710";"CASA MIMOSA HIDRAULICA E ACABAMENTOS LTDA";"0,00";"PEDIDO REFERENTE A MATERIAL COMPLETO PARA A OBRA UNIVERSAL (REQ. 2)";"Em aberto";"16172594669";"0000000001170";"330311";"PASTA LUBRIFICANTE 950G";"2,00";"19,9900";"PC";"0,0000";"3313"
"25364148719";"8588";"20/03/2026";"";"16274141710";"CASA MIMOSA HIDRAULICA E ACABAMENTOS LTDA";"0,00";"PEDIDO REFERENTE A MATERIAL COMPLETO PARA A OBRA UNIVERSAL (REQ. 2)";"Em aberto";"16096878511";"0000000000974";"";"FITA VEDA ROSCA 18MM X 50MT";"50,00";"6,2900";"PC";"0,0000";"3313"
"25364148719";"8588";"20/03/2026";"";"16274141710";"CASA MIMOSA HIDRAULICA E ACABAMENTOS LTDA";"0,00";"PEDIDO REFERENTE A MATERIAL COMPLETO PARA A OBRA UNIVERSAL (REQ. 2)";"Em aberto";"9908900147";"0000000004073";"";"LUVA LR PVC AZUL 25MM X 1/2""";"2,00";"4,2100";"PÇ";"0,0000";"3313"
"25364148719";"8588";"20/03/2026";"";"16274141710";"CASA MIMOSA HIDRAULICA E ACABAMENTOS LTDA";"0,00";"PEDIDO REFERENTE A MATERIAL COMPLETO PARA A OBRA UNIVERSAL (REQ. 2)";"Em aberto";"16221351902";"0000000001272";"";"VALVULA DE RETENCAO VERTICAL - 2""";"6,00";"207,3200";"PC";"0,0000";"3313"
"25367736516";"8589";"20/03/2026";"";"9196179052";"S GLOBAL ASSESSORIA";"0,00";"PEDIDO REFERENTE A ASO – Demetrios de Sousa Cavalcante (equipe Wesley)";"Em aberto";"16365590662";"";"";"EXAMES";"1,00";"363,8000";"";"0,0000";"3313"
"25385119990";"8590";"23/03/2026";"";"10136137899";"Comercial Hatada";"0,00";"COMPRA REFERENTE A DOCES PARA O ESCRITÓRIO";"Em aberto";"16426059240";"";"";"MATERIAL DE CONSUMO";"1,00";"91,9300";"";"0,0000";""
"25390825402";"8591";"24/03/2026";"";"10597333728";"DANUZA KARLA SILVA DE OLIVEIRA 23020853885";"0,00";"PEDIDO REFERENTE A COMPRA DE LEMBRANCINHAS PARA A PASCOA";"Em aberto";"16277772817";"";"";"BRINDE";"1,00";"312,9900";"un";"0,0000";""
"25391524097";"8592";"24/03/2026";"";"16203341681";"JDJ FERRAMENTAS COMERCIO DE MATERIAIS ELETRICOS E MANUTENCAO LTDA";"0,00";"PEDIDO REFERENTE A MATERIAL PARA TETRA PAK E ABASTECIMENTO DE ESTOQUE";"Em aberto";"11587056001";"0000000000264";"";"CORTA FIO";"2,00";"242,5000";"PC";"0,0000";"3341"
"25391524097";"8592";"24/03/2026";"";"16203341681";"JDJ FERRAMENTAS COMERCIO DE MATERIAIS ELETRICOS E MANUTENCAO LTDA";"0,00";"PEDIDO REFERENTE A MATERIAL PARA TETRA PAK E ABASTECIMENTO DE ESTOQUE";"Em aberto";"9220291871";"0000000003746";"";"COSSINETE BSP - 1"" À 2""";"2,00";"38,0000";"PC";"0,0000";"3341"
"25391614062";"8593";"24/03/2026";"";"9406825547";"CASA FARIA MATERIAIS HIDRAULICOS LTDA";"0,00";"PEDIDO REFERENTE A MATERIAL SOLICITADO PARA OBRA ARCO VERDE - 3306";"Em aberto";"9893875975";"0000000004062";"";"ABRAÇADEIRA ECONOMICA 2""";"25,00";"1,3200";"PC";"0,0000";"3306"
"25391614062";"8593";"24/03/2026";"";"9406825547";"CASA FARIA MATERIAIS HIDRAULICOS LTDA";"0,00";"PEDIDO REFERENTE A MATERIAL SOLICITADO PARA OBRA ARCO VERDE - 3306";"Em aberto";"9763927236";"0000000004001";"";"ABRAÇADEIRA ECONOMICA 1""";"20,00";"0,9400";"PC";"0,0000";"3306"
"25391614062";"8593";"24/03/2026";"";"9406825547";"CASA FARIA MATERIAIS HIDRAULICOS LTDA";"0,00";"PEDIDO REFERENTE A MATERIAL SOLICITADO PARA OBRA ARCO VERDE - 3306";"Em aberto";"9893855955";"0000000004061";"";"ABRAÇADEIRA ECONOMICA 1 1/2""";"10,00";"1,4200";"PC";"0,0000";"3306"
"25391614062";"8593";"24/03/2026";"";"9406825547";"CASA FARIA MATERIAIS HIDRAULICOS LTDA";"0,00";"PEDIDO REFERENTE A MATERIAL SOLICITADO PARA OBRA ARCO VERDE - 3306";"Em aberto";"16356861382";"0000000002218";"";"ARRUELA LISA 3/8";"2,00";"13,6000";"PC";"0,0000";"3306"
"25391614062";"8593";"24/03/2026";"";"9406825547";"CASA FARIA MATERIAIS HIDRAULICOS LTDA";"0,00";"PEDIDO REFERENTE A MATERIAL SOLICITADO PARA OBRA ARCO VERDE - 3306";"Em aberto";"16317546881";"0000000001728";"";"LAMINA DE SERRA";"2,00";"13,8100";"PC";"0,0000";"3306"
"25392227419";"8594";"24/03/2026";"";"9406825547";"CASA FARIA MATERIAIS HIDRAULICOS LTDA";"0,00";"MATERIAL SOLICITADO PARA ATENDER A OBRA TGI - 3135

APROVADO VIA TELEFONE";"Em aberto";"16487427329";"0000000003306";"";"TUBO PVC PPR PN20 32MM";"6,00";"40,1700";"BR";"0,0000";"3135"
"25392227419";"8594";"24/03/2026";"";"9406825547";"CASA FARIA MATERIAIS HIDRAULICOS LTDA";"0,00";"MATERIAL SOLICITADO PARA ATENDER A OBRA TGI - 3135

APROVADO VIA TELEFONE";"Em aberto";"16316044368";"0000000001693";"";"LUVA PVC PPR 32MM";"6,00";"3,1900";"PC";"0,0000";"3135"
"25392227419";"8594";"24/03/2026";"";"9406825547";"CASA FARIA MATERIAIS HIDRAULICOS LTDA";"0,00";"MATERIAL SOLICITADO PARA ATENDER A OBRA TGI - 3135

APROVADO VIA TELEFONE";"Em aberto";"16392614746";"0000000002262";"";"COTOVELO PVC PPR 32MM X 90°";"5,00";"3,4600";"PC";"0,0000";"3135"
"25392227419";"8594";"24/03/2026";"";"9406825547";"CASA FARIA MATERIAIS HIDRAULICOS LTDA";"0,00";"MATERIAL SOLICITADO PARA ATENDER A OBRA TGI - 3135

APROVADO VIA TELEFONE";"Em aberto";"9802044777";"0000000004025";"";"VALVULA ESFERA LATAO 3/4""";"1,00";"44,9700";"PC";"0,0000";"3135"
"25392288718";"8595";"24/03/2026";"";"17914715594";"WESLEY LIMA DA SILVA";"0,00";"PEDIDO REFERENTE A EMPREITA REALIZADA NA OBRA JANDAIA - 2449";"Em aberto";"16357119601";"";"";"EMPREITA";"1,00";"1.100,0000";"";"0,0000";"2449"
"25392306105";"8596";"24/03/2026";"";"9228469919";"DONEGA BOLOS LTDA";"0,00";"PEDIDO REFERENTE A COMPRA DO ANIVERSARIANTE DO MES";"Em aberto";"16357417713";"";"";"CONFRATERNIZAÇÃO";"1,00";"80,0000";"";"0,0000";""
"25395640853";"8597";"24/03/2026";"";"9406825547";"CASA FARIA MATERIAIS HIDRAULICOS LTDA";"0,00";"MATERIAL SOLICITADO PARA ATENDER COM URGENCIA OBRA TETRA PAK - 3341";"Em aberto";"16433390695";"0000000002934";"";"LUVA AÇO CARBONO PRETO BSP 1 1/4""";"5,00";"13,0600";"PC";"0,0000";"3341"
"25395640853";"8597";"24/03/2026";"";"9406825547";"CASA FARIA MATERIAIS HIDRAULICOS LTDA";"0,00";"MATERIAL SOLICITADO PARA ATENDER COM URGENCIA OBRA TETRA PAK - 3341";"Em aberto";"16438743008";"0000000002973";"";"LUVA AÇO CARBONO PRETO BSP 1""";"5,00";"8,3500";"";"0,0000";"3341"
"25396419162";"8599";"24/03/2026";"";"15525702206";"COMERCIAL RIMAR LTDA";"0,00";"PEDIDO REFERENTE A MATERIAL PARA ABASTECER OBRA ARCO VERDE - 3306";"Em aberto";"16520008786";"0000000004327";"";"TE MECANICO ROSCA 2 1/2""(76MM) X 2""";"2,00";"22,6700";"PC";"0,0000";"3306"
"25396419162";"8599";"24/03/2026";"";"15525702206";"COMERCIAL RIMAR LTDA";"0,00";"PEDIDO REFERENTE A MATERIAL PARA ABASTECER OBRA ARCO VERDE - 3306";"Em aberto";"16520000370";"0000000004320";"";"TE MECANICO ROSCA 2 1/2""(76MM) X 1""";"2,00";"22,6700";"PC";"0,0000";"3306"
"25396419162";"8599";"24/03/2026";"";"15525702206";"COMERCIAL RIMAR LTDA";"0,00";"PEDIDO REFERENTE A MATERIAL PARA ABASTECER OBRA ARCO VERDE - 3306";"Em aberto";"16270282587";"0000000001442";"";"COTOVELO AÇO CARBONO PRETO BSP 1"" X 90°";"35,00";"13,3800";"PC";"0,0000";"3306"
"25396419162";"8599";"24/03/2026";"";"15525702206";"COMERCIAL RIMAR LTDA";"0,00";"PEDIDO REFERENTE A MATERIAL PARA ABASTECER OBRA ARCO VERDE - 3306";"Em aberto";"10024785352";"0000000000024";"";"COTOVELO ACO CARBONO PRETO BSP 2"" X 90º";"14,00";"47,4400";"PC";"0,0000";"3306"
"25396419162";"8599";"24/03/2026";"";"15525702206";"COMERCIAL RIMAR LTDA";"0,00";"PEDIDO REFERENTE A MATERIAL PARA ABASTECER OBRA ARCO VERDE - 3306";"Em aberto";"0";"";"";"COTOVELO ACO CARBONO PRETO BSP 1.1/2"" X 90º";"4,00";"29,9200";"PC";"0,0000";"3306"
"25396419162";"8599";"24/03/2026";"";"15525702206";"COMERCIAL RIMAR LTDA";"0,00";"PEDIDO REFERENTE A MATERIAL PARA ABASTECER OBRA ARCO VERDE - 3306";"Em aberto";"16459323146";"0000000003168";"";"TE AÇO CARBONO PRETO BSP 2"" X 1""";"9,00";"69,6400";"PÇ";"0,0000";"3306"
"25396419162";"8599";"24/03/2026";"";"15525702206";"COMERCIAL RIMAR LTDA";"0,00";"PEDIDO REFERENTE A MATERIAL PARA ABASTECER OBRA ARCO VERDE - 3306";"Em aberto";"16513949200";"0000000004205";"";"TE AÇO CARBONO PRETO BSP 1 1/2"" X 1""";"9,00";"43,2900";"PC";"0,0000";"3306"
"25396419162";"8599";"24/03/2026";"";"15525702206";"COMERCIAL RIMAR LTDA";"0,00";"PEDIDO REFERENTE A MATERIAL PARA ABASTECER OBRA ARCO VERDE - 3306";"Em aberto";"16451949966";"0000000003104";"";"TE AÇO CARBONO PRETO BSP 1 1/4"" X 1""";"3,00";"30,5000";"PÇ";"0,0000";"3306"
"25396419162";"8599";"24/03/2026";"";"15525702206";"COMERCIAL RIMAR LTDA";"0,00";"PEDIDO REFERENTE A MATERIAL PARA ABASTECER OBRA ARCO VERDE - 3306";"Em aberto";"0";"";"";"BUCHA REDUCAO ACO CARBONO PRETO BSP 2"" X 1.1/2""";"5,00";"25,9600";"PC";"0,0000";"3306"
"25396419162";"8599";"24/03/2026";"";"15525702206";"COMERCIAL RIMAR LTDA";"0,00";"PEDIDO REFERENTE A MATERIAL PARA ABASTECER OBRA ARCO VERDE - 3306";"Em aberto";"16463327807";"0000000003186";"";"BUCHA REDUCAO AÇO CARBONO PRETO BSP 1"" X 1/2""";"15,00";"8,4700";"PC";"0,0000";"3306"
"25396419162";"8599";"24/03/2026";"";"15525702206";"COMERCIAL RIMAR LTDA";"0,00";"PEDIDO REFERENTE A MATERIAL PARA ABASTECER OBRA ARCO VERDE - 3306";"Em aberto";"16502983062";"00000000004094";"XR00I";"ACOPLAMENTO FLEXIVEL 2.1/2"" (76MM)";"2,00";"19,3800";"PC";"0,0000";"3306"
"25396419162";"8599";"24/03/2026";"";"15525702206";"COMERCIAL RIMAR LTDA";"0,00";"PEDIDO REFERENTE A MATERIAL PARA ABASTECER OBRA ARCO VERDE - 3306";"Em aberto";"16336917237";"0000000002031";"";"ACOPLAMENTO FLEXIVEL 2.1/2""(76MM) X 2""";"1,00";"39,1000";"PC";"0,0000";"3306"
"25396419162";"8599";"24/03/2026";"";"15525702206";"COMERCIAL RIMAR LTDA";"0,00";"PEDIDO REFERENTE A MATERIAL PARA ABASTECER OBRA ARCO VERDE - 3306";"Em aberto";"16343231051";"0000000002129";"";"LUVA AÇO CARBONO PRETO BSP 2""";"5,00";"33,3200";"PC";"0,0000";"3306"
"25396419162";"8599";"24/03/2026";"";"15525702206";"COMERCIAL RIMAR LTDA";"0,00";"PEDIDO REFERENTE A MATERIAL PARA ABASTECER OBRA ARCO VERDE - 3306";"Em aberto";"16433390695";"0000000002934";"";"LUVA AÇO CARBONO PRETO BSP 1 1/4""";"1,00";"16,9500";"PC";"0,0000";"3306"
"25396419162";"8599";"24/03/2026";"";"15525702206";"COMERCIAL RIMAR LTDA";"0,00";"PEDIDO REFERENTE A MATERIAL PARA ABASTECER OBRA ARCO VERDE - 3306";"Em aberto";"16490648383";"0000000003316";"138EC";"LUVA ACO CARBONO PRETO BSP 1"" X 1/2""";"19,00";"11,8500";"PC";"0,0000";"3306"
"25396419162";"8599";"24/03/2026";"";"15525702206";"COMERCIAL RIMAR LTDA";"0,00";"PEDIDO REFERENTE A MATERIAL PARA ABASTECER OBRA ARCO VERDE - 3306";"Em aberto";"16096878511";"0000000000974";"";"FITA VEDA ROSCA 18MM X 50MT";"15,00";"10,4300";"PC";"0,0000";"3306"
"25396419162";"8599";"24/03/2026";"";"15525702206";"COMERCIAL RIMAR LTDA";"0,00";"PEDIDO REFERENTE A MATERIAL PARA ABASTECER OBRA ARCO VERDE - 3306";"Em aberto";"14382817686";"0000000000384";"";"PLUG AÇO CARBONO PRETO BSP 1/2""";"35,00";"2,5500";"PC";"0,0000";"3306"
"25396419162";"8599";"24/03/2026";"";"15525702206";"COMERCIAL RIMAR LTDA";"0,00";"PEDIDO REFERENTE A MATERIAL PARA ABASTECER OBRA ARCO VERDE - 3306";"Em aberto";"15964113168";"0000000000715";"";"TUBO ACO CARBONO PRETO 5580 - 2""";"6,00";"219,2700";"BR";"0,0000";"3306"
"25396419162";"8599";"24/03/2026";"";"15525702206";"COMERCIAL RIMAR LTDA";"0,00";"PEDIDO REFERENTE A MATERIAL PARA ABASTECER OBRA ARCO VERDE - 3306";"Em aberto";"15964113687";"0000000000716";"";"TUBO ACO CARBONO PRETO 5580 - 1.1/2""";"2,00";"170,1200";"BR";"0,0000";"3306"
"25396419162";"8599";"24/03/2026";"";"15525702206";"COMERCIAL RIMAR LTDA";"0,00";"PEDIDO REFERENTE A MATERIAL PARA ABASTECER OBRA ARCO VERDE - 3306";"Em aberto";"15964114753";"0000000000718";"TP001E";"TUBO ACO CARBONO PRETO 5580  1""";"15,00";"108,0000";"MT";"0,0000";"3306"
"25396419162";"8599";"24/03/2026";"";"15525702206";"COMERCIAL RIMAR LTDA";"0,00";"PEDIDO REFERENTE A MATERIAL PARA ABASTECER OBRA ARCO VERDE - 3306";"Em aberto";"16158257396";"";"";"IMPOSTOS";"1,00";"5,4700";"um";"0,0000";"3306"
"25399624873";"8600";"25/03/2026";"";"16956290851";"SHIRLEY SALGADOS E BOLOS";"0,00";"PEDIDO REFERENTE A SALGADOS PARA CONFRATERNIZAÇÃO";"Em aberto";"16414311383";"";"";"SALGADOS";"1,00";"70,0000";"CT";"0,0000";""
"25399650581";"8601";"25/03/2026";"";"15525702206";"COMERCIAL RIMAR LTDA";"0,00";"PEDIDO REFERENTE A ABASTECIMENTO DE ESTOQUE";"Em aberto";"12329219101";"0000000000285";"";"CHAVE STORZ DUPLA 2.1/2"" X 1.1/2"" - LATÃO";"20,00";"15,4700";"PC";"0,0000";""
"25399815557";"8602";"25/03/2026";"";"17852443821";"MEGA PEAD TUBOS E CONEXOES LTDA";"0,00";"PEDIDO REFERENTE A ALUGUEL DE MAQUINAS PARA O PEDIDO DE VENDA 1461";"Em aberto";"16573863767";"";"";"LOCAÇÃO DE MAQUINARIO";"1,00";"1.450,0000";"VB";"0,0000";"P1461"
"25400881365";"8603";"25/03/2026";"";"10502236965";"ELASTOBOR BORRACHAS E PLASTICOS LTDA";"0,00";"PEDIDO REFERENTE A ESCADA SOLCIITADA PARA TETRA PAK";"Em aberto";"0";"";"";"ESCADA MADEIRA SAPATA 6 DEGRAUS";"1,00";"318,9000";"PÇ";"0,0000";"3341"
"25400918686";"8604";"25/03/2026";"";"10945239129";"PORAO DAS TINTAS COMERCIAL LTDA. - EPP";"0,00";"PEDIDO REFERENTE A MATERIAL SOLICITADO COM URGENCIA PARA A OBRA ARCO VERDE - 3306";"Em aberto";"9562095194";"0000000003940";"21.01.045";"TINTA VERMELHA 3,6L";"1,00";"139,0000";"GL";"0,0000";"3306"
"25400918686";"8604";"25/03/2026";"";"10945239129";"PORAO DAS TINTAS COMERCIAL LTDA. - EPP";"0,00";"PEDIDO REFERENTE A MATERIAL SOLICITADO COM URGENCIA PARA A OBRA ARCO VERDE - 3306";"Em aberto";"16393051971";"0000000002264";"10.03.004";"ROLINHO DE PELO DE CARNEIRO 9CM";"2,00";"19,0000";"PC";"0,0000";"3306"
"25400948704";"8605";"25/03/2026";"";"9406825547";"CASA FARIA MATERIAIS HIDRAULICOS LTDA";"0,00";"PEDIDO REFERENTE A MATERIAL URGENTE PARA ATENDER A OBRA TETRA PAK - 3341";"Em aberto";"16234283892";"0000000001328";"";"ABRACADEIRA TIPO D COM CUNHA 3""";"100,00";"0,8500";"PC";"0,0000";"3341"
"25400948704";"8605";"25/03/2026";"";"9406825547";"CASA FARIA MATERIAIS HIDRAULICOS LTDA";"0,00";"PEDIDO REFERENTE A MATERIAL URGENTE PARA ATENDER A OBRA TETRA PAK - 3341";"Em aberto";"9895595837";"0000000004066";"";"CHUMBADOR 1/4""";"87,00";"1,1300";"PC";"0,0000";"3341"
"25400948704";"8605";"25/03/2026";"";"9406825547";"CASA FARIA MATERIAIS HIDRAULICOS LTDA";"0,00";"PEDIDO REFERENTE A MATERIAL URGENTE PARA ATENDER A OBRA TETRA PAK - 3341";"Em aberto";"9895610720";"0000000004067";"WA.DI.PC01";"PORCA SEXTAVADA 1/4""";"2,00";"17,5000";"PC";"0,0000";"3341"
"25400948704";"8605";"25/03/2026";"";"9406825547";"CASA FARIA MATERIAIS HIDRAULICOS LTDA";"0,00";"PEDIDO REFERENTE A MATERIAL URGENTE PARA ATENDER A OBRA TETRA PAK - 3341";"Em aberto";"16356861381";"0000000002217";"";"ARRUELA LISA 1/4";"2,00";"13,5400";"PC";"0,0000";"3341"
"25400948704";"8605";"25/03/2026";"";"9406825547";"CASA FARIA MATERIAIS HIDRAULICOS LTDA";"0,00";"PEDIDO REFERENTE A MATERIAL URGENTE PARA ATENDER A OBRA TETRA PAK - 3341";"Em aberto";"0";"";"";"CONE E JAQUETA 1/4";"13,00";"0,6900";"PÇ";"0,0000";"3341"
"25403853259";"8606";"25/03/2026";"";"11776948826";"FIXAGOLD COMERCIO DE PARAFUSOS E ACESSORIOS LTDA";"0,00";"PEDIDO REFERENTE A COMPRA DE MATERIAL IMPORTANTE PARA A OBRA UNIVERSAL - 3313";"Em aberto";"16356861381";"0000000002217";"";"ARRUELA LISA 1/4";"100,00";"0,0300";"PC";"0,0000";"3313"
"25403853259";"8606";"25/03/2026";"";"11776948826";"FIXAGOLD COMERCIO DE PARAFUSOS E ACESSORIOS LTDA";"0,00";"PEDIDO REFERENTE A COMPRA DE MATERIAL IMPORTANTE PARA A OBRA UNIVERSAL - 3313";"Em aberto";"9895595837";"0000000004066";"";"CHUMBADOR 1/4""";"100,00";"0,4800";"PC";"0,0000";"3313"
"25403853259";"8606";"25/03/2026";"";"11776948826";"FIXAGOLD COMERCIO DE PARAFUSOS E ACESSORIOS LTDA";"0,00";"PEDIDO REFERENTE A COMPRA DE MATERIAL IMPORTANTE PARA A OBRA UNIVERSAL - 3313";"Em aberto";"9895676998";"0000000004069";"";"CHUMBADOR 3/8""";"100,00";"0,7500";"PC";"0,0000";"3313"
"25403853259";"8606";"25/03/2026";"";"11776948826";"FIXAGOLD COMERCIO DE PARAFUSOS E ACESSORIOS LTDA";"0,00";"PEDIDO REFERENTE A COMPRA DE MATERIAL IMPORTANTE PARA A OBRA UNIVERSAL - 3313";"Em aberto";"9895610720";"0000000004067";"";"PORCA SEXTAVADA 1/4""";"100,00";"0,0600";"PC";"0,0000";"3313"
"25403853259";"8606";"25/03/2026";"";"11776948826";"FIXAGOLD COMERCIO DE PARAFUSOS E ACESSORIOS LTDA";"0,00";"PEDIDO REFERENTE A COMPRA DE MATERIAL IMPORTANTE PARA A OBRA UNIVERSAL - 3313";"Em aberto";"16392614747";"0000000002263";"";"PROLONGADOR 1/4X50";"20,00";"1,9000";"";"0,0000";"3313"
"25403853259";"8606";"25/03/2026";"";"11776948826";"FIXAGOLD COMERCIO DE PARAFUSOS E ACESSORIOS LTDA";"0,00";"PEDIDO REFERENTE A COMPRA DE MATERIAL IMPORTANTE PARA A OBRA UNIVERSAL - 3313";"Em aberto";"9895657417";"0000000004068";"";"VERGALHÃO ROSCADO 1/4""";"25,00";"8,2000";"BR";"0,0000";"3313"
"25403853259";"8606";"25/03/2026";"";"11776948826";"FIXAGOLD COMERCIO DE PARAFUSOS E ACESSORIOS LTDA";"0,00";"PEDIDO REFERENTE A COMPRA DE MATERIAL IMPORTANTE PARA A OBRA UNIVERSAL - 3313";"Em aberto";"16158257396";"";"";"IMPOSTOS";"1,00";"0,5000";"um";"0,0000";"3313"
"25404299987";"8607";"25/03/2026";"";"17852443821";"MEGA PEAD TUBOS E CONEXOES LTDA";"0,00";"PEDIDO REFERENTE A PEDIDO DE VENDA - 1461";"Em aberto";"0";"";"";"TUBO PEAD PRETO DE75 SDR11 PN16 NC";"30,00";"36,8800";"MT";"0,0000";"P1461"
"25404299987";"8607";"25/03/2026";"";"17852443821";"MEGA PEAD TUBOS E CONEXOES LTDA";"0,00";"PEDIDO REFERENTE A PEDIDO DE VENDA - 1461";"Em aberto";"16593637776";"0000000004610";"";"COTOVELO EF PEAD DN75 X 90° SDR11 PN16 ID";"6,00";"148,2900";"PC";"0,0000";"P1461"
"25404299987";"8607";"25/03/2026";"";"17852443821";"MEGA PEAD TUBOS E CONEXOES LTDA";"0,00";"PEDIDO REFERENTE A PEDIDO DE VENDA - 1461";"Em aberto";"16593638793";"0000000004611";"";"TE EF PEAD DN75 SDR11 PN16 ID";"2,00";"187,2200";"PC";"0,0000";"P1461"
"25404299987";"8607";"25/03/2026";"";"17852443821";"MEGA PEAD TUBOS E CONEXOES LTDA";"0,00";"PEDIDO REFERENTE A PEDIDO DE VENDA - 1461";"Em aberto";"16593640204";"0000000004613";"";"TRANSIÇÃO PEAD PN16 DN75 X 2-1/2"" AÇO ROSCA MACHO NC";"7,00";"288,1200";"PC";"0,0000";"P1461"
"25404299987";"8607";"25/03/2026";"";"17852443821";"MEGA PEAD TUBOS E CONEXOES LTDA";"0,00";"PEDIDO REFERENTE A PEDIDO DE VENDA - 1461";"Em aberto";"16593639620";"0000000004612";"";"LUVA EF PEAD DN75 SDR11 PN16 ID";"6,00";"63,9600";"PC";"0,0000";"P1461"
"25404382235";"8608";"25/03/2026";"";"13582998298";"POTENZA COMERCIO E INDUSTRIA LTDA";"0,00";"PEDIDO REFERENTE A PEDIDO DE VENDA - 1461";"Em aberto";"16487427067";"0000000003305";"";"TUBO PVC PPR PN20 25MM";"35,00";"26,6200";"BR";"0,0000";"P1461"
"25404382235";"8608";"25/03/2026";"";"13582998298";"POTENZA COMERCIO E INDUSTRIA LTDA";"0,00";"PEDIDO REFERENTE A PEDIDO DE VENDA - 1461";"Em aberto";"16545119745";"0000000004487";"";"TUBO PVC PPR PN12 32MM";"20,00";"26,0500";"BR";"0,0000";"P1461"
"25404382235";"8608";"25/03/2026";"";"13582998298";"POTENZA COMERCIO E INDUSTRIA LTDA";"0,00";"PEDIDO REFERENTE A PEDIDO DE VENDA - 1461";"Em aberto";"0";"";"";"TUBO PVC PPR PN12 40MM";"5,00";"38,1200";"BR";"0,0000";"P1461"
"25404382235";"8608";"25/03/2026";"";"13582998298";"POTENZA COMERCIO E INDUSTRIA LTDA";"0,00";"PEDIDO REFERENTE A PEDIDO DE VENDA - 1461";"Em aberto";"16508462709";"0000000004106";"";"TUBO PVC PPR PN12 50MM";"15,00";"60,6800";"BR";"0,0000";"P1461"
"25404382235";"8608";"25/03/2026";"";"13582998298";"POTENZA COMERCIO E INDUSTRIA LTDA";"0,00";"PEDIDO REFERENTE A PEDIDO DE VENDA - 1461";"Em aberto";"16445660401";"0000000003040";"";"LUVA PVC PPR 25MM";"35,00";"1,8300";"PC";"0,0000";"P1461"
"25404382235";"8608";"25/03/2026";"";"13582998298";"POTENZA COMERCIO E INDUSTRIA LTDA";"0,00";"PEDIDO REFERENTE A PEDIDO DE VENDA - 1461";"Em aberto";"16316044368";"0000000001693";"";"LUVA PVC PPR 32MM";"15,00";"3,4900";"PC";"0,0000";"P1461"
"25404382235";"8608";"25/03/2026";"";"13582998298";"POTENZA COMERCIO E INDUSTRIA LTDA";"0,00";"PEDIDO REFERENTE A PEDIDO DE VENDA - 1461";"Em aberto";"16342970810";"0000000002120";"";"LUVA PVC PPR 50MM";"2,00";"11,9100";"PC";"0,0000";"P1461"
"25404382235";"8608";"25/03/2026";"";"13582998298";"POTENZA COMERCIO E INDUSTRIA LTDA";"0,00";"PEDIDO REFERENTE A PEDIDO DE VENDA - 1461";"Em aberto";"16378988929";"0000000002655";"";"COTOVELO PVC PPR 25MM X 90°";"25,00";"1,7900";"PÇ";"0,0000";"P1461"
"25404382235";"8608";"25/03/2026";"";"13582998298";"POTENZA COMERCIO E INDUSTRIA LTDA";"0,00";"PEDIDO REFERENTE A PEDIDO DE VENDA - 1461";"Em aberto";"16392614746";"0000000002262";"";"COTOVELO PVC PPR 32MM X 90°";"5,00";"3,3600";"PC";"0,0000";"P1461"
"25404382235";"8608";"25/03/2026";"";"13582998298";"POTENZA COMERCIO E INDUSTRIA LTDA";"0,00";"PEDIDO REFERENTE A PEDIDO DE VENDA - 1461";"Em aberto";"16318699500";"0000000001753";"";"COTOVELO PVC PPR 50MM X 90°";"1,00";"11,9300";"PÇ";"0,0000";"P1461"
"25404382235";"8608";"25/03/2026";"";"13582998298";"POTENZA COMERCIO E INDUSTRIA LTDA";"0,00";"PEDIDO REFERENTE A PEDIDO DE VENDA - 1461";"Em aberto";"16518503036";"0000000004286";"";"TE PVC PPR 32MM";"5,00";"6,8500";"PC";"0,0000";"P1461"
"25404382235";"8608";"25/03/2026";"";"13582998298";"POTENZA COMERCIO E INDUSTRIA LTDA";"0,00";"PEDIDO REFERENTE A PEDIDO DE VENDA - 1461";"Em aberto";"16518505457";"0000000004289";"";"TE PVC PPR 32 X 25MM";"5,00";"7,2600";"PC";"0,0000";"P1461"
"25404382235";"8608";"25/03/2026";"";"13582998298";"POTENZA COMERCIO E INDUSTRIA LTDA";"0,00";"PEDIDO REFERENTE A PEDIDO DE VENDA - 1461";"Em aberto";"16208006652";"0000000001224";"";"COTOVELO LR PVC PPR 25MM X 1/2""";"15,00";"12,3200";"PC";"0,0000";"P1461"
"25404382235";"8608";"25/03/2026";"";"13582998298";"POTENZA COMERCIO E INDUSTRIA LTDA";"0,00";"PEDIDO REFERENTE A PEDIDO DE VENDA - 1461";"Em aberto";"16348122122";"0000000002179";"";"BUCHA REDUCAO PVC PPR 50 X 40MM";"2,00";"16,7400";"PC";"0,0000";"P1461"
"25404382235";"8608";"25/03/2026";"";"13582998298";"POTENZA COMERCIO E INDUSTRIA LTDA";"0,00";"PEDIDO REFERENTE A PEDIDO DE VENDA - 1461";"Em aberto";"16372039716";"0000000002621";"";"BUCHA REDUCAO PVC PPR 32 X 25MM";"3,00";"4,1100";"PC";"0,0000";"P1461"
"25404382235";"8608";"25/03/2026";"";"13582998298";"POTENZA COMERCIO E INDUSTRIA LTDA";"0,00";"PEDIDO REFERENTE A PEDIDO DE VENDA - 1461";"Em aberto";"16096878511";"0000000000974";"";"FITA VEDA ROSCA 18MM X 50MT";"5,00";"9,3600";"PC";"0,0000";"P1461"
"25404434363";"8609";"25/03/2026";"";"15525702206";"COMERCIAL RIMAR LTDA";"0,00";"PEDIDO REFERENTE A PEDIDO DE VENDA - 1461";"Em aberto";"16462595424";"0000000003182";"";"TUBO AÇO CARBONO PRETO C/C 5590 SCH10 2.1/2 PINTADO VERMELHO";"5,00";"310,0000";"BR";"0,0000";"P1461"
"25404434363";"8609";"25/03/2026";"";"15525702206";"COMERCIAL RIMAR LTDA";"0,00";"PEDIDO REFERENTE A PEDIDO DE VENDA - 1461";"Em aberto";"16392183041";"0000000002769";"";"COTOVELO RANHURADO 2 1/2""(73MM) X 90°";"8,00";"23,9700";"PC";"0,0000";"P1461"
"25404434363";"8609";"25/03/2026";"";"15525702206";"COMERCIAL RIMAR LTDA";"0,00";"PEDIDO REFERENTE A PEDIDO DE VENDA - 1461";"Em aberto";"16049039991";"0000000000818";"";"TE RANHURADO 2 1/2""(73MM)";"2,00";"34,6500";"PC";"0,0000";"P1461"
"25404434363";"8609";"25/03/2026";"";"15525702206";"COMERCIAL RIMAR LTDA";"0,00";"PEDIDO REFERENTE A PEDIDO DE VENDA - 1461";"Em aberto";"11182103464";"0000000000241";"";"LUVA AÇO CARBONO PRETO BSP 2 1/2""";"3,00";"62,9700";"PC";"0,0000";"P1461"
"25404434363";"8609";"25/03/2026";"";"15525702206";"COMERCIAL RIMAR LTDA";"0,00";"PEDIDO REFERENTE A PEDIDO DE VENDA - 1461";"Em aberto";"16518569668";"0000000004301";"";"ACOPLAMENTO FLEXIVEL 2 1/2""(73MM)";"6,00";"17,1000";"PC";"0,0000";"P1461"
"25404434363";"8609";"25/03/2026";"";"15525702206";"COMERCIAL RIMAR LTDA";"0,00";"PEDIDO REFERENTE A PEDIDO DE VENDA - 1461";"Em aberto";"14382817686";"0000000000384";"";"PLUG AÇO CARBONO PRETO BSP 1/2""";"10,00";"2,4000";"PC";"0,0000";"P1461"
"25404434363";"8609";"25/03/2026";"";"15525702206";"COMERCIAL RIMAR LTDA";"0,00";"PEDIDO REFERENTE A PEDIDO DE VENDA - 1461";"Em aberto";"16158257396";"";"";"IMPOSTOS";"1,00";"11,8100";"um";"0,0000";"P1461"
"25409683545";"8610";"26/03/2026";"";"9406825547";"CASA FARIA MATERIAIS HIDRAULICOS LTDA";"0,00";"PEDIDO REFERENTE A VENDA 1461 - PARA OBRA HPBIO - 2789";"Em aberto";"16100245996";"0000000001012";"";"BUCHA REDUCAO PVC BRANCO 100 X 75MM";"20,00";"6,3600";"PC";"0,0000";"P1461"
"25409683545";"8610";"26/03/2026";"";"9406825547";"CASA FARIA MATERIAIS HIDRAULICOS LTDA";"0,00";"PEDIDO REFERENTE A VENDA 1461 - PARA OBRA HPBIO - 2789";"Em aberto";"16361778861";"0000000002483";"";"TUBO PVC BRANCO 100MM";"34,00";"76,5300";"BR";"0,0000";"P1461"
"25409683545";"8610";"26/03/2026";"";"9406825547";"CASA FARIA MATERIAIS HIDRAULICOS LTDA";"0,00";"PEDIDO REFERENTE A VENDA 1461 - PARA OBRA HPBIO - 2789";"Em aberto";"10293298854";"0000000000176";"AM.CE.LU.05";"LUVA PVC BRANCO 100MM";"20,00";"3,8500";"PC";"0,0000";"P1461"
"25409683545";"8610";"26/03/2026";"";"9406825547";"CASA FARIA MATERIAIS HIDRAULICOS LTDA";"0,00";"PEDIDO REFERENTE A VENDA 1461 - PARA OBRA HPBIO - 2789";"Em aberto";"16095837203";"0000000000964";"";"COTOVELO PVC BRANCO 100MM X 90º";"10,00";"6,0500";"PC";"0,0000";"P1461"
"25409683545";"8610";"26/03/2026";"";"9406825547";"CASA FARIA MATERIAIS HIDRAULICOS LTDA";"0,00";"PEDIDO REFERENTE A VENDA 1461 - PARA OBRA HPBIO - 2789";"Em aberto";"9706095384";"0000000003972";"";"TUBO PVC BRANCO 75MM";"60,00";"12,9400";"MT";"0,0000";"P1461"
"25409683545";"8610";"26/03/2026";"";"9406825547";"CASA FARIA MATERIAIS HIDRAULICOS LTDA";"0,00";"PEDIDO REFERENTE A VENDA 1461 - PARA OBRA HPBIO - 2789";"Em aberto";"16100229644";"0000000001005";"AM.CE.LU.03";"LUVA PVC BRANCO 75MM";"20,00";"3,7500";"PC";"0,0000";"P1461"
"25409683545";"8610";"26/03/2026";"";"9406825547";"CASA FARIA MATERIAIS HIDRAULICOS LTDA";"0,00";"PEDIDO REFERENTE A VENDA 1461 - PARA OBRA HPBIO - 2789";"Em aberto";"16100231932";"0000000001007";"AM.CE.JO45.03";"COTOVELO PVC BRANCO 75MM X 45º";"8,00";"4,9800";"PC";"0,0000";"P1461"
"25409683545";"8610";"26/03/2026";"";"9406825547";"CASA FARIA MATERIAIS HIDRAULICOS LTDA";"0,00";"PEDIDO REFERENTE A VENDA 1461 - PARA OBRA HPBIO - 2789";"Em aberto";"16362541699";"0000000002495";"";"ANEL DE BORRACHA 75MM";"100,00";"0,9000";"PC";"0,0000";"P1461"
"25409683545";"8610";"26/03/2026";"";"9406825547";"CASA FARIA MATERIAIS HIDRAULICOS LTDA";"0,00";"PEDIDO REFERENTE A VENDA 1461 - PARA OBRA HPBIO - 2789";"Em aberto";"16324209044";"0000000001817";"";"ANEL DE BORRACHA 100MM";"100,00";"1,1400";"PC";"0,0000";"P1461"
"25409683545";"8610";"26/03/2026";"";"9406825547";"CASA FARIA MATERIAIS HIDRAULICOS LTDA";"0,00";"PEDIDO REFERENTE A VENDA 1461 - PARA OBRA HPBIO - 2789";"Em aberto";"15900726450";"0000000000645";"AM.AD.0006";"TUBO DE COLA 850G";"5,00";"38,3900";"PC";"0,0000";"P1461"
"25409683545";"8610";"26/03/2026";"";"9406825547";"CASA FARIA MATERIAIS HIDRAULICOS LTDA";"0,00";"PEDIDO REFERENTE A VENDA 1461 - PARA OBRA HPBIO - 2789";"Em aberto";"16172594669";"0000000001170";"JR.LB.0002";"PASTA LUBRIFICANTE 950G";"2,00";"21,4000";"PC";"0,0000";"P1461"
"25409683545";"8610";"26/03/2026";"";"9406825547";"CASA FARIA MATERIAIS HIDRAULICOS LTDA";"0,00";"PEDIDO REFERENTE A VENDA 1461 - PARA OBRA HPBIO - 2789";"Em aberto";"16317546881";"0000000001728";"";"LAMINA DE SERRA";"3,00";"13,4900";"PC";"0,0000";"P1461"
"25409824967";"8611";"26/03/2026";"";"17812838700";"JULIO MOREIRA ALVES - PJ (56.257.019)";"0,00";"PEDIDO REFERENTE A EMPREITA NA OBRA CARDEAL ARCO VERDE - 3306

OBRA CARDEAL DE ARCO VERDE 

EMPREITEIRO JÚLIO MOREIRA 

VALOR 10.000,00 
52 pontos de spk 200,00 

1º parcelas. 3.000,00 26/03 
2 parcela. 3.500,00 05/04 
3ºparcela. 3.500,00. 20/04";"Em aberto";"16357119601";"";"";"EMPREITA";"1,00";"10.000,0000";"";"0,0000";"3306"
"25411494247";"8613";"26/03/2026";"";"18039895033";"DFZ INSTALACOES LTDA";"0,00";"PEDIDO REFERENTE A EMPREITA NA OBRA JANDAIA - 2449

R$110.000,00 RESTANTES NA APROVAÇÃO DA AVCB";"Em aberto";"16357119601";"";"";"EMPREITA";"1,00";"210.000,0000";"";"0,0000";"2449"
"25413611872";"8614";"26/03/2026";"";"9168691350";"CMHF COMERCIO E SERVICOS EIRELI";"0,00";"PEDIDO REFERENTE A COMPRA DE CAIXA DE BOMBOM PARA ONG

CONSIDERAR NA NF APENAS O VALOR DOS BOMBONS";"Em aberto";"16277772817";"";"";"BRINDE";"1,00";"116,9100";"un";"0,0000";""
"25413876896";"8615";"26/03/2026";"";"9406825547";"CASA FARIA MATERIAIS HIDRAULICOS LTDA";"0,00";"COMPRA REFERENTE A PEDIDO DE VENDA 1461 - PARA OBRA HPBIO - 2789";"Em aberto";"16563933373";"0000000004563";"";"FITA PERFURADA";"4,00";"35,0900";"PC";"0,0000";"P1461"
"25414224269";"8616";"26/03/2026";"";"17117181382";"SECAVE PARAFUSOS E FERRAMENTAS";"0,00";"COMPRA REFERENTE A PEDIDO DE VENDA 1461 - PARA OBRA HPBIO - 2789";"Em aberto";"16463431161";"0000000003189";"";"PARAFUSOS AUTO BROCANTE 4,2X19";"500,00";"0,2200";"PC";"0,0000";""
"25417260871";"8617";"27/03/2026";"";"13902521640";"PAULO ALVES VIEIRA";"0,00";"PEDIDO REFERENTE A EMPREITA REALIZADA NA OBRA HPBIO - 2789";"Em aberto";"16357119601";"";"";"EMPREITA";"1,00";"15.000,0000";"";"0,0000";"2789"
"25418293713";"8618";"27/03/2026";"";"12547815395";"CEMIL TUBOS E CONEXOES LTDA";"0,00";"COMPRA URGENTE REFERENTE A MATERIAL PARA A OBRA TGI - 3135";"Em aberto";"11182196185";"0000000000247";"";"UNIAO AÇO CARBONO PRETO BSP ASSENTO EM BRONZE 3/4""";"4,00";"90,6400";"PC";"0,0000";"3135"
"25418293713";"8618";"27/03/2026";"";"12547815395";"CEMIL TUBOS E CONEXOES LTDA";"0,00";"COMPRA URGENTE REFERENTE A MATERIAL PARA A OBRA TGI - 3135";"Em aberto";"16606293690";"0000000004652";"";"COTOVELO AÇO CARBONO PRETO 300 LIBRAS NPT 1"" X 90°";"2,00";"36,2600";"PC";"0,0000";"3135"
"25418293713";"8618";"27/03/2026";"";"12547815395";"CEMIL TUBOS E CONEXOES LTDA";"0,00";"COMPRA URGENTE REFERENTE A MATERIAL PARA A OBRA TGI - 3135";"Em aberto";"16463327807";"0000000003186";"";"BUCHA REDUCAO AÇO CARBONO PRETO BSP 1"" X 1/2""";"2,00";"11,5400";"PC";"0,0000";"3135"
"25418293713";"8618";"27/03/2026";"";"12547815395";"CEMIL TUBOS E CONEXOES LTDA";"0,00";"COMPRA URGENTE REFERENTE A MATERIAL PARA A OBRA TGI - 3135";"Em aberto";"16313917899";"0000000001652";"";"BUCHA REDUCAO ACO CARBONO PRETO BSP 1/2"" X 1/4""";"2,00";"5,3800";"PC";"0,0000";"3135"
"25418429112";"8619";"27/03/2026";"";"15525702206";"COMERCIAL RIMAR LTDA";"0,00";"PEDIDO REFERENTE A URGENCIA NA OBRA ARCO VERDE - 3306";"Em aberto";"16518567630";"0000000004299";"";"ACOPLAMENTO FLEXIVEL 2""";"4,00";"20,5500";"PC";"0,0000";"3306"
"25419202498";"8620";"27/03/2026";"";"16729308802";"FRANKLIN SADIKLARI ROCHA";"0,00";"PEDIDO REFERENTE A FRETE PARA ATENDER URGENCIA NA OBRA ARCO VERDE - 3306";"Em aberto";"9640855418";"";"";"FRETE";"1,00";"85,0000";"VB";"0,0000";"3306"
"25420763277";"8622";"27/03/2026";"";"15525702206";"COMERCIAL RIMAR LTDA";"0,00";"PEDIDO REFERENTE A URGENCIA NA OBRA TETRA PAK - 3341";"Em aberto";"16096878511";"0000000000974";"";"FITA VEDA ROSCA 18MM X 50MT";"7,00";"10,4300";"PC";"0,0000";"3341"
"25420763277";"8622";"27/03/2026";"";"15525702206";"COMERCIAL RIMAR LTDA";"0,00";"PEDIDO REFERENTE A URGENCIA NA OBRA TETRA PAK - 3341";"Em aberto";"16171244472";"0000000001147";"";"SPRINKLER PENDENTE RESPOSTA RAPIDA - 68º X 1/2"" - K80";"60,00";"24,6300";"PC";"0,0000";"3341"
"25420763277";"8622";"27/03/2026";"";"15525702206";"COMERCIAL RIMAR LTDA";"0,00";"PEDIDO REFERENTE A URGENCIA NA OBRA TETRA PAK - 3341";"Em aberto";"15863234813";"0000000000519";"";"CAIXA DE HIDRANTE 90X60X17 - SOBREPOR";"2,00";"241,0000";"PC";"0,0000";"3341"
"25436541938";"8623";"30/03/2026";"";"14037711864";"SIPEC COMERCIO REPRESENTACAO IMP. E SERVICOS LTDA";"0,00";"PAGAMENTO REFERENTE A PEDIDO DE VENDA - 1477 - PARA OBRA JANDAIA - 2449";"Em aberto";"16371800610";"0000000002595";"";"MANGUEIRA FLEXIVEL CORRUGADA UL PARA SPK, 1"" BSPT X 1/2"" NPT - 1M - EHASE-FLEX";"150,00";"74,0000";"PC";"0,0000";"P1477"
"25436541938";"8623";"30/03/2026";"";"14037711864";"SIPEC COMERCIO REPRESENTACAO IMP. E SERVICOS LTDA";"0,00";"PAGAMENTO REFERENTE A PEDIDO DE VENDA - 1477 - PARA OBRA JANDAIA - 2449";"Em aberto";"16158257396";"";"";"IMPOSTOS";"1,00";"360,7500";"um";"0,0000";"P1477"
"25436580693";"8624";"30/03/2026";"";"9406825547";"CASA FARIA MATERIAIS HIDRAULICOS LTDA";"0,00";"SOLICITAÇÃO REFERENTE A MATERIAL PARA OBRA TGI - 3135";"Em aberto";"16378988929";"0000000002655";"";"COTOVELO PVC PPR 25MM X 90°";"4,00";"2,1100";"PÇ";"0,0000";"3135"
"25436580693";"8624";"30/03/2026";"";"9406825547";"CASA FARIA MATERIAIS HIDRAULICOS LTDA";"0,00";"SOLICITAÇÃO REFERENTE A MATERIAL PARA OBRA TGI - 3135";"Em aberto";"16487427067";"0000000003305";"";"TUBO PVC PPR PN20 25MM";"4,00";"24,7200";"BR";"0,0000";"3135"
"25436580693";"8624";"30/03/2026";"";"9406825547";"CASA FARIA MATERIAIS HIDRAULICOS LTDA";"0,00";"SOLICITAÇÃO REFERENTE A MATERIAL PARA OBRA TGI - 3135";"Em aberto";"16518505457";"0000000004289";"";"TE PVC PPR 32 X 25MM";"1,00";"8,1900";"PC";"0,0000";"3135"
"25436580693";"8624";"30/03/2026";"";"9406825547";"CASA FARIA MATERIAIS HIDRAULICOS LTDA";"0,00";"SOLICITAÇÃO REFERENTE A MATERIAL PARA OBRA TGI - 3135";"Em aberto";"16172541480";"0000000001158";"";"CAPS PVC PPR 25MM";"2,00";"2,3900";"PC";"0,0000";"3135"
"25437428477";"8625";"30/03/2026";"";"14438411976";"ACESOLDA MATERIAIS DE SOLDA LTDA - EPP";"0,00";"PEDIDO REFERENTE A ABASTECIMENTO DE ESTOQUE";"Em aberto";"9113454981";"0000000003686";"4040";"DISCO DE CORTE 4.1/2""";"50,00";"2,0000";"UN";"0,0000";""
"25440081131";"8626";"30/03/2026";"";"15707888196";"CASA TOGNINI MATERIAIS HID E SANIT LTDA";"0,00";"SOLICITAÇÃO REFERENTE A PEDIDO DE VENDA - 1461 - PARA A OBRA HPBIO - 2789";"Em aberto";"9735592993";"0000000003986";"";"REGISTRO GAVETA BASE 3/4""";"3,00";"44,0600";"PC";"0,0000";"P1461"
"25440081131";"8626";"30/03/2026";"";"15707888196";"CASA TOGNINI MATERIAIS HID E SANIT LTDA";"0,00";"SOLICITAÇÃO REFERENTE A PEDIDO DE VENDA - 1461 - PARA A OBRA HPBIO - 2789";"Em aberto";"9735719500";"0000000003987";"";"REGISTRO PRESSAO BASE 3/4""";"1,00";"51,4600";"PC";"0,0000";"P1461"
"25440081131";"8626";"30/03/2026";"";"15707888196";"CASA TOGNINI MATERIAIS HID E SANIT LTDA";"0,00";"SOLICITAÇÃO REFERENTE A PEDIDO DE VENDA - 1461 - PARA A OBRA HPBIO - 2789";"Em aberto";"16074619576";"0000000000931";"";"COTOVELO PVC BRANCO 50MM X 90º";"10,00";"2,0300";"PC";"0,0000";"P1461"
"25440081131";"8626";"30/03/2026";"";"15707888196";"CASA TOGNINI MATERIAIS HID E SANIT LTDA";"0,00";"SOLICITAÇÃO REFERENTE A PEDIDO DE VENDA - 1461 - PARA A OBRA HPBIO - 2789";"Em aberto";"16074600350";"0000000000929";"";"COTOVELO PVC BRANCO 50MM X 45º";"10,00";"2,0600";"PC";"0,0000";"P1461"
"25440081131";"8626";"30/03/2026";"";"15707888196";"CASA TOGNINI MATERIAIS HID E SANIT LTDA";"0,00";"SOLICITAÇÃO REFERENTE A PEDIDO DE VENDA - 1461 - PARA A OBRA HPBIO - 2789";"Em aberto";"0";"";"";"TERMINAL DE VENTILAÇÃO 75MM";"2,00";"14,0900";"PC";"0,0000";"P1461"
"25440081131";"8626";"30/03/2026";"";"15707888196";"CASA TOGNINI MATERIAIS HID E SANIT LTDA";"0,00";"SOLICITAÇÃO REFERENTE A PEDIDO DE VENDA - 1461 - PARA A OBRA HPBIO - 2789";"Em aberto";"16590889234";"0000000004604";"";"CAIXA DE DESCARGA EMBUTIDA DECA MOD. 2500 CX.MC.AF";"3,00";"1.125,7500";"PC";"0,0000";"P1461"
"25440081131";"8626";"30/03/2026";"";"15707888196";"CASA TOGNINI MATERIAIS HID E SANIT LTDA";"0,00";"SOLICITAÇÃO REFERENTE A PEDIDO DE VENDA - 1461 - PARA A OBRA HPBIO - 2789";"Em aberto";"9706677933";"0000000003978";"";"TUBO PVC BRANCO 200MM";"6,00";"493,5900";"BR";"0,0000";"P1461"
"25440337481";"8627";"30/03/2026";"";"17633212980";"Epi Interlagos Comercio de Produtos Ltda";"0,00";"SOLICITAÇÃO REFERENTE A EPI PARA A OBRA UNIVERSAL - 3313";"Em aberto";"16576534627";"";"";"CINTO DE SEGURANÇA 2 TALABARTE";"2,00";"275,9900";"PC";"0,0000";"3313"
"25440337481";"8627";"30/03/2026";"";"17633212980";"Epi Interlagos Comercio de Produtos Ltda";"0,00";"SOLICITAÇÃO REFERENTE A EPI PARA A OBRA UNIVERSAL - 3313";"Em aberto";"16319242636";"0000000001773";"";"MASCARA RESPIRATORIA";"3,00";"1,5000";"";"0,0000";"3313"
"25448911892";"8628";"31/03/2026";"";"17804332544";"SMART ELETRICA E AUTOMACAO LTDA (LUIZ ENGENHEIRO)";"0,00";"PEDIDO VALIDO PARA PAGAMENTO AO ENGENHEIRO RESIDENTE DA OBRA JANDAIA";"Em aberto";"12883154459";"";"";"SERVICOS";"1,00";"6.666,6600";"VB";"0,0000";"2449"
"25449875386";"8629";"31/03/2026";"";"9196179052";"S GLOBAL ASSESSORIA";"0,00";"PEDIDO REFERENTE A  Renovações de documentos do Willian – encarregado de obras (PCMSO, PGR, Ordem de Serviço, NR 06, NR 18).";"Em aberto";"16365590662";"";"";"EXAMES";"1,00";"1.011,2000";"";"0,0000";""
"25449954063";"8630";"31/03/2026";"";"17812838700";"JULIO MOREIRA ALVES - PJ (56.257.019)";"0,00";"PEDIDO REFERENTE A EMPREITA NA OBRA HPBIO - 2789";"Em aberto";"16357119601";"";"";"EMPREITA";"1,00";"20.000,0000";"";"0,0000";"2789"
