"ID";"N° do pedido";"Data";"Data prevista";"ID contato";"Nome do contato";"Desconto";"Observações";"Situação";"ID produto";"Código";"Código no fornecedor";"Descrição";"Quantidade";"Valor unitário";"Un";"Frete do item";"Ordem de compra"
"24753820481";"8329";"02/02/2026";"";"16146762817";"AMAZON SERVICOS DE VAREJO DO BRASIL LTDA";"0,00";"COMPRA DE FILTRO PARA ABASTECER ESCRITÓRIO.

AVISAR NO ATO DO PAGAMENTO PARA SER GERADO O QR CODE.

LINK DO PRODUTO: https://www.amazon.com.br/Refil-Eletrolux-Purificador-PE10B-PE10X/dp/B07B9ZZ7V7/ref=asc_df_B07B9ZZ7V7?mcid=c132cfc789423978aef5937247333057&tag=googleshopp00-20&linkCode=df0&hvadid=709857067623&hvpos=&hvnetw=g&hvrand=11199021870455780755&hvpone=&hvptwo=&hvqmt=&hvdev=c&hvdvcmdl=&hvlocint=&hvlocphy=9197154&hvtargid=pla-593310449491&psc=1&language=pt_BR&gad_source=1";"Em aberto";"13582047714";"0000000000348";"";"REFIL FILTRO ELECTROLUX";"2,00";"46,7900";"PC";"0,0000";""
"24979449717";"8420";"02/02/2026";"";"16773093960";"PAES E DOCES INTERLAGOS LTDA - ME";"0,00";"PEDIDO REFERENTE AOS PÃES PARA O ESCRITÓRIO DO MÊS DE JANEIRO";"Em aberto";"16348492107";"";"";"PÃES";"1,00";"204,0000";"";"0,0000";""
"24980862151";"8421";"02/02/2026";"";"17929529645";"GILVAN BARBOSA LOPES";"0,00";"PEDIDO REFERENTE A FRETE REALIZADO PARA VENDA 1408";"Atendido";"9640855418";"";"";"FRETE";"1,00";"200,0000";"VB";"0,0000";"P1408"
"24984014654";"8422";"02/02/2026";"";"16893479316";"MERCADO LIVRE";"0,00";"MATERIAL SOLICITADO PARA ABASTECER O ESTOQUE.

LINK DO PRODUTO: https://www.mercadolivre.com.br/saco-construcao-rafia-50x70-kit-50-unidades/up/MLBU1980489016?pdp_filters=item_id:MLB3626352393&matt_tool=50299496&matt_internal_campaign_id=353119667&matt_word=&matt_source=google&matt_campaign_id=23048606139&matt_ad_group_id=193060354771&matt_match_type=&matt_network=g&matt_device=c&matt_creative=780278149866&matt_keyword=&matt_ad_position=&matt_ad_type=pla&matt_merchant_id=5090185362&matt_product_id=MLB3626352393&matt_product_partition_id=2447500411196&matt_target_id=aud-1966981570049:pla-2447500411196&cq_src=google_ads&cq_cmp=23048606139&cq_net=g&cq_plt=gp&cq_med=pla&gad_source=1&gad_campaignid=23048606139&gbraid=0AAAAAD93qcAzU1V3cozc0xYJO7EpfJPnE&gclid=EAIaIQobChMIrbnEoKa7kgMVi2dIAB06fRNrEAQYAiABEgKnlfD_BwE";"Em aberto";"16443709332";"0000000002317";"";"SACO DE NYLON";"1,00";"65,9900";"";"0,0000";""
"24986101618";"8424";"02/02/2026";"";"15525702206";"COMERCIAL RIMAR LTDA";"0,00";"PEDIDO REALIZADO REFERENTE A COMPRA PARA ABASTECER O ESTOQUE";"Em aberto";"9194015725";"0000000003729";"";"SPRINKLER PENDENTE RESPOSTA PADRÃO - 68º X 1/2"" - K80";"100,00";"17,0000";"PC";"0,0000";""
"24986101618";"8424";"02/02/2026";"";"15525702206";"COMERCIAL RIMAR LTDA";"0,00";"PEDIDO REALIZADO REFERENTE A COMPRA PARA ABASTECER O ESTOQUE";"Em aberto";"9288346216";"0000000003837";"";"SPRINKLER PENDENTE RESPOSTA PADRÃO - 79º X 1/2"" - K80";"20,00";"21,0000";"PC";"0,0000";""
"24986101618";"8424";"02/02/2026";"";"15525702206";"COMERCIAL RIMAR LTDA";"0,00";"PEDIDO REALIZADO REFERENTE A COMPRA PARA ABASTECER O ESTOQUE";"Em aberto";"9198556425";"0000000003735";"";"CANOPLA PARA SPRINKLER";"100,00";"2,1000";"PC";"0,0000";""
"24991392807";"8425";"03/02/2026";"";"17817353740";"MARCELO PAES ME";"0,00";"PEDIDO REFERENTE A LOCAÇÃO DOS MAQUINÁRIOS NA OBRA JANDAIA - 2449";"Em aberto";"16573863767";"";"";"LOCAÇÃO DE MAQUINARIO";"1,00";"8.000,0000";"VB";"0,0000";"2449"
"24995907583";"8428";"03/02/2026";"";"14438411976";"ACESOLDA MATERIAIS DE SOLDA LTDA - EPP";"0,00";"MATERIAL COMPRADO PARA ESTOQUE";"Em aberto";"10208584566";"0000000000160";"3290";"PASTA GEL PINHEIRO 2,5KG";"1,00";"68,5000";"PÇ";"0,0000";""
"24995907583";"8428";"03/02/2026";"";"14438411976";"ACESOLDA MATERIAIS DE SOLDA LTDA - EPP";"0,00";"MATERIAL COMPRADO PARA ESTOQUE";"Em aberto";"9893784040";"0000000004059";"";"ABRAÇADEIRA NYLON";"1,00";"20,5000";"UN";"0,0000";""
"24995907583";"8428";"03/02/2026";"";"14438411976";"ACESOLDA MATERIAIS DE SOLDA LTDA - EPP";"0,00";"MATERIAL COMPRADO PARA ESTOQUE";"Em aberto";"16425487352";"0000000002277";"";"SERRA COPO 32M";"1,00";"63,0000";"";"0,0000";""
"24995907583";"8428";"03/02/2026";"";"14438411976";"ACESOLDA MATERIAIS DE SOLDA LTDA - EPP";"0,00";"MATERIAL COMPRADO PARA ESTOQUE";"Em aberto";"16317546881";"0000000001728";"2456";"LAMINA DE SERRA";"2,00";"14,2000";"PC";"0,0000";""
"24996601932";"8429";"03/02/2026";"";"17938172571";"RBL ENGENHARIA PROJETOS E CONTRUCOES LTDA";"0,00";"SOLICITAÇÃO REFERENTE A EMPREITA NA OBRA JANDAIA  - 2449

PEDIDO REALIZADO VIA WHATSAPP PELO MÁRCIO.";"Em aberto";"16357119601";"";"";"EMPREITA";"1,00";"68.000,0000";"";"0,0000";"2449"
"25004964199";"8430";"04/02/2026";"";"9406825547";"CASA FARIA MATERIAIS HIDRAULICOS LTDA";"0,00";"MATERIAL SOLICITADO PARA ABASTECER OBRA GABRIELA BASTOS - 3333";"Em aberto";"16096878511";"0000000000974";"";"FITA VEDA ROSCA 18MM X 50MT";"10,00";"7,8900";"PC";"0,0000";"3333"
"25004964199";"8430";"04/02/2026";"";"9406825547";"CASA FARIA MATERIAIS HIDRAULICOS LTDA";"0,00";"MATERIAL SOLICITADO PARA ABASTECER OBRA GABRIELA BASTOS - 3333";"Em aberto";"14382817686";"0000000000384";"";"PLUG AÇO CARBONO PRETO BSP 1/2""";"10,00";"1,6100";"PC";"0,0000";"3333"
"25005609167";"8431";"04/02/2026";"";"16893479316";"MERCADO LIVRE";"0,00";"PEDIDO REFERENTE A COMPRA DE TONER PARA IMPRESSORA.

LINK DO ML: https://www.mercadolivre.com.br/toner-tn580-tn650-compativel-para-mfc8480dn-8870dn-8890dw/up/MLBU1712428280?quantity=2";"Em aberto";"15867256364";"";"";"TONER";"2,00";"37,0800";"PC";"0,0000";""
"25005609167";"8431";"04/02/2026";"";"16893479316";"MERCADO LIVRE";"0,00";"PEDIDO REFERENTE A COMPRA DE TONER PARA IMPRESSORA.

LINK DO ML: https://www.mercadolivre.com.br/toner-tn580-tn650-compativel-para-mfc8480dn-8870dn-8890dw/up/MLBU1712428280?quantity=2";"Em aberto";"9640855418";"";"";"FRETE";"1,00";"15,9900";"VB";"0,0000";""
"25005997916";"8432";"04/02/2026";"";"17922945434";"QUALLITY SOM E ACESSORIOS LTDA";"0,00";"PEDIDO REFERENTE A PELICULAS DE VIDRO PARA MANUTENÇÃO NO ESCRITÓRIO

ORÇAMENTO A R$510,00
LANÇAMENTO VISANDO O PAGAMENTO VIA PIX PARA ADQUIRIR 5% DE DESCONTO - TOTAL = R$484,50

PAGAMENTO A SER FEITO APÓS A REALIZAÇÃO DO SERVIÇO QUE FOI AGENDADO PARA SEGUNDA FEIRA";"Em aberto";"16277884578";"";"";"MATERIAIS PARA ESCRITORIO";"1,00";"484,5000";"UN";"0,0000";""
"25006033851";"8433";"04/02/2026";"";"9406825547";"CASA FARIA MATERIAIS HIDRAULICOS LTDA";"0,00";"MATERIAL SOLICITADO PARA ATENDER OBRA HPBIO - 2789";"Em aberto";"10293307586";"0000000000177";"";"LUVA PVC BRANCO 50MM";"10,00";"2,0700";"PC";"0,0000";"2789"
"25006125599";"8434";"04/02/2026";"";"9166946681";"ORLANE SILVA ROCHA";"0,00";"PEDIDO REFERENTE A MANUTENÇÃO REALIZADO PELO ORLANE NO ESCRITÓRIO";"Em aberto";"0";"";"";"MANUTENÇÃO";"1,00";"245,0000";"";"0,0000";""
"25006450199";"8435";"04/02/2026";"";"9228469919";"DONEGA BOLOS LTDA";"0,00";"PEDIDO REFERENTE A COMPRA DE BOLO PARA ""VANDA""";"Em aberto";"16480772652";"0000000003270";"";"BOLO";"1,00";"61,0000";"FD";"0,0000";""
"25007123126";"8436";"04/02/2026";"";"17832591256";"GURGELMIX MAQUINAS E FERRAMENTAS S.A.";"0,00";"ME AVISAR NA HORA QUE FOR FAZER O PAGAMENTO PARA GERAR QR CODE

MATERIAL SOLICITADO PARA ATENDER OBRA HPBIO - 2789";"Em aberto";"16468167153";"";"";"PARAFUSADEIRA/FURADEIRA BATERIA BIVOLT 12V";"1,00";"340,9000";"";"0,0000";"2789"
"25007123126";"8436";"04/02/2026";"";"17832591256";"GURGELMIX MAQUINAS E FERRAMENTAS S.A.";"0,00";"ME AVISAR NA HORA QUE FOR FAZER O PAGAMENTO PARA GERAR QR CODE

MATERIAL SOLICITADO PARA ATENDER OBRA HPBIO - 2789";"Em aberto";"16600070455";"";"";"ALICATE UNIVERSAL 8""";"1,00";"55,9000";"PC";"0,0000";"2789"
"25015266514";"8437";"05/02/2026";"";"17942450569";"DELL TECHNOLOGIES";"0,00";"PEDIDO REFERENTE A COMPRA DE MAQUINAS PARA A ENGENHARIA";"Em aberto";"16351987419";"0000000002391";"";"MATERIAL DE ESCRITÓRIO";"1,00";"7.527,0000";"";"0,0000";""
"25015629254";"8438";"05/02/2026";"";"16294523222";"SIDEILTON PROSPERO DA ROCHA";"0,00";"PEDIDO REFERENTE A EMPREITA REALIZADA NA OBRA GABRIELA - 3333";"Em aberto";"16357119601";"";"";"EMPREITA";"1,00";"2.800,0000";"";"0,0000";"3333"
"25016296213";"8439";"05/02/2026";"";"15707888196";"CASA TOGNINI MATERIAIS HID E SANIT LTDA";"0,00";"MATERIAL SOLICITADO PARA ATENDER OBRA JASMIM - 2652";"Em aberto";"9706095384";"0000000003972";"";"TUBO PVC BRANCO 75MM";"2,00";"77,7400";"BR";"0,0000";"2652"
"25016296213";"8439";"05/02/2026";"";"15707888196";"CASA TOGNINI MATERIAIS HID E SANIT LTDA";"0,00";"MATERIAL SOLICITADO PARA ATENDER OBRA JASMIM - 2652";"Em aberto";"10293507735";"0000000000183";"";"BUCHA REDUCAO PVC BRANCO 75 X 50MM";"2,00";"4,6500";"PC";"0,0000";"2652"
"25016296213";"8439";"05/02/2026";"";"15707888196";"CASA TOGNINI MATERIAIS HID E SANIT LTDA";"0,00";"MATERIAL SOLICITADO PARA ATENDER OBRA JASMIM - 2652";"Em aberto";"16449192842";"0000000003080";"";"CAIXA SIFONADA PVC BRANCO 100X100X50";"2,00";"13,1700";"PC";"0,0000";"2652"
"25016296213";"8439";"05/02/2026";"";"15707888196";"CASA TOGNINI MATERIAIS HID E SANIT LTDA";"0,00";"MATERIAL SOLICITADO PARA ATENDER OBRA JASMIM - 2652";"Em aberto";"9735592993";"0000000003986";"";"REGISTRO GAVETA BASE 3/4""";"5,00";"43,4200";"PC";"0,0000";"2652"
"25016296213";"8439";"05/02/2026";"";"15707888196";"CASA TOGNINI MATERIAIS HID E SANIT LTDA";"0,00";"MATERIAL SOLICITADO PARA ATENDER OBRA JASMIM - 2652";"Em aberto";"16518089902";"0000000004263";"";"CONECTOR FEMEA PVC PPR 25MM X 3/4""";"4,00";"19,1900";"PC";"0,0000";"2652"
"25016296213";"8439";"05/02/2026";"";"15707888196";"CASA TOGNINI MATERIAIS HID E SANIT LTDA";"0,00";"MATERIAL SOLICITADO PARA ATENDER OBRA JASMIM - 2652";"Em aberto";"16328741018";"0000000001895";"";"COTOVELO PVC SILENTIUM 50MM X 45°";"5,00";"5,0600";"PC";"0,0000";"2652"
"25016296213";"8439";"05/02/2026";"";"15707888196";"CASA TOGNINI MATERIAIS HID E SANIT LTDA";"0,00";"MATERIAL SOLICITADO PARA ATENDER OBRA JASMIM - 2652";"Em aberto";"16525222906";"0000000004377";"";"JUNCAO PVC SILENTIUM 50MM";"4,00";"14,5000";"PC";"0,0000";"2652"
"25016296213";"8439";"05/02/2026";"";"15707888196";"CASA TOGNINI MATERIAIS HID E SANIT LTDA";"0,00";"MATERIAL SOLICITADO PARA ATENDER OBRA JASMIM - 2652";"Em aberto";"9895610720";"0000000004067";"";"PORCA SEXTAVADA 1/4""";"200,00";"0,1500";"PC";"0,0000";"2652"
"25016296213";"8439";"05/02/2026";"";"15707888196";"CASA TOGNINI MATERIAIS HID E SANIT LTDA";"0,00";"MATERIAL SOLICITADO PARA ATENDER OBRA JASMIM - 2652";"Em aberto";"16356861381";"0000000002217";"";"ARRUELA LISA 1/4";"200,00";"0,1000";"PC";"0,0000";"2652"
"25016296213";"8439";"05/02/2026";"";"15707888196";"CASA TOGNINI MATERIAIS HID E SANIT LTDA";"0,00";"MATERIAL SOLICITADO PARA ATENDER OBRA JASMIM - 2652";"Em aberto";"9895657417";"0000000004068";"";"VERGALHÃO ROSCADO 1/4""";"5,00";"11,3000";"BR";"0,0000";"2652"
"25016296213";"8439";"05/02/2026";"";"15707888196";"CASA TOGNINI MATERIAIS HID E SANIT LTDA";"0,00";"MATERIAL SOLICITADO PARA ATENDER OBRA JASMIM - 2652";"Em aberto";"16318709005";"0000000001757";"";"LUVA PASSANTE PVC BRANCO 75MM";"2,00";"10,1300";"PC";"0,0000";"2652"
"25016296213";"8439";"05/02/2026";"";"15707888196";"CASA TOGNINI MATERIAIS HID E SANIT LTDA";"0,00";"MATERIAL SOLICITADO PARA ATENDER OBRA JASMIM - 2652";"Em aberto";"16354084328";"0000000002406";"";"PROLONGADOR LATAO CURTO 1/2""";"15,00";"5,6200";"PC";"0,0000";"2652"
"25016296213";"8439";"05/02/2026";"";"15707888196";"CASA TOGNINI MATERIAIS HID E SANIT LTDA";"0,00";"MATERIAL SOLICITADO PARA ATENDER OBRA JASMIM - 2652";"Em aberto";"16487427329";"0000000003306";"";"TUBO PVC PPR PN20 32MM";"12,00";"39,1500";"BR";"0,0000";"2652"
"25016296213";"8439";"05/02/2026";"";"15707888196";"CASA TOGNINI MATERIAIS HID E SANIT LTDA";"0,00";"MATERIAL SOLICITADO PARA ATENDER OBRA JASMIM - 2652";"Em aberto";"16318740688";"0000000001767";"";"TUBO PVC PPR PN20 50MM";"12,00";"83,4600";"BR";"0,0000";"2652"
"25016296213";"8439";"05/02/2026";"";"15707888196";"CASA TOGNINI MATERIAIS HID E SANIT LTDA";"0,00";"MATERIAL SOLICITADO PARA ATENDER OBRA JASMIM - 2652";"Em aberto";"16316044368";"0000000001693";"";"LUVA PVC PPR 32MM";"20,00";"3,3800";"PC";"0,0000";"2652"
"25016296213";"8439";"05/02/2026";"";"15707888196";"CASA TOGNINI MATERIAIS HID E SANIT LTDA";"0,00";"MATERIAL SOLICITADO PARA ATENDER OBRA JASMIM - 2652";"Em aberto";"16342970810";"0000000002120";"";"LUVA PVC PPR 50MM";"10,00";"11,5100";"PC";"0,0000";"2652"
"25016296213";"8439";"05/02/2026";"";"15707888196";"CASA TOGNINI MATERIAIS HID E SANIT LTDA";"0,00";"MATERIAL SOLICITADO PARA ATENDER OBRA JASMIM - 2652";"Em aberto";"16303923445";"0000000001576";"";"COTOVELO PVC PPR 32MM X 45°";"10,00";"6,6000";"PC";"0,0000";"2652"
"25016296213";"8439";"05/02/2026";"";"15707888196";"CASA TOGNINI MATERIAIS HID E SANIT LTDA";"0,00";"MATERIAL SOLICITADO PARA ATENDER OBRA JASMIM - 2652";"Em aberto";"16518424014";"0000000004277";"";"COTOVELO PVC PPR 50MM X 45°";"12,00";"20,8700";"PC";"0,0000";"2652"
"25016296213";"8439";"05/02/2026";"";"15707888196";"CASA TOGNINI MATERIAIS HID E SANIT LTDA";"0,00";"MATERIAL SOLICITADO PARA ATENDER OBRA JASMIM - 2652";"Em aberto";"16318699500";"0000000001753";"";"COTOVELO PVC PPR 50MM X 90°";"6,00";"11,5300";"PÇ";"0,0000";"2652"
"25016538571";"8440";"05/02/2026";"";"16614665233";"BRASLIMPO COMERCIAL LTDA";"0,00";"PEDIDO REFERENTE A MATERIAL PARA ESCRITÓRIO";"Em aberto";"16426059240";"";"";"MATERIAL DE CONSUMO";"1,00";"179,8400";"";"0,0000";""
"25025011290";"8441";"06/02/2026";"";"17646768420";"MAGAZINE LUIZA";"0,00";"PEDIDO REFERENTE A FILTRO D'AGUA PARA ESCRITÓRIA (SUBSTITUIÇÃO DA COMPRA QUE FOI FEITA ERRADA

LINK: https://www.magazineluiza.com.br/refil-filtro-para-purificador-electrolux-pe11b-pe11x-pc41b-pc41x-ph41b-e-ph41x-original/p/cad5kafff1/ep/efag/?&seller_id=climautil&utm_source=google&utm_medium=cpc&utm_term=83238&utm_campaign=google_eco_per_ven_pla_ele_apo_3p_ar-ed-ep-csp&utm_content=&partner_id=83238&gclsrc=aw.ds&gad_source=1&gad_campaignid=23341723806&gbraid=0AAAAAD4zZmR9NHMpCFi-EQ7HZ99v6ewmM&gclid=EAIaIQobChMIn4ebj6vFkgMV1l9IAB0JlTx1EAQYASABEgJ9ZPD_BwE";"Em aberto";"13582047714";"0000000000348";"";"REFIL FILTRO ELECTROLUX";"2,00";"54,1800";"PC";"0,0000";""
"25054228735";"8442";"10/02/2026";"";"15707888196";"CASA TOGNINI MATERIAIS HID E SANIT LTDA";"0,00";"MATERIAL SOLICITADO PARA ATENDER OBRA HPBIO - 2789

COMPRADO EM NOME DA AJGSPE";"Em aberto";"16361778861";"0000000002483";"";"TUBO PVC BRANCO 100MM";"20,00";"72,5100";"BR";"0,0000";"2789"
"25054228735";"8442";"10/02/2026";"";"15707888196";"CASA TOGNINI MATERIAIS HID E SANIT LTDA";"0,00";"MATERIAL SOLICITADO PARA ATENDER OBRA HPBIO - 2789

COMPRADO EM NOME DA AJGSPE";"Em aberto";"16024113131";"0000000000756";"";"FITA ACO PERFURADA 19X50MM 30MT";"2,00";"53,0100";"PC";"0,0000";"2789"
"25067540221";"8445";"11/02/2026";"";"15452465899";"FELAP MAQUINAS E EQUIPAMENTOS LTDA";"0,00";"MATERIAL SOLICITADO PARA ATENDER OBRA JANDAIA - 2449

COMPRA FEITA NO CRÉDITO DEVIDO A FALTA DE UM MATERIAL NA ULTIMA COMPRA.

SALDO ANTERIOR: R$351,84
VALOR DA COMPRA: R$125,69

SALDO ATUAL: R$226,15



";"Em aberto";"16603035864";"0000000004624";"";"SERRA COPO 83MM";"1,00";"0,0100";"PÇ";"0,0000";"2449"
"25067757963";"8446";"11/02/2026";"";"17404314482";"MOTTA SOLUCOES TUBULARES LTDA";"0,00";"COMPRA REFERENTE A PEDIDO DE VENDA - 1432";"Em aberto";"16469220011";"0000000003211";"";"SPRINKLER TY3255 PEND DRY K5.6 CAN. 8"" 68C RP NATURAL 1""";"11,00";"599,9700";"PC";"0,0000";"P1432"
"25067757963";"8446";"11/02/2026";"";"17404314482";"MOTTA SOLUCOES TUBULARES LTDA";"0,00";"COMPRA REFERENTE A PEDIDO DE VENDA - 1432";"Em aberto";"16158257396";"";"";"IMPOSTOS";"1,00";"214,5200";"um";"0,0000";"P1432"
"25074236252";"8447";"12/02/2026";"";"12547815395";"CEMIL TUBOS E CONEXOES LTDA";"0,00";"MATERIAL SOLICITADO PARA ATENDER PEDIDO DE VENDA - 1435";"Em aberto";"16519662546";"0000000004313";"";"TUBO ACO CARBONO PRETO S/C SCH40 1""";"6,00";"281,6000";"BR";"0,0000";"P1435"
"25075255453";"8448";"12/02/2026";"";"17817241141";"JUND-LOC LOCAÇÕES DE CONTAINER LTDA";"0,00";"CONTAINER SOLICITADO PARA ATENDER NECESSIDADES NA OBRA JANDAIA - 2449

OBS - EM NOME DA BIGPAR";"Em aberto";"16426059240";"";"";"MATERIAL DE CONSUMO";"1,00";"360,0000";"";"0,0000";"2449"
"25075274785";"8449";"12/02/2026";"";"17817241141";"JUND-LOC LOCAÇÕES DE CONTAINER LTDA";"0,00";"CONTAINER SOLICITADO PARA ATENDER NECESSIDADES NA OBRA JANDAIA - 2449

OBS - EM NOME DA BIGPAR";"Em aberto";"16426059240";"";"";"MATERIAL DE CONSUMO";"1,00";"550,0000";"";"0,0000";"2449"
"25080623488";"8450";"13/02/2026";"";"10945239129";"PORAO DAS TINTAS COMERCIAL LTDA. - EPP";"0,00";"MATERIAL SOLICITADO PARA ATENDER OBRA JANDAIA - 2449";"Em aberto";"16354097334";"0000000002211";"10.02.023";"PINCEL 1.1/2";"11,00";"5,0000";"PC";"0,0000";"2449"
"25080623488";"8450";"13/02/2026";"";"10945239129";"PORAO DAS TINTAS COMERCIAL LTDA. - EPP";"0,00";"MATERIAL SOLICITADO PARA ATENDER OBRA JANDAIA - 2449";"Em aberto";"16393051971";"0000000002264";"10.03.004";"ROLINHO DE PELO DE CARNEIRO 9CM";"1,00";"18,0000";"PC";"0,0000";"2449"
"25080623488";"8450";"13/02/2026";"";"10945239129";"PORAO DAS TINTAS COMERCIAL LTDA. - EPP";"0,00";"MATERIAL SOLICITADO PARA ATENDER OBRA JANDAIA - 2449";"Em aberto";"16328783334";"0000000001910";"";"ROLO DE ESPUMA 9CM";"10,00";"5,5000";"PÇ";"0,0000";"2449"
"25081339669";"8451";"13/02/2026";"";"17958458429";"ANDRE LUIS FRACCAROLLI (ESPETINHOS ESPERANCA)";"0,00";"PEDIDO REFERENTE A COMPRA NO ESPETINHOS ESPERANÇA PARA CONFRATERNIZAÇÃO.";"Em aberto";"15895001112";"";"";"ALIMENTACAO";"1,00";"261,3900";"VB";"0,0000";""
"25081968511";"8452";"13/02/2026";"";"17878186778";"JOSE CARLOS DE SOUZA (GLOBAL SOLUCOES)";"0,00";"PEDIDO REFERENTE A PAGAMENTO FEITO PARA A GLOBAL";"Em aberto";"16357119601";"";"";"EMPREITA";"1,00";"50.000,0000";"";"0,0000";"3135"
"25082741302";"8453";"13/02/2026";"";"10136137899";"Comercial Hatada";"0,00";"PEDIDO REFERENTE A ENFEITES PARA CONFRATERNIZAÇÃO";"Em aberto";"16426059240";"";"";"MATERIAL DE CONSUMO";"1,00";"34,9400";"";"0,0000";""
"25082756384";"8454";"13/02/2026";"";"9228404643";"STOP DUTRA BEBIDAS";"0,00";"PEDIDO REFERENTE A BEBIDAS PARA CONFRATERNIZAÇÃO";"Em aberto";"16365614683";"";"";"BEBIDAS";"1,00";"37,9600";"FD";"0,0000";""
"25082790296";"8455";"13/02/2026";"";"9168691350";"CMHF COMERCIO E SERVICOS EIRELI";"0,00";"PEDIDO REFERENTE A COMPRAS PARA CONFRATERNIZAÇÃO";"Em aberto";"16426059240";"";"";"MATERIAL DE CONSUMO";"1,00";"8,0800";"";"0,0000";""
"25082803485";"8456";"13/02/2026";"";"9168691350";"CMHF COMERCIO E SERVICOS EIRELI";"0,00";"PEDIDO REFERENTE A ALIMENTAÇÃO PARA CONFRATERNIZAÇÃO";"Em aberto";"15895001112";"";"";"ALIMENTACAO";"1,00";"47,0000";"VB";"0,0000";""
"25083411983";"8457";"13/02/2026";"";"15707888196";"CASA TOGNINI MATERIAIS HID E SANIT LTDA";"0,00";"MATERIAL RETIRADO EM NOME DA AJGSPE DE ACORDO COM O QUE FOI PASSADO PELO MÁRCIO.

CONFORME CONVERSA DIRETO COM O VICTOR, O MÁRCIO INFORMOU QUE A PRÓPRIA GERENCIADORA IRÁ FICAR RESPONSÁVEL PELOS PAGAMENTOS.
PEDIDO REALIZADO SEM A APROVAÇÃO DO ORÇAMENTO.

DEVIDO A FALTA DE ATENÇÃO POR PARTE DA EPSON, O BOLETO NAO FOI LANÇADO CORRETAMENTE E ESTAMOS NOS RESPONSABILIZANDO PELO PAGAMENTO DO SEGUNDO BOLETO, PARA SERMOS REEMBOLSADOS 10/05 (ESSA ATUALIZAÇÃO ESTÁ SENDO FEITA DIA 16/04).
MARCIO AUTORIZOU VIA LIGAÇÃO A FAZER ESSE PROCESSO
BOLETO SENDO PAGO COM JUROS DOIS DIAS APÓS O VENCIMENTO";"Em aberto";"16309236955";"0000000004544";"";"CARTUCHO GAS BUTANO REFIL NAUTIKA 227GR";"2,00";"37,8800";"PC";"0,0000";"3135 e 2449"
"25083411983";"8457";"13/02/2026";"";"15707888196";"CASA TOGNINI MATERIAIS HID E SANIT LTDA";"0,00";"MATERIAL RETIRADO EM NOME DA AJGSPE DE ACORDO COM O QUE FOI PASSADO PELO MÁRCIO.

CONFORME CONVERSA DIRETO COM O VICTOR, O MÁRCIO INFORMOU QUE A PRÓPRIA GERENCIADORA IRÁ FICAR RESPONSÁVEL PELOS PAGAMENTOS.
PEDIDO REALIZADO SEM A APROVAÇÃO DO ORÇAMENTO.

DEVIDO A FALTA DE ATENÇÃO POR PARTE DA EPSON, O BOLETO NAO FOI LANÇADO CORRETAMENTE E ESTAMOS NOS RESPONSABILIZANDO PELO PAGAMENTO DO SEGUNDO BOLETO, PARA SERMOS REEMBOLSADOS 10/05 (ESSA ATUALIZAÇÃO ESTÁ SENDO FEITA DIA 16/04).
MARCIO AUTORIZOU VIA LIGAÇÃO A FAZER ESSE PROCESSO
BOLETO SENDO PAGO COM JUROS DOIS DIAS APÓS O VENCIMENTO";"Em aberto";"16049504902";"0000000000840";"";"CARRETEL DE ESTANHO 50X50";"2,00";"122,5600";"PC";"0,0000";"3135 e 2449"
"25083411983";"8457";"13/02/2026";"";"15707888196";"CASA TOGNINI MATERIAIS HID E SANIT LTDA";"0,00";"MATERIAL RETIRADO EM NOME DA AJGSPE DE ACORDO COM O QUE FOI PASSADO PELO MÁRCIO.

CONFORME CONVERSA DIRETO COM O VICTOR, O MÁRCIO INFORMOU QUE A PRÓPRIA GERENCIADORA IRÁ FICAR RESPONSÁVEL PELOS PAGAMENTOS.
PEDIDO REALIZADO SEM A APROVAÇÃO DO ORÇAMENTO.

DEVIDO A FALTA DE ATENÇÃO POR PARTE DA EPSON, O BOLETO NAO FOI LANÇADO CORRETAMENTE E ESTAMOS NOS RESPONSABILIZANDO PELO PAGAMENTO DO SEGUNDO BOLETO, PARA SERMOS REEMBOLSADOS 10/05 (ESSA ATUALIZAÇÃO ESTÁ SENDO FEITA DIA 16/04).
MARCIO AUTORIZOU VIA LIGAÇÃO A FAZER ESSE PROCESSO
BOLETO SENDO PAGO COM JUROS DOIS DIAS APÓS O VENCIMENTO";"Em aberto";"15218264194";"0000000000421";"";"PASTA PARA SOLDA 450GR";"2,00";"10,7200";"PC";"0,0000";"3135 e 2449"
"25083411983";"8457";"13/02/2026";"";"15707888196";"CASA TOGNINI MATERIAIS HID E SANIT LTDA";"0,00";"MATERIAL RETIRADO EM NOME DA AJGSPE DE ACORDO COM O QUE FOI PASSADO PELO MÁRCIO.

CONFORME CONVERSA DIRETO COM O VICTOR, O MÁRCIO INFORMOU QUE A PRÓPRIA GERENCIADORA IRÁ FICAR RESPONSÁVEL PELOS PAGAMENTOS.
PEDIDO REALIZADO SEM A APROVAÇÃO DO ORÇAMENTO.

DEVIDO A FALTA DE ATENÇÃO POR PARTE DA EPSON, O BOLETO NAO FOI LANÇADO CORRETAMENTE E ESTAMOS NOS RESPONSABILIZANDO PELO PAGAMENTO DO SEGUNDO BOLETO, PARA SERMOS REEMBOLSADOS 10/05 (ESSA ATUALIZAÇÃO ESTÁ SENDO FEITA DIA 16/04).
MARCIO AUTORIZOU VIA LIGAÇÃO A FAZER ESSE PROCESSO
BOLETO SENDO PAGO COM JUROS DOIS DIAS APÓS O VENCIMENTO";"Em aberto";"15888852351";"0000000000571";"";"LIXA FERRO Nº100";"9,00";"2,0700";"PC";"0,0000";"3135 e 2449"
"25083411983";"8457";"13/02/2026";"";"15707888196";"CASA TOGNINI MATERIAIS HID E SANIT LTDA";"0,00";"MATERIAL RETIRADO EM NOME DA AJGSPE DE ACORDO COM O QUE FOI PASSADO PELO MÁRCIO.

CONFORME CONVERSA DIRETO COM O VICTOR, O MÁRCIO INFORMOU QUE A PRÓPRIA GERENCIADORA IRÁ FICAR RESPONSÁVEL PELOS PAGAMENTOS.
PEDIDO REALIZADO SEM A APROVAÇÃO DO ORÇAMENTO.

DEVIDO A FALTA DE ATENÇÃO POR PARTE DA EPSON, O BOLETO NAO FOI LANÇADO CORRETAMENTE E ESTAMOS NOS RESPONSABILIZANDO PELO PAGAMENTO DO SEGUNDO BOLETO, PARA SERMOS REEMBOLSADOS 10/05 (ESSA ATUALIZAÇÃO ESTÁ SENDO FEITA DIA 16/04).
MARCIO AUTORIZOU VIA LIGAÇÃO A FAZER ESSE PROCESSO
BOLETO SENDO PAGO COM JUROS DOIS DIAS APÓS O VENCIMENTO";"Em aberto";"0";"";"";"BOCAL TERMOFUSOR 32MM";"1,00";"53,0700";"PC";"0,0000";"3135 e 2449"
"25083411983";"8457";"13/02/2026";"";"15707888196";"CASA TOGNINI MATERIAIS HID E SANIT LTDA";"0,00";"MATERIAL RETIRADO EM NOME DA AJGSPE DE ACORDO COM O QUE FOI PASSADO PELO MÁRCIO.

CONFORME CONVERSA DIRETO COM O VICTOR, O MÁRCIO INFORMOU QUE A PRÓPRIA GERENCIADORA IRÁ FICAR RESPONSÁVEL PELOS PAGAMENTOS.
PEDIDO REALIZADO SEM A APROVAÇÃO DO ORÇAMENTO.

DEVIDO A FALTA DE ATENÇÃO POR PARTE DA EPSON, O BOLETO NAO FOI LANÇADO CORRETAMENTE E ESTAMOS NOS RESPONSABILIZANDO PELO PAGAMENTO DO SEGUNDO BOLETO, PARA SERMOS REEMBOLSADOS 10/05 (ESSA ATUALIZAÇÃO ESTÁ SENDO FEITA DIA 16/04).
MARCIO AUTORIZOU VIA LIGAÇÃO A FAZER ESSE PROCESSO
BOLETO SENDO PAGO COM JUROS DOIS DIAS APÓS O VENCIMENTO";"Em aberto";"0";"";"";"BOCAL TERMOFUSOR 25MM";"1,00";"46,1400";"PC";"0,0000";"3135 e 2449"
"25083411983";"8457";"13/02/2026";"";"15707888196";"CASA TOGNINI MATERIAIS HID E SANIT LTDA";"0,00";"MATERIAL RETIRADO EM NOME DA AJGSPE DE ACORDO COM O QUE FOI PASSADO PELO MÁRCIO.

CONFORME CONVERSA DIRETO COM O VICTOR, O MÁRCIO INFORMOU QUE A PRÓPRIA GERENCIADORA IRÁ FICAR RESPONSÁVEL PELOS PAGAMENTOS.
PEDIDO REALIZADO SEM A APROVAÇÃO DO ORÇAMENTO.

DEVIDO A FALTA DE ATENÇÃO POR PARTE DA EPSON, O BOLETO NAO FOI LANÇADO CORRETAMENTE E ESTAMOS NOS RESPONSABILIZANDO PELO PAGAMENTO DO SEGUNDO BOLETO, PARA SERMOS REEMBOLSADOS 10/05 (ESSA ATUALIZAÇÃO ESTÁ SENDO FEITA DIA 16/04).
MARCIO AUTORIZOU VIA LIGAÇÃO A FAZER ESSE PROCESSO
BOLETO SENDO PAGO COM JUROS DOIS DIAS APÓS O VENCIMENTO";"Em aberto";"0";"";"";"BOCAL TERMOFUSOR 40MM";"1,00";"59,8300";"PC";"0,0000";"3135 e 2449"
"25083411983";"8457";"13/02/2026";"";"15707888196";"CASA TOGNINI MATERIAIS HID E SANIT LTDA";"0,00";"MATERIAL RETIRADO EM NOME DA AJGSPE DE ACORDO COM O QUE FOI PASSADO PELO MÁRCIO.

CONFORME CONVERSA DIRETO COM O VICTOR, O MÁRCIO INFORMOU QUE A PRÓPRIA GERENCIADORA IRÁ FICAR RESPONSÁVEL PELOS PAGAMENTOS.
PEDIDO REALIZADO SEM A APROVAÇÃO DO ORÇAMENTO.

DEVIDO A FALTA DE ATENÇÃO POR PARTE DA EPSON, O BOLETO NAO FOI LANÇADO CORRETAMENTE E ESTAMOS NOS RESPONSABILIZANDO PELO PAGAMENTO DO SEGUNDO BOLETO, PARA SERMOS REEMBOLSADOS 10/05 (ESSA ATUALIZAÇÃO ESTÁ SENDO FEITA DIA 16/04).
MARCIO AUTORIZOU VIA LIGAÇÃO A FAZER ESSE PROCESSO
BOLETO SENDO PAGO COM JUROS DOIS DIAS APÓS O VENCIMENTO";"Em aberto";"0";"";"";"TESOURA PARA PPR";"1,00";"188,6100";"PC";"0,0000";"3135 e 2449"
"25083411983";"8457";"13/02/2026";"";"15707888196";"CASA TOGNINI MATERIAIS HID E SANIT LTDA";"0,00";"MATERIAL RETIRADO EM NOME DA AJGSPE DE ACORDO COM O QUE FOI PASSADO PELO MÁRCIO.

CONFORME CONVERSA DIRETO COM O VICTOR, O MÁRCIO INFORMOU QUE A PRÓPRIA GERENCIADORA IRÁ FICAR RESPONSÁVEL PELOS PAGAMENTOS.
PEDIDO REALIZADO SEM A APROVAÇÃO DO ORÇAMENTO.

DEVIDO A FALTA DE ATENÇÃO POR PARTE DA EPSON, O BOLETO NAO FOI LANÇADO CORRETAMENTE E ESTAMOS NOS RESPONSABILIZANDO PELO PAGAMENTO DO SEGUNDO BOLETO, PARA SERMOS REEMBOLSADOS 10/05 (ESSA ATUALIZAÇÃO ESTÁ SENDO FEITA DIA 16/04).
MARCIO AUTORIZOU VIA LIGAÇÃO A FAZER ESSE PROCESSO
BOLETO SENDO PAGO COM JUROS DOIS DIAS APÓS O VENCIMENTO";"Em aberto";"15900726450";"0000000000645";"";"TUBO DE COLA 850G";"3,00";"40,2100";"PC";"0,0000";"3135 e 2449"
"25083411983";"8457";"13/02/2026";"";"15707888196";"CASA TOGNINI MATERIAIS HID E SANIT LTDA";"0,00";"MATERIAL RETIRADO EM NOME DA AJGSPE DE ACORDO COM O QUE FOI PASSADO PELO MÁRCIO.

CONFORME CONVERSA DIRETO COM O VICTOR, O MÁRCIO INFORMOU QUE A PRÓPRIA GERENCIADORA IRÁ FICAR RESPONSÁVEL PELOS PAGAMENTOS.
PEDIDO REALIZADO SEM A APROVAÇÃO DO ORÇAMENTO.

DEVIDO A FALTA DE ATENÇÃO POR PARTE DA EPSON, O BOLETO NAO FOI LANÇADO CORRETAMENTE E ESTAMOS NOS RESPONSABILIZANDO PELO PAGAMENTO DO SEGUNDO BOLETO, PARA SERMOS REEMBOLSADOS 10/05 (ESSA ATUALIZAÇÃO ESTÁ SENDO FEITA DIA 16/04).
MARCIO AUTORIZOU VIA LIGAÇÃO A FAZER ESSE PROCESSO
BOLETO SENDO PAGO COM JUROS DOIS DIAS APÓS O VENCIMENTO";"Em aberto";"0";"";"";"BROCA SDS PLUS 6MM";"1,00";"7,3500";"PC";"0,0000";"3135 e 2449"
"25083411983";"8457";"13/02/2026";"";"15707888196";"CASA TOGNINI MATERIAIS HID E SANIT LTDA";"0,00";"MATERIAL RETIRADO EM NOME DA AJGSPE DE ACORDO COM O QUE FOI PASSADO PELO MÁRCIO.

CONFORME CONVERSA DIRETO COM O VICTOR, O MÁRCIO INFORMOU QUE A PRÓPRIA GERENCIADORA IRÁ FICAR RESPONSÁVEL PELOS PAGAMENTOS.
PEDIDO REALIZADO SEM A APROVAÇÃO DO ORÇAMENTO.

DEVIDO A FALTA DE ATENÇÃO POR PARTE DA EPSON, O BOLETO NAO FOI LANÇADO CORRETAMENTE E ESTAMOS NOS RESPONSABILIZANDO PELO PAGAMENTO DO SEGUNDO BOLETO, PARA SERMOS REEMBOLSADOS 10/05 (ESSA ATUALIZAÇÃO ESTÁ SENDO FEITA DIA 16/04).
MARCIO AUTORIZOU VIA LIGAÇÃO A FAZER ESSE PROCESSO
BOLETO SENDO PAGO COM JUROS DOIS DIAS APÓS O VENCIMENTO";"Em aberto";"16463431163";"0000000003190";"";"ÓCULOS SOBREPOR";"3,00";"6,0500";"PC";"0,0000";"3135 e 2449"
"25083411983";"8457";"13/02/2026";"";"15707888196";"CASA TOGNINI MATERIAIS HID E SANIT LTDA";"0,00";"MATERIAL RETIRADO EM NOME DA AJGSPE DE ACORDO COM O QUE FOI PASSADO PELO MÁRCIO.

CONFORME CONVERSA DIRETO COM O VICTOR, O MÁRCIO INFORMOU QUE A PRÓPRIA GERENCIADORA IRÁ FICAR RESPONSÁVEL PELOS PAGAMENTOS.
PEDIDO REALIZADO SEM A APROVAÇÃO DO ORÇAMENTO.

DEVIDO A FALTA DE ATENÇÃO POR PARTE DA EPSON, O BOLETO NAO FOI LANÇADO CORRETAMENTE E ESTAMOS NOS RESPONSABILIZANDO PELO PAGAMENTO DO SEGUNDO BOLETO, PARA SERMOS REEMBOLSADOS 10/05 (ESSA ATUALIZAÇÃO ESTÁ SENDO FEITA DIA 16/04).
MARCIO AUTORIZOU VIA LIGAÇÃO A FAZER ESSE PROCESSO
BOLETO SENDO PAGO COM JUROS DOIS DIAS APÓS O VENCIMENTO";"Em aberto";"16378988929";"0000000002655";"";"COTOVELO PVC PPR 25MM X 90°";"20,00";"1,7700";"PÇ";"0,0000";"3135 e 2449"
"25083411983";"8457";"13/02/2026";"";"15707888196";"CASA TOGNINI MATERIAIS HID E SANIT LTDA";"0,00";"MATERIAL RETIRADO EM NOME DA AJGSPE DE ACORDO COM O QUE FOI PASSADO PELO MÁRCIO.

CONFORME CONVERSA DIRETO COM O VICTOR, O MÁRCIO INFORMOU QUE A PRÓPRIA GERENCIADORA IRÁ FICAR RESPONSÁVEL PELOS PAGAMENTOS.
PEDIDO REALIZADO SEM A APROVAÇÃO DO ORÇAMENTO.

DEVIDO A FALTA DE ATENÇÃO POR PARTE DA EPSON, O BOLETO NAO FOI LANÇADO CORRETAMENTE E ESTAMOS NOS RESPONSABILIZANDO PELO PAGAMENTO DO SEGUNDO BOLETO, PARA SERMOS REEMBOLSADOS 10/05 (ESSA ATUALIZAÇÃO ESTÁ SENDO FEITA DIA 16/04).
MARCIO AUTORIZOU VIA LIGAÇÃO A FAZER ESSE PROCESSO
BOLETO SENDO PAGO COM JUROS DOIS DIAS APÓS O VENCIMENTO";"Em aberto";"16392614746";"0000000002262";"";"COTOVELO PVC PPR 32MM X 90°";"5,00";"3,3200";"PC";"0,0000";"3135 e 2449"
"25083411983";"8457";"13/02/2026";"";"15707888196";"CASA TOGNINI MATERIAIS HID E SANIT LTDA";"0,00";"MATERIAL RETIRADO EM NOME DA AJGSPE DE ACORDO COM O QUE FOI PASSADO PELO MÁRCIO.

CONFORME CONVERSA DIRETO COM O VICTOR, O MÁRCIO INFORMOU QUE A PRÓPRIA GERENCIADORA IRÁ FICAR RESPONSÁVEL PELOS PAGAMENTOS.
PEDIDO REALIZADO SEM A APROVAÇÃO DO ORÇAMENTO.

DEVIDO A FALTA DE ATENÇÃO POR PARTE DA EPSON, O BOLETO NAO FOI LANÇADO CORRETAMENTE E ESTAMOS NOS RESPONSABILIZANDO PELO PAGAMENTO DO SEGUNDO BOLETO, PARA SERMOS REEMBOLSADOS 10/05 (ESSA ATUALIZAÇÃO ESTÁ SENDO FEITA DIA 16/04).
MARCIO AUTORIZOU VIA LIGAÇÃO A FAZER ESSE PROCESSO
BOLETO SENDO PAGO COM JUROS DOIS DIAS APÓS O VENCIMENTO";"Em aberto";"15218182347";"0000000000416";"";"COTOVELO COBRE SEM ANEL 22MM X 90º";"20,00";"10,9100";"PC";"0,0000";"3135 e 2449"
"25083411983";"8457";"13/02/2026";"";"15707888196";"CASA TOGNINI MATERIAIS HID E SANIT LTDA";"0,00";"MATERIAL RETIRADO EM NOME DA AJGSPE DE ACORDO COM O QUE FOI PASSADO PELO MÁRCIO.

CONFORME CONVERSA DIRETO COM O VICTOR, O MÁRCIO INFORMOU QUE A PRÓPRIA GERENCIADORA IRÁ FICAR RESPONSÁVEL PELOS PAGAMENTOS.
PEDIDO REALIZADO SEM A APROVAÇÃO DO ORÇAMENTO.

DEVIDO A FALTA DE ATENÇÃO POR PARTE DA EPSON, O BOLETO NAO FOI LANÇADO CORRETAMENTE E ESTAMOS NOS RESPONSABILIZANDO PELO PAGAMENTO DO SEGUNDO BOLETO, PARA SERMOS REEMBOLSADOS 10/05 (ESSA ATUALIZAÇÃO ESTÁ SENDO FEITA DIA 16/04).
MARCIO AUTORIZOU VIA LIGAÇÃO A FAZER ESSE PROCESSO
BOLETO SENDO PAGO COM JUROS DOIS DIAS APÓS O VENCIMENTO";"Em aberto";"9802044777";"0000000004025";"";"VALVULA ESFERA LATAO 3/4""";"2,00";"31,4900";"PC";"0,0000";"3135 e 2449"
"25083411983";"8457";"13/02/2026";"";"15707888196";"CASA TOGNINI MATERIAIS HID E SANIT LTDA";"0,00";"MATERIAL RETIRADO EM NOME DA AJGSPE DE ACORDO COM O QUE FOI PASSADO PELO MÁRCIO.

CONFORME CONVERSA DIRETO COM O VICTOR, O MÁRCIO INFORMOU QUE A PRÓPRIA GERENCIADORA IRÁ FICAR RESPONSÁVEL PELOS PAGAMENTOS.
PEDIDO REALIZADO SEM A APROVAÇÃO DO ORÇAMENTO.

DEVIDO A FALTA DE ATENÇÃO POR PARTE DA EPSON, O BOLETO NAO FOI LANÇADO CORRETAMENTE E ESTAMOS NOS RESPONSABILIZANDO PELO PAGAMENTO DO SEGUNDO BOLETO, PARA SERMOS REEMBOLSADOS 10/05 (ESSA ATUALIZAÇÃO ESTÁ SENDO FEITA DIA 16/04).
MARCIO AUTORIZOU VIA LIGAÇÃO A FAZER ESSE PROCESSO
BOLETO SENDO PAGO COM JUROS DOIS DIAS APÓS O VENCIMENTO";"Em aberto";"16405233827";"0000000002819";"";"CONECTOR MACHO PVC PPR 25MM X 3/4""";"16,00";"19,6500";"PC";"0,0000";"3135 e 2449"
"25083411983";"8457";"13/02/2026";"";"15707888196";"CASA TOGNINI MATERIAIS HID E SANIT LTDA";"0,00";"MATERIAL RETIRADO EM NOME DA AJGSPE DE ACORDO COM O QUE FOI PASSADO PELO MÁRCIO.

CONFORME CONVERSA DIRETO COM O VICTOR, O MÁRCIO INFORMOU QUE A PRÓPRIA GERENCIADORA IRÁ FICAR RESPONSÁVEL PELOS PAGAMENTOS.
PEDIDO REALIZADO SEM A APROVAÇÃO DO ORÇAMENTO.

DEVIDO A FALTA DE ATENÇÃO POR PARTE DA EPSON, O BOLETO NAO FOI LANÇADO CORRETAMENTE E ESTAMOS NOS RESPONSABILIZANDO PELO PAGAMENTO DO SEGUNDO BOLETO, PARA SERMOS REEMBOLSADOS 10/05 (ESSA ATUALIZAÇÃO ESTÁ SENDO FEITA DIA 16/04).
MARCIO AUTORIZOU VIA LIGAÇÃO A FAZER ESSE PROCESSO
BOLETO SENDO PAGO COM JUROS DOIS DIAS APÓS O VENCIMENTO";"Em aberto";"16220963692";"0000000001268";"205132";"CONECTOR COBRE MACHO SEM ANEL 22MM X 3/4""";"12,00";"16,0000";"PC";"0,0000";"3135 e 2449"
"25083411983";"8457";"13/02/2026";"";"15707888196";"CASA TOGNINI MATERIAIS HID E SANIT LTDA";"0,00";"MATERIAL RETIRADO EM NOME DA AJGSPE DE ACORDO COM O QUE FOI PASSADO PELO MÁRCIO.

CONFORME CONVERSA DIRETO COM O VICTOR, O MÁRCIO INFORMOU QUE A PRÓPRIA GERENCIADORA IRÁ FICAR RESPONSÁVEL PELOS PAGAMENTOS.
PEDIDO REALIZADO SEM A APROVAÇÃO DO ORÇAMENTO.

DEVIDO A FALTA DE ATENÇÃO POR PARTE DA EPSON, O BOLETO NAO FOI LANÇADO CORRETAMENTE E ESTAMOS NOS RESPONSABILIZANDO PELO PAGAMENTO DO SEGUNDO BOLETO, PARA SERMOS REEMBOLSADOS 10/05 (ESSA ATUALIZAÇÃO ESTÁ SENDO FEITA DIA 16/04).
MARCIO AUTORIZOU VIA LIGAÇÃO A FAZER ESSE PROCESSO
BOLETO SENDO PAGO COM JUROS DOIS DIAS APÓS O VENCIMENTO";"Em aberto";"9369660749";"0000000003868";"";"TE COBRE COM ANEL 22MM";"6,00";"20,2100";"PC";"0,0000";"3135 e 2449"
"25083411983";"8457";"13/02/2026";"";"15707888196";"CASA TOGNINI MATERIAIS HID E SANIT LTDA";"0,00";"MATERIAL RETIRADO EM NOME DA AJGSPE DE ACORDO COM O QUE FOI PASSADO PELO MÁRCIO.

CONFORME CONVERSA DIRETO COM O VICTOR, O MÁRCIO INFORMOU QUE A PRÓPRIA GERENCIADORA IRÁ FICAR RESPONSÁVEL PELOS PAGAMENTOS.
PEDIDO REALIZADO SEM A APROVAÇÃO DO ORÇAMENTO.

DEVIDO A FALTA DE ATENÇÃO POR PARTE DA EPSON, O BOLETO NAO FOI LANÇADO CORRETAMENTE E ESTAMOS NOS RESPONSABILIZANDO PELO PAGAMENTO DO SEGUNDO BOLETO, PARA SERMOS REEMBOLSADOS 10/05 (ESSA ATUALIZAÇÃO ESTÁ SENDO FEITA DIA 16/04).
MARCIO AUTORIZOU VIA LIGAÇÃO A FAZER ESSE PROCESSO
BOLETO SENDO PAGO COM JUROS DOIS DIAS APÓS O VENCIMENTO";"Em aberto";"16172563486";"0000000001162";"";"REGISTRO GAVETA BRUTO 3/4""";"2,00";"32,0500";"PC";"0,0000";"3135 e 2449"
"25083411983";"8457";"13/02/2026";"";"15707888196";"CASA TOGNINI MATERIAIS HID E SANIT LTDA";"0,00";"MATERIAL RETIRADO EM NOME DA AJGSPE DE ACORDO COM O QUE FOI PASSADO PELO MÁRCIO.

CONFORME CONVERSA DIRETO COM O VICTOR, O MÁRCIO INFORMOU QUE A PRÓPRIA GERENCIADORA IRÁ FICAR RESPONSÁVEL PELOS PAGAMENTOS.
PEDIDO REALIZADO SEM A APROVAÇÃO DO ORÇAMENTO.

DEVIDO A FALTA DE ATENÇÃO POR PARTE DA EPSON, O BOLETO NAO FOI LANÇADO CORRETAMENTE E ESTAMOS NOS RESPONSABILIZANDO PELO PAGAMENTO DO SEGUNDO BOLETO, PARA SERMOS REEMBOLSADOS 10/05 (ESSA ATUALIZAÇÃO ESTÁ SENDO FEITA DIA 16/04).
MARCIO AUTORIZOU VIA LIGAÇÃO A FAZER ESSE PROCESSO
BOLETO SENDO PAGO COM JUROS DOIS DIAS APÓS O VENCIMENTO";"Em aberto";"16554694523";"0000000004538";"";"CONECTOR COBRE 22MM X 3/4"" FEMEA SEM ANEL";"2,00";"20,9400";"PC";"0,0000";"3135 e 2449"
"25083411983";"8457";"13/02/2026";"";"15707888196";"CASA TOGNINI MATERIAIS HID E SANIT LTDA";"0,00";"MATERIAL RETIRADO EM NOME DA AJGSPE DE ACORDO COM O QUE FOI PASSADO PELO MÁRCIO.

CONFORME CONVERSA DIRETO COM O VICTOR, O MÁRCIO INFORMOU QUE A PRÓPRIA GERENCIADORA IRÁ FICAR RESPONSÁVEL PELOS PAGAMENTOS.
PEDIDO REALIZADO SEM A APROVAÇÃO DO ORÇAMENTO.

DEVIDO A FALTA DE ATENÇÃO POR PARTE DA EPSON, O BOLETO NAO FOI LANÇADO CORRETAMENTE E ESTAMOS NOS RESPONSABILIZANDO PELO PAGAMENTO DO SEGUNDO BOLETO, PARA SERMOS REEMBOLSADOS 10/05 (ESSA ATUALIZAÇÃO ESTÁ SENDO FEITA DIA 16/04).
MARCIO AUTORIZOU VIA LIGAÇÃO A FAZER ESSE PROCESSO
BOLETO SENDO PAGO COM JUROS DOIS DIAS APÓS O VENCIMENTO";"Em aberto";"16445660401";"0000000003040";"";"LUVA PVC PPR 25MM";"2,00";"1,8100";"PC";"0,0000";"3135 e 2449"
"25083411983";"8457";"13/02/2026";"";"15707888196";"CASA TOGNINI MATERIAIS HID E SANIT LTDA";"0,00";"MATERIAL RETIRADO EM NOME DA AJGSPE DE ACORDO COM O QUE FOI PASSADO PELO MÁRCIO.

CONFORME CONVERSA DIRETO COM O VICTOR, O MÁRCIO INFORMOU QUE A PRÓPRIA GERENCIADORA IRÁ FICAR RESPONSÁVEL PELOS PAGAMENTOS.
PEDIDO REALIZADO SEM A APROVAÇÃO DO ORÇAMENTO.

DEVIDO A FALTA DE ATENÇÃO POR PARTE DA EPSON, O BOLETO NAO FOI LANÇADO CORRETAMENTE E ESTAMOS NOS RESPONSABILIZANDO PELO PAGAMENTO DO SEGUNDO BOLETO, PARA SERMOS REEMBOLSADOS 10/05 (ESSA ATUALIZAÇÃO ESTÁ SENDO FEITA DIA 16/04).
MARCIO AUTORIZOU VIA LIGAÇÃO A FAZER ESSE PROCESSO
BOLETO SENDO PAGO COM JUROS DOIS DIAS APÓS O VENCIMENTO";"Em aberto";"9735592993";"0000000003986";"";"REGISTRO GAVETA BASE 3/4""";"7,00";"30,8700";"PC";"0,0000";"3135 e 2449"
"25083411983";"8457";"13/02/2026";"";"15707888196";"CASA TOGNINI MATERIAIS HID E SANIT LTDA";"0,00";"MATERIAL RETIRADO EM NOME DA AJGSPE DE ACORDO COM O QUE FOI PASSADO PELO MÁRCIO.

CONFORME CONVERSA DIRETO COM O VICTOR, O MÁRCIO INFORMOU QUE A PRÓPRIA GERENCIADORA IRÁ FICAR RESPONSÁVEL PELOS PAGAMENTOS.
PEDIDO REALIZADO SEM A APROVAÇÃO DO ORÇAMENTO.

DEVIDO A FALTA DE ATENÇÃO POR PARTE DA EPSON, O BOLETO NAO FOI LANÇADO CORRETAMENTE E ESTAMOS NOS RESPONSABILIZANDO PELO PAGAMENTO DO SEGUNDO BOLETO, PARA SERMOS REEMBOLSADOS 10/05 (ESSA ATUALIZAÇÃO ESTÁ SENDO FEITA DIA 16/04).
MARCIO AUTORIZOU VIA LIGAÇÃO A FAZER ESSE PROCESSO
BOLETO SENDO PAGO COM JUROS DOIS DIAS APÓS O VENCIMENTO";"Em aberto";"15218208521";"0000000000418";"";"COTOVELO LR COBRE 22MM X 3/4""";"8,00";"27,5800";"PC";"0,0000";"3135 e 2449"
"25083411983";"8457";"13/02/2026";"";"15707888196";"CASA TOGNINI MATERIAIS HID E SANIT LTDA";"0,00";"MATERIAL RETIRADO EM NOME DA AJGSPE DE ACORDO COM O QUE FOI PASSADO PELO MÁRCIO.

CONFORME CONVERSA DIRETO COM O VICTOR, O MÁRCIO INFORMOU QUE A PRÓPRIA GERENCIADORA IRÁ FICAR RESPONSÁVEL PELOS PAGAMENTOS.
PEDIDO REALIZADO SEM A APROVAÇÃO DO ORÇAMENTO.

DEVIDO A FALTA DE ATENÇÃO POR PARTE DA EPSON, O BOLETO NAO FOI LANÇADO CORRETAMENTE E ESTAMOS NOS RESPONSABILIZANDO PELO PAGAMENTO DO SEGUNDO BOLETO, PARA SERMOS REEMBOLSADOS 10/05 (ESSA ATUALIZAÇÃO ESTÁ SENDO FEITA DIA 16/04).
MARCIO AUTORIZOU VIA LIGAÇÃO A FAZER ESSE PROCESSO
BOLETO SENDO PAGO COM JUROS DOIS DIAS APÓS O VENCIMENTO";"Em aberto";"16518512306";"0000000004295";"";"TE LR PVC PPR 25MM X 1/2""";"1,00";"18,4500";"PC";"0,0000";"3135 e 2449"
"25083411983";"8457";"13/02/2026";"";"15707888196";"CASA TOGNINI MATERIAIS HID E SANIT LTDA";"0,00";"MATERIAL RETIRADO EM NOME DA AJGSPE DE ACORDO COM O QUE FOI PASSADO PELO MÁRCIO.

CONFORME CONVERSA DIRETO COM O VICTOR, O MÁRCIO INFORMOU QUE A PRÓPRIA GERENCIADORA IRÁ FICAR RESPONSÁVEL PELOS PAGAMENTOS.
PEDIDO REALIZADO SEM A APROVAÇÃO DO ORÇAMENTO.

DEVIDO A FALTA DE ATENÇÃO POR PARTE DA EPSON, O BOLETO NAO FOI LANÇADO CORRETAMENTE E ESTAMOS NOS RESPONSABILIZANDO PELO PAGAMENTO DO SEGUNDO BOLETO, PARA SERMOS REEMBOLSADOS 10/05 (ESSA ATUALIZAÇÃO ESTÁ SENDO FEITA DIA 16/04).
MARCIO AUTORIZOU VIA LIGAÇÃO A FAZER ESSE PROCESSO
BOLETO SENDO PAGO COM JUROS DOIS DIAS APÓS O VENCIMENTO";"Em aberto";"16487427067";"0000000003305";"";"TUBO PVC PPR PN20 25MM";"12,00";"26,3300";"BR";"0,0000";"3135 e 2449"
"25083411983";"8457";"13/02/2026";"";"15707888196";"CASA TOGNINI MATERIAIS HID E SANIT LTDA";"0,00";"MATERIAL RETIRADO EM NOME DA AJGSPE DE ACORDO COM O QUE FOI PASSADO PELO MÁRCIO.

CONFORME CONVERSA DIRETO COM O VICTOR, O MÁRCIO INFORMOU QUE A PRÓPRIA GERENCIADORA IRÁ FICAR RESPONSÁVEL PELOS PAGAMENTOS.
PEDIDO REALIZADO SEM A APROVAÇÃO DO ORÇAMENTO.

DEVIDO A FALTA DE ATENÇÃO POR PARTE DA EPSON, O BOLETO NAO FOI LANÇADO CORRETAMENTE E ESTAMOS NOS RESPONSABILIZANDO PELO PAGAMENTO DO SEGUNDO BOLETO, PARA SERMOS REEMBOLSADOS 10/05 (ESSA ATUALIZAÇÃO ESTÁ SENDO FEITA DIA 16/04).
MARCIO AUTORIZOU VIA LIGAÇÃO A FAZER ESSE PROCESSO
BOLETO SENDO PAGO COM JUROS DOIS DIAS APÓS O VENCIMENTO";"Em aberto";"16487427329";"0000000003306";"";"TUBO PVC PPR PN20 32MM";"7,00";"40,1000";"BR";"0,0000";"3135 e 2449"
"25083411983";"8457";"13/02/2026";"";"15707888196";"CASA TOGNINI MATERIAIS HID E SANIT LTDA";"0,00";"MATERIAL RETIRADO EM NOME DA AJGSPE DE ACORDO COM O QUE FOI PASSADO PELO MÁRCIO.

CONFORME CONVERSA DIRETO COM O VICTOR, O MÁRCIO INFORMOU QUE A PRÓPRIA GERENCIADORA IRÁ FICAR RESPONSÁVEL PELOS PAGAMENTOS.
PEDIDO REALIZADO SEM A APROVAÇÃO DO ORÇAMENTO.

DEVIDO A FALTA DE ATENÇÃO POR PARTE DA EPSON, O BOLETO NAO FOI LANÇADO CORRETAMENTE E ESTAMOS NOS RESPONSABILIZANDO PELO PAGAMENTO DO SEGUNDO BOLETO, PARA SERMOS REEMBOLSADOS 10/05 (ESSA ATUALIZAÇÃO ESTÁ SENDO FEITA DIA 16/04).
MARCIO AUTORIZOU VIA LIGAÇÃO A FAZER ESSE PROCESSO
BOLETO SENDO PAGO COM JUROS DOIS DIAS APÓS O VENCIMENTO";"Em aberto";"15218222751";"0000000000419";"";"TUBO COBRE CLASSE A 22MM";"5,00";"393,0600";"BR";"0,0000";"3135 e 2449"
"25083411983";"8457";"13/02/2026";"";"15707888196";"CASA TOGNINI MATERIAIS HID E SANIT LTDA";"0,00";"MATERIAL RETIRADO EM NOME DA AJGSPE DE ACORDO COM O QUE FOI PASSADO PELO MÁRCIO.

CONFORME CONVERSA DIRETO COM O VICTOR, O MÁRCIO INFORMOU QUE A PRÓPRIA GERENCIADORA IRÁ FICAR RESPONSÁVEL PELOS PAGAMENTOS.
PEDIDO REALIZADO SEM A APROVAÇÃO DO ORÇAMENTO.

DEVIDO A FALTA DE ATENÇÃO POR PARTE DA EPSON, O BOLETO NAO FOI LANÇADO CORRETAMENTE E ESTAMOS NOS RESPONSABILIZANDO PELO PAGAMENTO DO SEGUNDO BOLETO, PARA SERMOS REEMBOLSADOS 10/05 (ESSA ATUALIZAÇÃO ESTÁ SENDO FEITA DIA 16/04).
MARCIO AUTORIZOU VIA LIGAÇÃO A FAZER ESSE PROCESSO
BOLETO SENDO PAGO COM JUROS DOIS DIAS APÓS O VENCIMENTO";"Em aberto";"16317546881";"0000000001728";"";"LAMINA DE SERRA";"3,00";"12,5400";"PC";"0,0000";"3135 e 2449"
"25083411983";"8457";"13/02/2026";"";"15707888196";"CASA TOGNINI MATERIAIS HID E SANIT LTDA";"0,00";"MATERIAL RETIRADO EM NOME DA AJGSPE DE ACORDO COM O QUE FOI PASSADO PELO MÁRCIO.

CONFORME CONVERSA DIRETO COM O VICTOR, O MÁRCIO INFORMOU QUE A PRÓPRIA GERENCIADORA IRÁ FICAR RESPONSÁVEL PELOS PAGAMENTOS.
PEDIDO REALIZADO SEM A APROVAÇÃO DO ORÇAMENTO.

DEVIDO A FALTA DE ATENÇÃO POR PARTE DA EPSON, O BOLETO NAO FOI LANÇADO CORRETAMENTE E ESTAMOS NOS RESPONSABILIZANDO PELO PAGAMENTO DO SEGUNDO BOLETO, PARA SERMOS REEMBOLSADOS 10/05 (ESSA ATUALIZAÇÃO ESTÁ SENDO FEITA DIA 16/04).
MARCIO AUTORIZOU VIA LIGAÇÃO A FAZER ESSE PROCESSO
BOLETO SENDO PAGO COM JUROS DOIS DIAS APÓS O VENCIMENTO";"Em aberto";"16096878511";"0000000000974";"";"FITA VEDA ROSCA 18MM X 50MT";"40,00";"5,3100";"PC";"0,0000";"3135 e 2449"
"25083411983";"8457";"13/02/2026";"";"15707888196";"CASA TOGNINI MATERIAIS HID E SANIT LTDA";"0,00";"MATERIAL RETIRADO EM NOME DA AJGSPE DE ACORDO COM O QUE FOI PASSADO PELO MÁRCIO.

CONFORME CONVERSA DIRETO COM O VICTOR, O MÁRCIO INFORMOU QUE A PRÓPRIA GERENCIADORA IRÁ FICAR RESPONSÁVEL PELOS PAGAMENTOS.
PEDIDO REALIZADO SEM A APROVAÇÃO DO ORÇAMENTO.

DEVIDO A FALTA DE ATENÇÃO POR PARTE DA EPSON, O BOLETO NAO FOI LANÇADO CORRETAMENTE E ESTAMOS NOS RESPONSABILIZANDO PELO PAGAMENTO DO SEGUNDO BOLETO, PARA SERMOS REEMBOLSADOS 10/05 (ESSA ATUALIZAÇÃO ESTÁ SENDO FEITA DIA 16/04).
MARCIO AUTORIZOU VIA LIGAÇÃO A FAZER ESSE PROCESSO
BOLETO SENDO PAGO COM JUROS DOIS DIAS APÓS O VENCIMENTO";"Em aberto";"9895657417";"0000000004068";"";"VERGALHÃO ROSCADO 1/4""";"10,00";"11,3000";"BR";"0,0000";"3135 e 2449"
"25083411983";"8457";"13/02/2026";"";"15707888196";"CASA TOGNINI MATERIAIS HID E SANIT LTDA";"0,00";"MATERIAL RETIRADO EM NOME DA AJGSPE DE ACORDO COM O QUE FOI PASSADO PELO MÁRCIO.

CONFORME CONVERSA DIRETO COM O VICTOR, O MÁRCIO INFORMOU QUE A PRÓPRIA GERENCIADORA IRÁ FICAR RESPONSÁVEL PELOS PAGAMENTOS.
PEDIDO REALIZADO SEM A APROVAÇÃO DO ORÇAMENTO.

DEVIDO A FALTA DE ATENÇÃO POR PARTE DA EPSON, O BOLETO NAO FOI LANÇADO CORRETAMENTE E ESTAMOS NOS RESPONSABILIZANDO PELO PAGAMENTO DO SEGUNDO BOLETO, PARA SERMOS REEMBOLSADOS 10/05 (ESSA ATUALIZAÇÃO ESTÁ SENDO FEITA DIA 16/04).
MARCIO AUTORIZOU VIA LIGAÇÃO A FAZER ESSE PROCESSO
BOLETO SENDO PAGO COM JUROS DOIS DIAS APÓS O VENCIMENTO";"Em aberto";"9763927236";"0000000004001";"ABEG003";"ABRAÇADEIRA ECONOMICA 1""";"30,00";"1,2600";"PC";"0,0000";"3135 e 2449"
"25083411983";"8457";"13/02/2026";"";"15707888196";"CASA TOGNINI MATERIAIS HID E SANIT LTDA";"0,00";"MATERIAL RETIRADO EM NOME DA AJGSPE DE ACORDO COM O QUE FOI PASSADO PELO MÁRCIO.

CONFORME CONVERSA DIRETO COM O VICTOR, O MÁRCIO INFORMOU QUE A PRÓPRIA GERENCIADORA IRÁ FICAR RESPONSÁVEL PELOS PAGAMENTOS.
PEDIDO REALIZADO SEM A APROVAÇÃO DO ORÇAMENTO.

DEVIDO A FALTA DE ATENÇÃO POR PARTE DA EPSON, O BOLETO NAO FOI LANÇADO CORRETAMENTE E ESTAMOS NOS RESPONSABILIZANDO PELO PAGAMENTO DO SEGUNDO BOLETO, PARA SERMOS REEMBOLSADOS 10/05 (ESSA ATUALIZAÇÃO ESTÁ SENDO FEITA DIA 16/04).
MARCIO AUTORIZOU VIA LIGAÇÃO A FAZER ESSE PROCESSO
BOLETO SENDO PAGO COM JUROS DOIS DIAS APÓS O VENCIMENTO";"Em aberto";"9893855955";"0000000004061";"";"ABRAÇADEIRA ECONOMICA 1 1/2""";"15,00";"1,9800";"PC";"0,0000";"3135 e 2449"
"25083411983";"8457";"13/02/2026";"";"15707888196";"CASA TOGNINI MATERIAIS HID E SANIT LTDA";"0,00";"MATERIAL RETIRADO EM NOME DA AJGSPE DE ACORDO COM O QUE FOI PASSADO PELO MÁRCIO.

CONFORME CONVERSA DIRETO COM O VICTOR, O MÁRCIO INFORMOU QUE A PRÓPRIA GERENCIADORA IRÁ FICAR RESPONSÁVEL PELOS PAGAMENTOS.
PEDIDO REALIZADO SEM A APROVAÇÃO DO ORÇAMENTO.

DEVIDO A FALTA DE ATENÇÃO POR PARTE DA EPSON, O BOLETO NAO FOI LANÇADO CORRETAMENTE E ESTAMOS NOS RESPONSABILIZANDO PELO PAGAMENTO DO SEGUNDO BOLETO, PARA SERMOS REEMBOLSADOS 10/05 (ESSA ATUALIZAÇÃO ESTÁ SENDO FEITA DIA 16/04).
MARCIO AUTORIZOU VIA LIGAÇÃO A FAZER ESSE PROCESSO
BOLETO SENDO PAGO COM JUROS DOIS DIAS APÓS O VENCIMENTO";"Em aberto";"16332103565";"0000000001944";"";"PLUG PVC BRANCO 1/2""";"30,00";"0,6200";"PÇ";"0,0000";"3135 e 2449"
"25083411983";"8457";"13/02/2026";"";"15707888196";"CASA TOGNINI MATERIAIS HID E SANIT LTDA";"0,00";"MATERIAL RETIRADO EM NOME DA AJGSPE DE ACORDO COM O QUE FOI PASSADO PELO MÁRCIO.

CONFORME CONVERSA DIRETO COM O VICTOR, O MÁRCIO INFORMOU QUE A PRÓPRIA GERENCIADORA IRÁ FICAR RESPONSÁVEL PELOS PAGAMENTOS.
PEDIDO REALIZADO SEM A APROVAÇÃO DO ORÇAMENTO.

DEVIDO A FALTA DE ATENÇÃO POR PARTE DA EPSON, O BOLETO NAO FOI LANÇADO CORRETAMENTE E ESTAMOS NOS RESPONSABILIZANDO PELO PAGAMENTO DO SEGUNDO BOLETO, PARA SERMOS REEMBOLSADOS 10/05 (ESSA ATUALIZAÇÃO ESTÁ SENDO FEITA DIA 16/04).
MARCIO AUTORIZOU VIA LIGAÇÃO A FAZER ESSE PROCESSO
BOLETO SENDO PAGO COM JUROS DOIS DIAS APÓS O VENCIMENTO";"Em aberto";"0";"";"";"FILTRO AQUALIMP JUMBO FJU-02";"1,00";"347,2700";"PÇ";"0,0000";"3135 e 2449"
"25083411983";"8457";"13/02/2026";"";"15707888196";"CASA TOGNINI MATERIAIS HID E SANIT LTDA";"0,00";"MATERIAL RETIRADO EM NOME DA AJGSPE DE ACORDO COM O QUE FOI PASSADO PELO MÁRCIO.

CONFORME CONVERSA DIRETO COM O VICTOR, O MÁRCIO INFORMOU QUE A PRÓPRIA GERENCIADORA IRÁ FICAR RESPONSÁVEL PELOS PAGAMENTOS.
PEDIDO REALIZADO SEM A APROVAÇÃO DO ORÇAMENTO.

DEVIDO A FALTA DE ATENÇÃO POR PARTE DA EPSON, O BOLETO NAO FOI LANÇADO CORRETAMENTE E ESTAMOS NOS RESPONSABILIZANDO PELO PAGAMENTO DO SEGUNDO BOLETO, PARA SERMOS REEMBOLSADOS 10/05 (ESSA ATUALIZAÇÃO ESTÁ SENDO FEITA DIA 16/04).
MARCIO AUTORIZOU VIA LIGAÇÃO A FAZER ESSE PROCESSO
BOLETO SENDO PAGO COM JUROS DOIS DIAS APÓS O VENCIMENTO";"Em aberto";"16100161627";"0000000000987";"";"JUNCAO PVC SERIE R 75 X 50MM";"10,00";"24,4600";"PC";"0,0000";"3135 e 2449"
"25083411983";"8457";"13/02/2026";"";"15707888196";"CASA TOGNINI MATERIAIS HID E SANIT LTDA";"0,00";"MATERIAL RETIRADO EM NOME DA AJGSPE DE ACORDO COM O QUE FOI PASSADO PELO MÁRCIO.

CONFORME CONVERSA DIRETO COM O VICTOR, O MÁRCIO INFORMOU QUE A PRÓPRIA GERENCIADORA IRÁ FICAR RESPONSÁVEL PELOS PAGAMENTOS.
PEDIDO REALIZADO SEM A APROVAÇÃO DO ORÇAMENTO.

DEVIDO A FALTA DE ATENÇÃO POR PARTE DA EPSON, O BOLETO NAO FOI LANÇADO CORRETAMENTE E ESTAMOS NOS RESPONSABILIZANDO PELO PAGAMENTO DO SEGUNDO BOLETO, PARA SERMOS REEMBOLSADOS 10/05 (ESSA ATUALIZAÇÃO ESTÁ SENDO FEITA DIA 16/04).
MARCIO AUTORIZOU VIA LIGAÇÃO A FAZER ESSE PROCESSO
BOLETO SENDO PAGO COM JUROS DOIS DIAS APÓS O VENCIMENTO";"Em aberto";"16437371159";"0000000002962";"";"JUNÇÃO PVC SERIE R 50MM";"4,00";"14,1400";"PC";"0,0000";"3135 e 2449"
"25083411983";"8457";"13/02/2026";"";"15707888196";"CASA TOGNINI MATERIAIS HID E SANIT LTDA";"0,00";"MATERIAL RETIRADO EM NOME DA AJGSPE DE ACORDO COM O QUE FOI PASSADO PELO MÁRCIO.

CONFORME CONVERSA DIRETO COM O VICTOR, O MÁRCIO INFORMOU QUE A PRÓPRIA GERENCIADORA IRÁ FICAR RESPONSÁVEL PELOS PAGAMENTOS.
PEDIDO REALIZADO SEM A APROVAÇÃO DO ORÇAMENTO.

DEVIDO A FALTA DE ATENÇÃO POR PARTE DA EPSON, O BOLETO NAO FOI LANÇADO CORRETAMENTE E ESTAMOS NOS RESPONSABILIZANDO PELO PAGAMENTO DO SEGUNDO BOLETO, PARA SERMOS REEMBOLSADOS 10/05 (ESSA ATUALIZAÇÃO ESTÁ SENDO FEITA DIA 16/04).
MARCIO AUTORIZOU VIA LIGAÇÃO A FAZER ESSE PROCESSO
BOLETO SENDO PAGO COM JUROS DOIS DIAS APÓS O VENCIMENTO";"Em aberto";"16306515373";"0000000001614";"";"JUNCAO PVC SERIE R 40MM";"10,00";"5,8000";"PC";"0,0000";"3135 e 2449"
"25083411983";"8457";"13/02/2026";"";"15707888196";"CASA TOGNINI MATERIAIS HID E SANIT LTDA";"0,00";"MATERIAL RETIRADO EM NOME DA AJGSPE DE ACORDO COM O QUE FOI PASSADO PELO MÁRCIO.

CONFORME CONVERSA DIRETO COM O VICTOR, O MÁRCIO INFORMOU QUE A PRÓPRIA GERENCIADORA IRÁ FICAR RESPONSÁVEL PELOS PAGAMENTOS.
PEDIDO REALIZADO SEM A APROVAÇÃO DO ORÇAMENTO.

DEVIDO A FALTA DE ATENÇÃO POR PARTE DA EPSON, O BOLETO NAO FOI LANÇADO CORRETAMENTE E ESTAMOS NOS RESPONSABILIZANDO PELO PAGAMENTO DO SEGUNDO BOLETO, PARA SERMOS REEMBOLSADOS 10/05 (ESSA ATUALIZAÇÃO ESTÁ SENDO FEITA DIA 16/04).
MARCIO AUTORIZOU VIA LIGAÇÃO A FAZER ESSE PROCESSO
BOLETO SENDO PAGO COM JUROS DOIS DIAS APÓS O VENCIMENTO";"Em aberto";"16046594932";"0000000000803";"";"LUVA PVC SERIE R 75MM";"14,00";"7,8600";"PC";"0,0000";"3135 e 2449"
"25083411983";"8457";"13/02/2026";"";"15707888196";"CASA TOGNINI MATERIAIS HID E SANIT LTDA";"0,00";"MATERIAL RETIRADO EM NOME DA AJGSPE DE ACORDO COM O QUE FOI PASSADO PELO MÁRCIO.

CONFORME CONVERSA DIRETO COM O VICTOR, O MÁRCIO INFORMOU QUE A PRÓPRIA GERENCIADORA IRÁ FICAR RESPONSÁVEL PELOS PAGAMENTOS.
PEDIDO REALIZADO SEM A APROVAÇÃO DO ORÇAMENTO.

DEVIDO A FALTA DE ATENÇÃO POR PARTE DA EPSON, O BOLETO NAO FOI LANÇADO CORRETAMENTE E ESTAMOS NOS RESPONSABILIZANDO PELO PAGAMENTO DO SEGUNDO BOLETO, PARA SERMOS REEMBOLSADOS 10/05 (ESSA ATUALIZAÇÃO ESTÁ SENDO FEITA DIA 16/04).
MARCIO AUTORIZOU VIA LIGAÇÃO A FAZER ESSE PROCESSO
BOLETO SENDO PAGO COM JUROS DOIS DIAS APÓS O VENCIMENTO";"Em aberto";"16100202297";"0000000000999";"";"LUVA PVC SERIE R 50MM";"20,00";"6,5700";"PC";"0,0000";"3135 e 2449"
"25083411983";"8457";"13/02/2026";"";"15707888196";"CASA TOGNINI MATERIAIS HID E SANIT LTDA";"0,00";"MATERIAL RETIRADO EM NOME DA AJGSPE DE ACORDO COM O QUE FOI PASSADO PELO MÁRCIO.

CONFORME CONVERSA DIRETO COM O VICTOR, O MÁRCIO INFORMOU QUE A PRÓPRIA GERENCIADORA IRÁ FICAR RESPONSÁVEL PELOS PAGAMENTOS.
PEDIDO REALIZADO SEM A APROVAÇÃO DO ORÇAMENTO.

DEVIDO A FALTA DE ATENÇÃO POR PARTE DA EPSON, O BOLETO NAO FOI LANÇADO CORRETAMENTE E ESTAMOS NOS RESPONSABILIZANDO PELO PAGAMENTO DO SEGUNDO BOLETO, PARA SERMOS REEMBOLSADOS 10/05 (ESSA ATUALIZAÇÃO ESTÁ SENDO FEITA DIA 16/04).
MARCIO AUTORIZOU VIA LIGAÇÃO A FAZER ESSE PROCESSO
BOLETO SENDO PAGO COM JUROS DOIS DIAS APÓS O VENCIMENTO";"Em aberto";"9784767702";"0000000004008";"";"COTOVELO PVC BRANCO 40MM X 90° COM ANEL LABIAL";"10,00";"3,8600";"PC";"0,0000";"3135 e 2449"
"25083411983";"8457";"13/02/2026";"";"15707888196";"CASA TOGNINI MATERIAIS HID E SANIT LTDA";"0,00";"MATERIAL RETIRADO EM NOME DA AJGSPE DE ACORDO COM O QUE FOI PASSADO PELO MÁRCIO.

CONFORME CONVERSA DIRETO COM O VICTOR, O MÁRCIO INFORMOU QUE A PRÓPRIA GERENCIADORA IRÁ FICAR RESPONSÁVEL PELOS PAGAMENTOS.
PEDIDO REALIZADO SEM A APROVAÇÃO DO ORÇAMENTO.

DEVIDO A FALTA DE ATENÇÃO POR PARTE DA EPSON, O BOLETO NAO FOI LANÇADO CORRETAMENTE E ESTAMOS NOS RESPONSABILIZANDO PELO PAGAMENTO DO SEGUNDO BOLETO, PARA SERMOS REEMBOLSADOS 10/05 (ESSA ATUALIZAÇÃO ESTÁ SENDO FEITA DIA 16/04).
MARCIO AUTORIZOU VIA LIGAÇÃO A FAZER ESSE PROCESSO
BOLETO SENDO PAGO COM JUROS DOIS DIAS APÓS O VENCIMENTO";"Em aberto";"16201476068";"0000000001212";"";"COTOVELO PVC SERIE R 40MM X 90°";"20,00";"2,6400";"PC";"0,0000";"3135 e 2449"
"25083411983";"8457";"13/02/2026";"";"15707888196";"CASA TOGNINI MATERIAIS HID E SANIT LTDA";"0,00";"MATERIAL RETIRADO EM NOME DA AJGSPE DE ACORDO COM O QUE FOI PASSADO PELO MÁRCIO.

CONFORME CONVERSA DIRETO COM O VICTOR, O MÁRCIO INFORMOU QUE A PRÓPRIA GERENCIADORA IRÁ FICAR RESPONSÁVEL PELOS PAGAMENTOS.
PEDIDO REALIZADO SEM A APROVAÇÃO DO ORÇAMENTO.

DEVIDO A FALTA DE ATENÇÃO POR PARTE DA EPSON, O BOLETO NAO FOI LANÇADO CORRETAMENTE E ESTAMOS NOS RESPONSABILIZANDO PELO PAGAMENTO DO SEGUNDO BOLETO, PARA SERMOS REEMBOLSADOS 10/05 (ESSA ATUALIZAÇÃO ESTÁ SENDO FEITA DIA 16/04).
MARCIO AUTORIZOU VIA LIGAÇÃO A FAZER ESSE PROCESSO
BOLETO SENDO PAGO COM JUROS DOIS DIAS APÓS O VENCIMENTO";"Em aberto";"16306508803";"0000000001612";"";"COTOVELO PVC SERIE R 50MM X 90º";"6,00";"4,3700";"PC";"0,0000";"3135 e 2449"
"25083411983";"8457";"13/02/2026";"";"15707888196";"CASA TOGNINI MATERIAIS HID E SANIT LTDA";"0,00";"MATERIAL RETIRADO EM NOME DA AJGSPE DE ACORDO COM O QUE FOI PASSADO PELO MÁRCIO.

CONFORME CONVERSA DIRETO COM O VICTOR, O MÁRCIO INFORMOU QUE A PRÓPRIA GERENCIADORA IRÁ FICAR RESPONSÁVEL PELOS PAGAMENTOS.
PEDIDO REALIZADO SEM A APROVAÇÃO DO ORÇAMENTO.

DEVIDO A FALTA DE ATENÇÃO POR PARTE DA EPSON, O BOLETO NAO FOI LANÇADO CORRETAMENTE E ESTAMOS NOS RESPONSABILIZANDO PELO PAGAMENTO DO SEGUNDO BOLETO, PARA SERMOS REEMBOLSADOS 10/05 (ESSA ATUALIZAÇÃO ESTÁ SENDO FEITA DIA 16/04).
MARCIO AUTORIZOU VIA LIGAÇÃO A FAZER ESSE PROCESSO
BOLETO SENDO PAGO COM JUROS DOIS DIAS APÓS O VENCIMENTO";"Em aberto";"16100174365";"0000000000991";"";"COTOVELO PVC SERIE R 40MM X 45º";"10,00";"2,7100";"PC";"0,0000";"3135 e 2449"
"25083411983";"8457";"13/02/2026";"";"15707888196";"CASA TOGNINI MATERIAIS HID E SANIT LTDA";"0,00";"MATERIAL RETIRADO EM NOME DA AJGSPE DE ACORDO COM O QUE FOI PASSADO PELO MÁRCIO.

CONFORME CONVERSA DIRETO COM O VICTOR, O MÁRCIO INFORMOU QUE A PRÓPRIA GERENCIADORA IRÁ FICAR RESPONSÁVEL PELOS PAGAMENTOS.
PEDIDO REALIZADO SEM A APROVAÇÃO DO ORÇAMENTO.

DEVIDO A FALTA DE ATENÇÃO POR PARTE DA EPSON, O BOLETO NAO FOI LANÇADO CORRETAMENTE E ESTAMOS NOS RESPONSABILIZANDO PELO PAGAMENTO DO SEGUNDO BOLETO, PARA SERMOS REEMBOLSADOS 10/05 (ESSA ATUALIZAÇÃO ESTÁ SENDO FEITA DIA 16/04).
MARCIO AUTORIZOU VIA LIGAÇÃO A FAZER ESSE PROCESSO
BOLETO SENDO PAGO COM JUROS DOIS DIAS APÓS O VENCIMENTO";"Em aberto";"16046571216";"0000000000796";"";"COTOVELO PVC SERIE R 50MM X 45º";"15,00";"4,3700";"PC";"0,0000";"3135 e 2449"
"25083411983";"8457";"13/02/2026";"";"15707888196";"CASA TOGNINI MATERIAIS HID E SANIT LTDA";"0,00";"MATERIAL RETIRADO EM NOME DA AJGSPE DE ACORDO COM O QUE FOI PASSADO PELO MÁRCIO.

CONFORME CONVERSA DIRETO COM O VICTOR, O MÁRCIO INFORMOU QUE A PRÓPRIA GERENCIADORA IRÁ FICAR RESPONSÁVEL PELOS PAGAMENTOS.
PEDIDO REALIZADO SEM A APROVAÇÃO DO ORÇAMENTO.

DEVIDO A FALTA DE ATENÇÃO POR PARTE DA EPSON, O BOLETO NAO FOI LANÇADO CORRETAMENTE E ESTAMOS NOS RESPONSABILIZANDO PELO PAGAMENTO DO SEGUNDO BOLETO, PARA SERMOS REEMBOLSADOS 10/05 (ESSA ATUALIZAÇÃO ESTÁ SENDO FEITA DIA 16/04).
MARCIO AUTORIZOU VIA LIGAÇÃO A FAZER ESSE PROCESSO
BOLETO SENDO PAGO COM JUROS DOIS DIAS APÓS O VENCIMENTO";"Em aberto";"16449192842";"0000000003080";"";"CAIXA SIFONADA PVC BRANCO 100X100X50";"2,00";"13,4900";"PC";"0,0000";"3135 e 2449"
"25083411983";"8457";"13/02/2026";"";"15707888196";"CASA TOGNINI MATERIAIS HID E SANIT LTDA";"0,00";"MATERIAL RETIRADO EM NOME DA AJGSPE DE ACORDO COM O QUE FOI PASSADO PELO MÁRCIO.

CONFORME CONVERSA DIRETO COM O VICTOR, O MÁRCIO INFORMOU QUE A PRÓPRIA GERENCIADORA IRÁ FICAR RESPONSÁVEL PELOS PAGAMENTOS.
PEDIDO REALIZADO SEM A APROVAÇÃO DO ORÇAMENTO.

DEVIDO A FALTA DE ATENÇÃO POR PARTE DA EPSON, O BOLETO NAO FOI LANÇADO CORRETAMENTE E ESTAMOS NOS RESPONSABILIZANDO PELO PAGAMENTO DO SEGUNDO BOLETO, PARA SERMOS REEMBOLSADOS 10/05 (ESSA ATUALIZAÇÃO ESTÁ SENDO FEITA DIA 16/04).
MARCIO AUTORIZOU VIA LIGAÇÃO A FAZER ESSE PROCESSO
BOLETO SENDO PAGO COM JUROS DOIS DIAS APÓS O VENCIMENTO";"Em aberto";"0";"";"";"CAIXA SIFONADA PVC BRANCO 150X150X50";"6,00";"26,7700";"PC";"0,0000";"3135 e 2449"
"25083411983";"8457";"13/02/2026";"";"15707888196";"CASA TOGNINI MATERIAIS HID E SANIT LTDA";"0,00";"MATERIAL RETIRADO EM NOME DA AJGSPE DE ACORDO COM O QUE FOI PASSADO PELO MÁRCIO.

CONFORME CONVERSA DIRETO COM O VICTOR, O MÁRCIO INFORMOU QUE A PRÓPRIA GERENCIADORA IRÁ FICAR RESPONSÁVEL PELOS PAGAMENTOS.
PEDIDO REALIZADO SEM A APROVAÇÃO DO ORÇAMENTO.

DEVIDO A FALTA DE ATENÇÃO POR PARTE DA EPSON, O BOLETO NAO FOI LANÇADO CORRETAMENTE E ESTAMOS NOS RESPONSABILIZANDO PELO PAGAMENTO DO SEGUNDO BOLETO, PARA SERMOS REEMBOLSADOS 10/05 (ESSA ATUALIZAÇÃO ESTÁ SENDO FEITA DIA 16/04).
MARCIO AUTORIZOU VIA LIGAÇÃO A FAZER ESSE PROCESSO
BOLETO SENDO PAGO COM JUROS DOIS DIAS APÓS O VENCIMENTO";"Em aberto";"9357793908";"0000000003851";"";"TUBO PVC SERIE R 75MM";"4,00";"91,7700";"BR";"0,0000";"3135 e 2449"
"25083411983";"8457";"13/02/2026";"";"15707888196";"CASA TOGNINI MATERIAIS HID E SANIT LTDA";"0,00";"MATERIAL RETIRADO EM NOME DA AJGSPE DE ACORDO COM O QUE FOI PASSADO PELO MÁRCIO.

CONFORME CONVERSA DIRETO COM O VICTOR, O MÁRCIO INFORMOU QUE A PRÓPRIA GERENCIADORA IRÁ FICAR RESPONSÁVEL PELOS PAGAMENTOS.
PEDIDO REALIZADO SEM A APROVAÇÃO DO ORÇAMENTO.

DEVIDO A FALTA DE ATENÇÃO POR PARTE DA EPSON, O BOLETO NAO FOI LANÇADO CORRETAMENTE E ESTAMOS NOS RESPONSABILIZANDO PELO PAGAMENTO DO SEGUNDO BOLETO, PARA SERMOS REEMBOLSADOS 10/05 (ESSA ATUALIZAÇÃO ESTÁ SENDO FEITA DIA 16/04).
MARCIO AUTORIZOU VIA LIGAÇÃO A FAZER ESSE PROCESSO
BOLETO SENDO PAGO COM JUROS DOIS DIAS APÓS O VENCIMENTO";"Em aberto";"9259982564";"0000000003763";"";"TUBO PVC SERIE R 50MM";"5,00";"53,9900";"BR";"0,0000";"3135 e 2449"
"25083411983";"8457";"13/02/2026";"";"15707888196";"CASA TOGNINI MATERIAIS HID E SANIT LTDA";"0,00";"MATERIAL RETIRADO EM NOME DA AJGSPE DE ACORDO COM O QUE FOI PASSADO PELO MÁRCIO.

CONFORME CONVERSA DIRETO COM O VICTOR, O MÁRCIO INFORMOU QUE A PRÓPRIA GERENCIADORA IRÁ FICAR RESPONSÁVEL PELOS PAGAMENTOS.
PEDIDO REALIZADO SEM A APROVAÇÃO DO ORÇAMENTO.

DEVIDO A FALTA DE ATENÇÃO POR PARTE DA EPSON, O BOLETO NAO FOI LANÇADO CORRETAMENTE E ESTAMOS NOS RESPONSABILIZANDO PELO PAGAMENTO DO SEGUNDO BOLETO, PARA SERMOS REEMBOLSADOS 10/05 (ESSA ATUALIZAÇÃO ESTÁ SENDO FEITA DIA 16/04).
MARCIO AUTORIZOU VIA LIGAÇÃO A FAZER ESSE PROCESSO
BOLETO SENDO PAGO COM JUROS DOIS DIAS APÓS O VENCIMENTO";"Em aberto";"15900724077";"0000000000642";"";"TUBO PVC SERIE R 40MM";"9,00";"40,7700";"BR";"0,0000";"3135 e 2449"
"25083411983";"8457";"13/02/2026";"";"15707888196";"CASA TOGNINI MATERIAIS HID E SANIT LTDA";"0,00";"MATERIAL RETIRADO EM NOME DA AJGSPE DE ACORDO COM O QUE FOI PASSADO PELO MÁRCIO.

CONFORME CONVERSA DIRETO COM O VICTOR, O MÁRCIO INFORMOU QUE A PRÓPRIA GERENCIADORA IRÁ FICAR RESPONSÁVEL PELOS PAGAMENTOS.
PEDIDO REALIZADO SEM A APROVAÇÃO DO ORÇAMENTO.

DEVIDO A FALTA DE ATENÇÃO POR PARTE DA EPSON, O BOLETO NAO FOI LANÇADO CORRETAMENTE E ESTAMOS NOS RESPONSABILIZANDO PELO PAGAMENTO DO SEGUNDO BOLETO, PARA SERMOS REEMBOLSADOS 10/05 (ESSA ATUALIZAÇÃO ESTÁ SENDO FEITA DIA 16/04).
MARCIO AUTORIZOU VIA LIGAÇÃO A FAZER ESSE PROCESSO
BOLETO SENDO PAGO COM JUROS DOIS DIAS APÓS O VENCIMENTO";"Em aberto";"16364818624";"0000000002542";"";"ISOLANTE TERMICO 42MM 1.1/2 BR C/2MTS";"16,00";"7,9500";"";"0,0000";"3135 e 2449"
"25083411983";"8457";"13/02/2026";"";"15707888196";"CASA TOGNINI MATERIAIS HID E SANIT LTDA";"0,00";"MATERIAL RETIRADO EM NOME DA AJGSPE DE ACORDO COM O QUE FOI PASSADO PELO MÁRCIO.

CONFORME CONVERSA DIRETO COM O VICTOR, O MÁRCIO INFORMOU QUE A PRÓPRIA GERENCIADORA IRÁ FICAR RESPONSÁVEL PELOS PAGAMENTOS.
PEDIDO REALIZADO SEM A APROVAÇÃO DO ORÇAMENTO.

DEVIDO A FALTA DE ATENÇÃO POR PARTE DA EPSON, O BOLETO NAO FOI LANÇADO CORRETAMENTE E ESTAMOS NOS RESPONSABILIZANDO PELO PAGAMENTO DO SEGUNDO BOLETO, PARA SERMOS REEMBOLSADOS 10/05 (ESSA ATUALIZAÇÃO ESTÁ SENDO FEITA DIA 16/04).
MARCIO AUTORIZOU VIA LIGAÇÃO A FAZER ESSE PROCESSO
BOLETO SENDO PAGO COM JUROS DOIS DIAS APÓS O VENCIMENTO";"Em aberto";"16348189628";"0000000002194";"";"ISOLANTE TERMICO 22MM 1.1/4 BR C/2MTS";"12,00";"3,6900";"";"0,0000";"3135 e 2449"
"25083411983";"8457";"13/02/2026";"";"15707888196";"CASA TOGNINI MATERIAIS HID E SANIT LTDA";"0,00";"MATERIAL RETIRADO EM NOME DA AJGSPE DE ACORDO COM O QUE FOI PASSADO PELO MÁRCIO.

CONFORME CONVERSA DIRETO COM O VICTOR, O MÁRCIO INFORMOU QUE A PRÓPRIA GERENCIADORA IRÁ FICAR RESPONSÁVEL PELOS PAGAMENTOS.
PEDIDO REALIZADO SEM A APROVAÇÃO DO ORÇAMENTO.

DEVIDO A FALTA DE ATENÇÃO POR PARTE DA EPSON, O BOLETO NAO FOI LANÇADO CORRETAMENTE E ESTAMOS NOS RESPONSABILIZANDO PELO PAGAMENTO DO SEGUNDO BOLETO, PARA SERMOS REEMBOLSADOS 10/05 (ESSA ATUALIZAÇÃO ESTÁ SENDO FEITA DIA 16/04).
MARCIO AUTORIZOU VIA LIGAÇÃO A FAZER ESSE PROCESSO
BOLETO SENDO PAGO COM JUROS DOIS DIAS APÓS O VENCIMENTO";"Em aberto";"16049513313";"0000000000842";"";"VALVULA ESFERA LATAO GÁS 1""";"5,00";"75,1100";"PC";"0,0000";"3135 e 2449"
"25083411983";"8457";"13/02/2026";"";"15707888196";"CASA TOGNINI MATERIAIS HID E SANIT LTDA";"0,00";"MATERIAL RETIRADO EM NOME DA AJGSPE DE ACORDO COM O QUE FOI PASSADO PELO MÁRCIO.

CONFORME CONVERSA DIRETO COM O VICTOR, O MÁRCIO INFORMOU QUE A PRÓPRIA GERENCIADORA IRÁ FICAR RESPONSÁVEL PELOS PAGAMENTOS.
PEDIDO REALIZADO SEM A APROVAÇÃO DO ORÇAMENTO.

DEVIDO A FALTA DE ATENÇÃO POR PARTE DA EPSON, O BOLETO NAO FOI LANÇADO CORRETAMENTE E ESTAMOS NOS RESPONSABILIZANDO PELO PAGAMENTO DO SEGUNDO BOLETO, PARA SERMOS REEMBOLSADOS 10/05 (ESSA ATUALIZAÇÃO ESTÁ SENDO FEITA DIA 16/04).
MARCIO AUTORIZOU VIA LIGAÇÃO A FAZER ESSE PROCESSO
BOLETO SENDO PAGO COM JUROS DOIS DIAS APÓS O VENCIMENTO";"Em aberto";"16236974179";"0000000001342";"";"VALVULA ESFERA LATAO GÁS - 3/4""";"5,00";"46,1300";"PC";"0,0000";"3135 e 2449"
"25083411983";"8457";"13/02/2026";"";"15707888196";"CASA TOGNINI MATERIAIS HID E SANIT LTDA";"0,00";"MATERIAL RETIRADO EM NOME DA AJGSPE DE ACORDO COM O QUE FOI PASSADO PELO MÁRCIO.

CONFORME CONVERSA DIRETO COM O VICTOR, O MÁRCIO INFORMOU QUE A PRÓPRIA GERENCIADORA IRÁ FICAR RESPONSÁVEL PELOS PAGAMENTOS.
PEDIDO REALIZADO SEM A APROVAÇÃO DO ORÇAMENTO.

DEVIDO A FALTA DE ATENÇÃO POR PARTE DA EPSON, O BOLETO NAO FOI LANÇADO CORRETAMENTE E ESTAMOS NOS RESPONSABILIZANDO PELO PAGAMENTO DO SEGUNDO BOLETO, PARA SERMOS REEMBOLSADOS 10/05 (ESSA ATUALIZAÇÃO ESTÁ SENDO FEITA DIA 16/04).
MARCIO AUTORIZOU VIA LIGAÇÃO A FAZER ESSE PROCESSO
BOLETO SENDO PAGO COM JUROS DOIS DIAS APÓS O VENCIMENTO";"Em aberto";"16234281013";"0000000001324";"";"ABRACADEIRA TIPO D COM CUNHA 1""";"6,00";"1,1700";"PC";"0,0000";"3135 e 2449"
"25083411983";"8457";"13/02/2026";"";"15707888196";"CASA TOGNINI MATERIAIS HID E SANIT LTDA";"0,00";"MATERIAL RETIRADO EM NOME DA AJGSPE DE ACORDO COM O QUE FOI PASSADO PELO MÁRCIO.

CONFORME CONVERSA DIRETO COM O VICTOR, O MÁRCIO INFORMOU QUE A PRÓPRIA GERENCIADORA IRÁ FICAR RESPONSÁVEL PELOS PAGAMENTOS.
PEDIDO REALIZADO SEM A APROVAÇÃO DO ORÇAMENTO.

DEVIDO A FALTA DE ATENÇÃO POR PARTE DA EPSON, O BOLETO NAO FOI LANÇADO CORRETAMENTE E ESTAMOS NOS RESPONSABILIZANDO PELO PAGAMENTO DO SEGUNDO BOLETO, PARA SERMOS REEMBOLSADOS 10/05 (ESSA ATUALIZAÇÃO ESTÁ SENDO FEITA DIA 16/04).
MARCIO AUTORIZOU VIA LIGAÇÃO A FAZER ESSE PROCESSO
BOLETO SENDO PAGO COM JUROS DOIS DIAS APÓS O VENCIMENTO";"Em aberto";"0";"";"";"ABRAÇADEIRA TIPO D COM CUNHA 3/4""";"25,00";"0,9000";"PC";"0,0000";"3135 e 2449"
"25083411983";"8457";"13/02/2026";"";"15707888196";"CASA TOGNINI MATERIAIS HID E SANIT LTDA";"0,00";"MATERIAL RETIRADO EM NOME DA AJGSPE DE ACORDO COM O QUE FOI PASSADO PELO MÁRCIO.

CONFORME CONVERSA DIRETO COM O VICTOR, O MÁRCIO INFORMOU QUE A PRÓPRIA GERENCIADORA IRÁ FICAR RESPONSÁVEL PELOS PAGAMENTOS.
PEDIDO REALIZADO SEM A APROVAÇÃO DO ORÇAMENTO.

DEVIDO A FALTA DE ATENÇÃO POR PARTE DA EPSON, O BOLETO NAO FOI LANÇADO CORRETAMENTE E ESTAMOS NOS RESPONSABILIZANDO PELO PAGAMENTO DO SEGUNDO BOLETO, PARA SERMOS REEMBOLSADOS 10/05 (ESSA ATUALIZAÇÃO ESTÁ SENDO FEITA DIA 16/04).
MARCIO AUTORIZOU VIA LIGAÇÃO A FAZER ESSE PROCESSO
BOLETO SENDO PAGO COM JUROS DOIS DIAS APÓS O VENCIMENTO";"Em aberto";"16328779834";"0000000001902";"";"BUCHA NYLON 8MM SIMPLES";"40,00";"0,1000";"CT";"0,0000";"3135 e 2449"
"25083411983";"8457";"13/02/2026";"";"15707888196";"CASA TOGNINI MATERIAIS HID E SANIT LTDA";"0,00";"MATERIAL RETIRADO EM NOME DA AJGSPE DE ACORDO COM O QUE FOI PASSADO PELO MÁRCIO.

CONFORME CONVERSA DIRETO COM O VICTOR, O MÁRCIO INFORMOU QUE A PRÓPRIA GERENCIADORA IRÁ FICAR RESPONSÁVEL PELOS PAGAMENTOS.
PEDIDO REALIZADO SEM A APROVAÇÃO DO ORÇAMENTO.

DEVIDO A FALTA DE ATENÇÃO POR PARTE DA EPSON, O BOLETO NAO FOI LANÇADO CORRETAMENTE E ESTAMOS NOS RESPONSABILIZANDO PELO PAGAMENTO DO SEGUNDO BOLETO, PARA SERMOS REEMBOLSADOS 10/05 (ESSA ATUALIZAÇÃO ESTÁ SENDO FEITA DIA 16/04).
MARCIO AUTORIZOU VIA LIGAÇÃO A FAZER ESSE PROCESSO
BOLETO SENDO PAGO COM JUROS DOIS DIAS APÓS O VENCIMENTO";"Em aberto";"12583325562";"0000000000298";"";"PARAFUSO 8MM";"40,00";"0,2900";"PC";"0,0000";"3135 e 2449"
"25083411983";"8457";"13/02/2026";"";"15707888196";"CASA TOGNINI MATERIAIS HID E SANIT LTDA";"0,00";"MATERIAL RETIRADO EM NOME DA AJGSPE DE ACORDO COM O QUE FOI PASSADO PELO MÁRCIO.

CONFORME CONVERSA DIRETO COM O VICTOR, O MÁRCIO INFORMOU QUE A PRÓPRIA GERENCIADORA IRÁ FICAR RESPONSÁVEL PELOS PAGAMENTOS.
PEDIDO REALIZADO SEM A APROVAÇÃO DO ORÇAMENTO.

DEVIDO A FALTA DE ATENÇÃO POR PARTE DA EPSON, O BOLETO NAO FOI LANÇADO CORRETAMENTE E ESTAMOS NOS RESPONSABILIZANDO PELO PAGAMENTO DO SEGUNDO BOLETO, PARA SERMOS REEMBOLSADOS 10/05 (ESSA ATUALIZAÇÃO ESTÁ SENDO FEITA DIA 16/04).
MARCIO AUTORIZOU VIA LIGAÇÃO A FAZER ESSE PROCESSO
BOLETO SENDO PAGO COM JUROS DOIS DIAS APÓS O VENCIMENTO";"Em aberto";"16362541699";"0000000002495";"";"ANEL DE BORRACHA 75MM";"70,00";"0,6300";"PC";"0,0000";"3135 e 2449"
"25083411983";"8457";"13/02/2026";"";"15707888196";"CASA TOGNINI MATERIAIS HID E SANIT LTDA";"0,00";"MATERIAL RETIRADO EM NOME DA AJGSPE DE ACORDO COM O QUE FOI PASSADO PELO MÁRCIO.

CONFORME CONVERSA DIRETO COM O VICTOR, O MÁRCIO INFORMOU QUE A PRÓPRIA GERENCIADORA IRÁ FICAR RESPONSÁVEL PELOS PAGAMENTOS.
PEDIDO REALIZADO SEM A APROVAÇÃO DO ORÇAMENTO.

DEVIDO A FALTA DE ATENÇÃO POR PARTE DA EPSON, O BOLETO NAO FOI LANÇADO CORRETAMENTE E ESTAMOS NOS RESPONSABILIZANDO PELO PAGAMENTO DO SEGUNDO BOLETO, PARA SERMOS REEMBOLSADOS 10/05 (ESSA ATUALIZAÇÃO ESTÁ SENDO FEITA DIA 16/04).
MARCIO AUTORIZOU VIA LIGAÇÃO A FAZER ESSE PROCESSO
BOLETO SENDO PAGO COM JUROS DOIS DIAS APÓS O VENCIMENTO";"Em aberto";"16360336905";"0000000002467";"";"ANEL DE BORRACHA 50MM";"160,00";"0,5500";"PC";"0,0000";"3135 e 2449"
"25083411983";"8457";"13/02/2026";"";"15707888196";"CASA TOGNINI MATERIAIS HID E SANIT LTDA";"0,00";"MATERIAL RETIRADO EM NOME DA AJGSPE DE ACORDO COM O QUE FOI PASSADO PELO MÁRCIO.

CONFORME CONVERSA DIRETO COM O VICTOR, O MÁRCIO INFORMOU QUE A PRÓPRIA GERENCIADORA IRÁ FICAR RESPONSÁVEL PELOS PAGAMENTOS.
PEDIDO REALIZADO SEM A APROVAÇÃO DO ORÇAMENTO.

DEVIDO A FALTA DE ATENÇÃO POR PARTE DA EPSON, O BOLETO NAO FOI LANÇADO CORRETAMENTE E ESTAMOS NOS RESPONSABILIZANDO PELO PAGAMENTO DO SEGUNDO BOLETO, PARA SERMOS REEMBOLSADOS 10/05 (ESSA ATUALIZAÇÃO ESTÁ SENDO FEITA DIA 16/04).
MARCIO AUTORIZOU VIA LIGAÇÃO A FAZER ESSE PROCESSO
BOLETO SENDO PAGO COM JUROS DOIS DIAS APÓS O VENCIMENTO";"Em aberto";"16357109811";"0000000002222";"";"BROCA ACO RAPIDO 1/4";"10,00";"8,9100";"";"0,0000";"3135 e 2449"
"25083411983";"8457";"13/02/2026";"";"15707888196";"CASA TOGNINI MATERIAIS HID E SANIT LTDA";"0,00";"MATERIAL RETIRADO EM NOME DA AJGSPE DE ACORDO COM O QUE FOI PASSADO PELO MÁRCIO.

CONFORME CONVERSA DIRETO COM O VICTOR, O MÁRCIO INFORMOU QUE A PRÓPRIA GERENCIADORA IRÁ FICAR RESPONSÁVEL PELOS PAGAMENTOS.
PEDIDO REALIZADO SEM A APROVAÇÃO DO ORÇAMENTO.

DEVIDO A FALTA DE ATENÇÃO POR PARTE DA EPSON, O BOLETO NAO FOI LANÇADO CORRETAMENTE E ESTAMOS NOS RESPONSABILIZANDO PELO PAGAMENTO DO SEGUNDO BOLETO, PARA SERMOS REEMBOLSADOS 10/05 (ESSA ATUALIZAÇÃO ESTÁ SENDO FEITA DIA 16/04).
MARCIO AUTORIZOU VIA LIGAÇÃO A FAZER ESSE PROCESSO
BOLETO SENDO PAGO COM JUROS DOIS DIAS APÓS O VENCIMENTO";"Em aberto";"16412072651";"0000000002272";"";"BROCA AÇO RAPIDO 3/8";"5,00";"19,6600";"";"0,0000";"3135 e 2449"
"25083411983";"8457";"13/02/2026";"";"15707888196";"CASA TOGNINI MATERIAIS HID E SANIT LTDA";"0,00";"MATERIAL RETIRADO EM NOME DA AJGSPE DE ACORDO COM O QUE FOI PASSADO PELO MÁRCIO.

CONFORME CONVERSA DIRETO COM O VICTOR, O MÁRCIO INFORMOU QUE A PRÓPRIA GERENCIADORA IRÁ FICAR RESPONSÁVEL PELOS PAGAMENTOS.
PEDIDO REALIZADO SEM A APROVAÇÃO DO ORÇAMENTO.

DEVIDO A FALTA DE ATENÇÃO POR PARTE DA EPSON, O BOLETO NAO FOI LANÇADO CORRETAMENTE E ESTAMOS NOS RESPONSABILIZANDO PELO PAGAMENTO DO SEGUNDO BOLETO, PARA SERMOS REEMBOLSADOS 10/05 (ESSA ATUALIZAÇÃO ESTÁ SENDO FEITA DIA 16/04).
MARCIO AUTORIZOU VIA LIGAÇÃO A FAZER ESSE PROCESSO
BOLETO SENDO PAGO COM JUROS DOIS DIAS APÓS O VENCIMENTO";"Em aberto";"16316044371";"0000000001694";"";"FITA CREPE 48x50";"5,00";"13,8100";"";"0,0000";"3135 e 2449"
"25083411983";"8457";"13/02/2026";"";"15707888196";"CASA TOGNINI MATERIAIS HID E SANIT LTDA";"0,00";"MATERIAL RETIRADO EM NOME DA AJGSPE DE ACORDO COM O QUE FOI PASSADO PELO MÁRCIO.

CONFORME CONVERSA DIRETO COM O VICTOR, O MÁRCIO INFORMOU QUE A PRÓPRIA GERENCIADORA IRÁ FICAR RESPONSÁVEL PELOS PAGAMENTOS.
PEDIDO REALIZADO SEM A APROVAÇÃO DO ORÇAMENTO.

DEVIDO A FALTA DE ATENÇÃO POR PARTE DA EPSON, O BOLETO NAO FOI LANÇADO CORRETAMENTE E ESTAMOS NOS RESPONSABILIZANDO PELO PAGAMENTO DO SEGUNDO BOLETO, PARA SERMOS REEMBOLSADOS 10/05 (ESSA ATUALIZAÇÃO ESTÁ SENDO FEITA DIA 16/04).
MARCIO AUTORIZOU VIA LIGAÇÃO A FAZER ESSE PROCESSO
BOLETO SENDO PAGO COM JUROS DOIS DIAS APÓS O VENCIMENTO";"Em aberto";"16158257396";"";"";"IMPOSTOS";"1,00";"63,8700";"um";"0,0000";"3135 e 2449"
"25084603862";"8458";"13/02/2026";"";"17852443821";"MEGA PEAD TUBOS E CONEXOES LTDA";"0,00";"MATERIAL REFERENTE AO PEDIDO DE VENDA - 1438";"Em aberto";"16603896283";"0000000004625";"LUEF31511II";"LUVA EF PEAD DN315 SDR11 PN16 II";"5,00";"937,6400";"PC";"0,0000";"P1438"
"25084603862";"8458";"13/02/2026";"";"17852443821";"MEGA PEAD TUBOS E CONEXOES LTDA";"0,00";"MATERIAL REFERENTE AO PEDIDO DE VENDA - 1438";"Em aberto";"16603898574";"0000000004626";"LUEF16011ID";"LUVA EF PEAD DN160 SDR11 PN16 ID";"3,00";"176,5200";"PC";"0,0000";"P1438"
"25084603862";"8458";"13/02/2026";"";"17852443821";"MEGA PEAD TUBOS E CONEXOES LTDA";"0,00";"MATERIAL REFERENTE AO PEDIDO DE VENDA - 1438";"Em aberto";"16603899605";"0000000004627";"COTF16011ID";"COLARINHO LONGO TF PEAD DN160 SDR11 PN16 ID";"1,00";"120,8500";"PC";"0,0000";"P1438"
"25109358111";"8459";"18/02/2026";"";"16294523222";"SIDEILTON PROSPERO DA ROCHA";"0,00";"PEDIDO REFERENTE A EMPREITA NA OBRA ZAVIT - 3260";"Em aberto";"16357119601";"";"";"EMPREITA";"1,00";"750,0000";"";"0,0000";"3260"
"25109385451";"8460";"18/02/2026";"";"16294523222";"SIDEILTON PROSPERO DA ROCHA";"0,00";"PEDIDO REFERENTE A EMPREITA NA OBRA ESTEE LAUDER - 3337";"Em aberto";"16357119601";"";"";"EMPREITA";"1,00";"1.400,0000";"";"0,0000";"3337"
"25109490797";"8461";"18/02/2026";"";"16294523222";"SIDEILTON PROSPERO DA ROCHA";"0,00";"PEDIDO REFERENTE A EMPREITA NA OBRA ON RUNNING - 3310";"Em aberto";"16357119601";"";"";"EMPREITA";"1,00";"500,0000";"";"0,0000";"3310"
"25109503229";"8462";"18/02/2026";"";"16294523222";"SIDEILTON PROSPERO DA ROCHA";"0,00";"PEDIDO REFERENTE A EMPREITA REALIZADA NA OBRA SALUX - 3114";"Em aberto";"16357119601";"";"";"EMPREITA";"1,00";"850,0000";"";"0,0000";"3114"
"25109561346";"8463";"18/02/2026";"";"17914715594";"WESLEY LIMA DA SILVA";"0,00";"PEDIDO REFERENTE A EMPREITA NA OBRA JANDAIA - 2449";"Em aberto";"16357119601";"";"";"EMPREITA";"1,00";"6.000,0000";"";"0,0000";"2449"
"25109789506";"8464";"18/02/2026";"";"17880310297";"MONTMAGNO COMERCIAL LTDA";"0,00";"PEDIDO REFERENTE A MATERIAL PARA ATENDER OBRA JANDAIA - 2449

PEDIDO FEITO PELO MARCIO FISICAMENTE";"Em aberto";"16565662982";"0000000004569";"";"CONE E JAQUETA 3/8""";"500,00";"1,0700";"PC";"0,0000";"2449"
"25111984946";"8465";"18/02/2026";"";"10499996535";"HIDRO - JET - COMERCIAL LTDA";"0,00";"PEDIDO REFERENTE A LAVADORA KARCHER";"Em aberto";"16013100034";"";"";"MANUTENÇÃO DE BOMBA";"1,00";"1.900,0000";"VB";"0,0000";""
"25113215020";"8467";"18/02/2026";"";"9406825547";"CASA FARIA MATERIAIS HIDRAULICOS LTDA";"0,00";"PEDIDO REFERENTE A MATERIAL PARA A OBRA JASMIM - 2652";"Em aberto";"9895657417";"0000000004068";"";"VERGALHÃO ROSCADO 1/4""";"6,00";"12,0400";"BR";"0,0000";"2652"
"25113215020";"8467";"18/02/2026";"";"9406825547";"CASA FARIA MATERIAIS HIDRAULICOS LTDA";"0,00";"PEDIDO REFERENTE A MATERIAL PARA A OBRA JASMIM - 2652";"Em aberto";"9895595837";"0000000004066";"";"CHUMBADOR 1/4""";"50,00";"0,6900";"PC";"0,0000";"2652"
"25113605624";"8468";"18/02/2026";"";"12547815395";"CEMIL TUBOS E CONEXOES LTDA";"0,00";"MATERIAL SOLICITADO PARA ATENDER A OBRA JANDAIA - 2449";"Em aberto";"9806742697";"0000000004029";"";"PONTA DE ROSCA BSP/NPT - 6""";"1,00";"220,0000";"PC";"0,0000";"2449"
"25113605624";"8468";"18/02/2026";"";"12547815395";"CEMIL TUBOS E CONEXOES LTDA";"0,00";"MATERIAL SOLICITADO PARA ATENDER A OBRA JANDAIA - 2449";"Em aberto";"9249088565";"0000000003757";"";"PONTA DE ROSCA BSP/NPT - 4""";"2,00";"120,0000";"PC";"0,0000";"2449"
"25118146790";"8469";"19/02/2026";"";"16726307619";"Tecno Fluidos Sistemas de Conducao Ltda";"0,00";"PEDIDO REFERENTE A MATERIAL SOLICITADO PARA A OBRA TGI - 3135";"Em aberto";"16526645110";"0000000004423";"";"COTOVELO PVC DURATOP M/F 50MM X 45°";"1,00";"13,8400";"PC";"0,0000";"3135"
"25118146790";"8469";"19/02/2026";"";"16726307619";"Tecno Fluidos Sistemas de Conducao Ltda";"0,00";"PEDIDO REFERENTE A MATERIAL SOLICITADO PARA A OBRA TGI - 3135";"Em aberto";"16479129011";"0000000003264";"10100050400";"TUBO PVC DURATOP 50MM X 4MT";"1,00";"124,3800";"BR";"0,0000";"3135"
"25118146790";"8469";"19/02/2026";"";"16726307619";"Tecno Fluidos Sistemas de Conducao Ltda";"0,00";"PEDIDO REFERENTE A MATERIAL SOLICITADO PARA A OBRA TGI - 3135";"Em aberto";"16158257396";"";"";"IMPOSTOS";"1,00";"20,8900";"um";"0,0000";"3135"
"25118289962";"8470";"19/02/2026";"";"16600692852";"S.B. COMERCIO DE BOMBAS E ASSISTENCIA LTDA";"0,00";"PEDIDO REFERENTE A MATERIAL SOLICITADO PARA A OBRA TGI - 3135";"Em aberto";"16605701521";"0000000004689";"";"PRESSURIZADOR SCHNEIDER SP-12C 1/2CV MONOFASICO 220V";"1,00";"1.330,0000";"PC";"0,0000";"3135"
"25118617008";"8471";"19/02/2026";"";"16301861367";"PRESSING GRAFICA";"0,00";"PEDIDO REFERENTE A PLOTAGEM DE PROJETO PARA OBRA TETRA PARK - 3341";"Em aberto";"16171434690";"";"";"PROJETO";"1,00";"87,5000";"UM";"0,0000";"3341"
"25120861212";"8473";"19/02/2026";"";"17968010014";"VL CONSTRUTORA LTDA";"0,00";"PEDIDO REFERENTE A EMPREITA NA OBRA JANDAIA - 2449

DATA INICIAL PARA PAGAMENTO DA SEGUNDA PARCELA : 10/03 

OBS: CONFERIR VALORES ATRAVES DA MEDIÇÃO.

VALORES ALTERADOS DIA 30/03/26 CONFORME CONVERSADO COM A RENATA";"Em aberto";"16357119601";"";"";"EMPREITA";"1,00";"36.250,0000";"";"0,0000";"2449"
"25131008157";"8505";"20/02/2026";"";"15525702206";"COMERCIAL RIMAR LTDA";"0,00";"MATERIAL SOLICITADO REFERENTE A OBRA TGI - 3135

MATERIAL COMPRADO EM NOME DA AGIO ";"Em aberto";"16606294638";"0000000004656";"";"UNIAO ASSENTO EM BRONZE AÇO CARBONO PRETO NPT 1""";"1,00";"107,3100";"PC";"0,0000";"3135"
"25131008157";"8505";"20/02/2026";"";"15525702206";"COMERCIAL RIMAR LTDA";"0,00";"MATERIAL SOLICITADO REFERENTE A OBRA TGI - 3135

MATERIAL COMPRADO EM NOME DA AGIO ";"Em aberto";"16510658124";"0000000004138";"TP004D";"TUBO AÇO CARBONO PRETO C/C SCH 40 3/4""";"4,00";"98,4700";"BR";"0,0000";"3135"
"25131008157";"8505";"20/02/2026";"";"15525702206";"COMERCIAL RIMAR LTDA";"0,00";"MATERIAL SOLICITADO REFERENTE A OBRA TGI - 3135

MATERIAL COMPRADO EM NOME DA AGIO ";"Em aberto";"16606293456";"0000000004651";"";"LUVA AÇO CARBONO PRETO 300 LIBRAS NPT 3/4""";"5,00";"19,2300";"PC";"0,0000";"3135"
"25131008157";"8505";"20/02/2026";"";"15525702206";"COMERCIAL RIMAR LTDA";"0,00";"MATERIAL SOLICITADO REFERENTE A OBRA TGI - 3135

MATERIAL COMPRADO EM NOME DA AGIO ";"Em aberto";"16606293690";"0000000004652";"";"COTOVELO AÇO CARBONO PRETO 300 LIBRAS NPT 1"" X 90°";"5,00";"34,9600";"PC";"0,0000";"3135"
"25131008157";"8505";"20/02/2026";"";"15525702206";"COMERCIAL RIMAR LTDA";"0,00";"MATERIAL SOLICITADO REFERENTE A OBRA TGI - 3135

MATERIAL COMPRADO EM NOME DA AGIO ";"Em aberto";"16606294032";"0000000004653";"";"COTOVELO AÇO CARBONO PRETO 300 LIBRAS NPT 3/4"" X 90°";"15,00";"24,1200";"PC";"0,0000";"3135"
"25131008157";"8505";"20/02/2026";"";"15525702206";"COMERCIAL RIMAR LTDA";"0,00";"MATERIAL SOLICITADO REFERENTE A OBRA TGI - 3135

MATERIAL COMPRADO EM NOME DA AGIO ";"Em aberto";"16606294184";"0000000004654";"";"TE AÇO CARBONO PRETO 300 LIBRAS NPT 1""";"4,00";"50,6800";"PC";"0,0000";"3135"
"25131008157";"8505";"20/02/2026";"";"15525702206";"COMERCIAL RIMAR LTDA";"0,00";"MATERIAL SOLICITADO REFERENTE A OBRA TGI - 3135

MATERIAL COMPRADO EM NOME DA AGIO ";"Em aberto";"16606294372";"0000000004655";"";"TE AÇO CARBONO PRETO 300 LIBRAS NPT 1"" X 3/4""";"5,00";"47,1900";"PC";"0,0000";"3135"
"25145744143";"8476";"23/02/2026";"";"16726307619";"Tecno Fluidos Sistemas de Conducao Ltda";"0,00";"MATERIAL REFERENTE A PEDIDO DE VENDA 1444";"Em aberto";"16479129011";"0000000003264";"10100050400";"TUBO PVC DURATOP 50MM X 4MT";"3,00";"116,0900";"BR";"0,0000";"P1444"
"25145744143";"8476";"23/02/2026";"";"16726307619";"Tecno Fluidos Sistemas de Conducao Ltda";"0,00";"MATERIAL REFERENTE A PEDIDO DE VENDA 1444";"Em aberto";"16526644493";"0000000004420";"";"COTOVELO PVC DURATOP M/F 50MM X 90°";"7,00";"12,2900";"PC";"0,0000";"P1444"
"25145744143";"8476";"23/02/2026";"";"16726307619";"Tecno Fluidos Sistemas de Conducao Ltda";"0,00";"MATERIAL REFERENTE A PEDIDO DE VENDA 1444";"Em aberto";"16452306884";"0000000003123";"";"LUVA PVC DURATOP 50MM";"24,00";"14,1600";"PC";"0,0000";"P1444"
"25145744143";"8476";"23/02/2026";"";"16726307619";"Tecno Fluidos Sistemas de Conducao Ltda";"0,00";"MATERIAL REFERENTE A PEDIDO DE VENDA 1444";"Em aberto";"9624452375";"0000000003956";"";"JUNCAO PVC DURATOP 50MM";"3,00";"25,2000";"PC";"0,0000";"P1444"
"25145744143";"8476";"23/02/2026";"";"16726307619";"Tecno Fluidos Sistemas de Conducao Ltda";"0,00";"MATERIAL REFERENTE A PEDIDO DE VENDA 1444";"Em aberto";"16526644717";"0000000004421";"";"COTOVELO PVC DURATOP M/F 75MM X 90°";"21,00";"24,4000";"PC";"0,0000";"P1444"
"25145744143";"8476";"23/02/2026";"";"16726307619";"Tecno Fluidos Sistemas de Conducao Ltda";"0,00";"MATERIAL REFERENTE A PEDIDO DE VENDA 1444";"Em aberto";"16526645605";"0000000004424";"";"COTOVELO PVC DURATOP M/F 75MM X 45°";"10,00";"23,9100";"PC";"0,0000";"P1444"
"25145744143";"8476";"23/02/2026";"";"16726307619";"Tecno Fluidos Sistemas de Conducao Ltda";"0,00";"MATERIAL REFERENTE A PEDIDO DE VENDA 1444";"Em aberto";"10946642633";"0000000000218";"";"TE PVC DURATOP 75 X 50MM";"9,00";"40,3400";"PC";"0,0000";"P1444"
"25145744143";"8476";"23/02/2026";"";"16726307619";"Tecno Fluidos Sistemas de Conducao Ltda";"0,00";"MATERIAL REFERENTE A PEDIDO DE VENDA 1444";"Em aberto";"9368468224";"0000000003860";"";"JUNCAO PVC DURATOP 75MM";"2,00";"51,7000";"PC";"0,0000";"P1444"
"25145744143";"8476";"23/02/2026";"";"16726307619";"Tecno Fluidos Sistemas de Conducao Ltda";"0,00";"MATERIAL REFERENTE A PEDIDO DE VENDA 1444";"Em aberto";"16312622250";"0000000001637";"";"BUCHA REDUCAO PVC DURATOP 75 X 50 MM";"15,00";"28,7500";"UN";"0,0000";"P1444"
"25145744143";"8476";"23/02/2026";"";"16726307619";"Tecno Fluidos Sistemas de Conducao Ltda";"0,00";"MATERIAL REFERENTE A PEDIDO DE VENDA 1444";"Em aberto";"16417888085";"0000000002880";"";"DTX SIFAO CAIXA SIFONADA - 125MM";"1,00";"78,5100";"PC";"0,0000";"P1444"
"25145744143";"8476";"23/02/2026";"";"16726307619";"Tecno Fluidos Sistemas de Conducao Ltda";"0,00";"MATERIAL REFERENTE A PEDIDO DE VENDA 1444";"Em aberto";"16158257396";"";"";"IMPOSTOS";"1,00";"389,7500";"um";"0,0000";"P1444"
"25145907696";"8477";"23/02/2026";"";"16874294220";"CLÍNICA LARGO TREZE";"0,00";"PEDIDO REFERENTE A ELABORAÇÃO DO ASO (EQUIPE SIDEITON - EULE E DANIEL)";"Em aberto";"16365590662";"";"";"EXAMES";"1,00";"140,0000";"";"0,0000";"3341"
"25147947007";"8478";"23/02/2026";"";"16893479316";"MERCADO LIVRE";"0,00";"SOLICITAÇÃO DE COMPRA DE BATERIA PARA NOTEBOOK";"Em aberto";"16351987419";"0000000002391";"";"MATERIAL DE ESCRITÓRIO";"1,00";"149,9000";"";"0,0000";""
"25156665899";"8479";"24/02/2026";"";"15525702206";"COMERCIAL RIMAR LTDA";"0,00";"PEDIDO RETIRADO EM NOME DA SAENG POREM A RESPONSÁVEL PELO PAGAMENTO SERÁ A CMHF

INSTRUÇÃO DE PAGAMENTO: PAGAR 3 DIAS ANTES DO VENCIMENTO DO BOLETO";"Em aberto";"16425147627";"0000000002881";"";"TE MECANICO RANHURADO 4"" X 3/4""";"60,00";"33,6100";"PC";"0,0000";"2449"
"25156665899";"8479";"24/02/2026";"";"15525702206";"COMERCIAL RIMAR LTDA";"0,00";"PEDIDO RETIRADO EM NOME DA SAENG POREM A RESPONSÁVEL PELO PAGAMENTO SERÁ A CMHF

INSTRUÇÃO DE PAGAMENTO: PAGAR 3 DIAS ANTES DO VENCIMENTO DO BOLETO";"Em aberto";"0";"";"";"acoplamento 6 x 2";"4,00";"93,9300";"PC";"0,0000";"2449"
"25156665899";"8479";"24/02/2026";"";"15525702206";"COMERCIAL RIMAR LTDA";"0,00";"PEDIDO RETIRADO EM NOME DA SAENG POREM A RESPONSÁVEL PELO PAGAMENTO SERÁ A CMHF

INSTRUÇÃO DE PAGAMENTO: PAGAR 3 DIAS ANTES DO VENCIMENTO DO BOLETO";"Em aberto";"16604204123";"0000000004636";"";"TUBO AÇO CARBONO PRETO C/C 5590 SCH10 3"" PINTADO VERMELHO";"8,00";"423,4100";"BR";"0,0000";"2449"
"25156665899";"8479";"24/02/2026";"";"15525702206";"COMERCIAL RIMAR LTDA";"0,00";"PEDIDO RETIRADO EM NOME DA SAENG POREM A RESPONSÁVEL PELO PAGAMENTO SERÁ A CMHF

INSTRUÇÃO DE PAGAMENTO: PAGAR 3 DIAS ANTES DO VENCIMENTO DO BOLETO";"Em aberto";"16290882980";"0000000001503";"";"VALVULA ESFERA LATAO 4""";"2,00";"1.197,6700";"PC";"0,0000";"2449"
"25156665899";"8479";"24/02/2026";"";"15525702206";"COMERCIAL RIMAR LTDA";"0,00";"PEDIDO RETIRADO EM NOME DA SAENG POREM A RESPONSÁVEL PELO PAGAMENTO SERÁ A CMHF

INSTRUÇÃO DE PAGAMENTO: PAGAR 3 DIAS ANTES DO VENCIMENTO DO BOLETO";"Em aberto";"16488337875";"0000000003308";"";"NIPLE AÇO CARBONO PRETO BSP 4""";"2,00";"126,7000";"PC";"0,0000";"2449"
"25156665899";"8479";"24/02/2026";"";"15525702206";"COMERCIAL RIMAR LTDA";"0,00";"PEDIDO RETIRADO EM NOME DA SAENG POREM A RESPONSÁVEL PELO PAGAMENTO SERÁ A CMHF

INSTRUÇÃO DE PAGAMENTO: PAGAR 3 DIAS ANTES DO VENCIMENTO DO BOLETO";"Em aberto";"0";"";"";"TUBO AÇO CARBONO PRETO C/C SCH10 - 10""";"3,00";"2.149,8500";"PC";"0,0000";"2449"
"25156665899";"8479";"24/02/2026";"";"15525702206";"COMERCIAL RIMAR LTDA";"0,00";"PEDIDO RETIRADO EM NOME DA SAENG POREM A RESPONSÁVEL PELO PAGAMENTO SERÁ A CMHF

INSTRUÇÃO DE PAGAMENTO: PAGAR 3 DIAS ANTES DO VENCIMENTO DO BOLETO";"Em aberto";"16448483226";"0000000003056";"";"VALVULA DE RETENCAO VERTICAL - 2 1/2""";"2,00";"251,6000";"PC";"0,0000";"2449"
"25156665899";"8479";"24/02/2026";"";"15525702206";"COMERCIAL RIMAR LTDA";"0,00";"PEDIDO RETIRADO EM NOME DA SAENG POREM A RESPONSÁVEL PELO PAGAMENTO SERÁ A CMHF

INSTRUÇÃO DE PAGAMENTO: PAGAR 3 DIAS ANTES DO VENCIMENTO DO BOLETO";"Em aberto";"0";"";"";"BUCHA REDUÇÃO CONCENTRICA RANHURADA 12"" X 10""";"2,00";"358,8400";"PC";"0,0000";"2449"
"25156665899";"8479";"24/02/2026";"";"15525702206";"COMERCIAL RIMAR LTDA";"0,00";"PEDIDO RETIRADO EM NOME DA SAENG POREM A RESPONSÁVEL PELO PAGAMENTO SERÁ A CMHF

INSTRUÇÃO DE PAGAMENTO: PAGAR 3 DIAS ANTES DO VENCIMENTO DO BOLETO";"Em aberto";"16049029040";"0000000000815";"";"CHAVE DE FLUXO MOD. F-01 ALL-MEX - 6""";"10,00";"681,5300";"PC";"0,0000";"2449"
"25156665899";"8479";"24/02/2026";"";"15525702206";"COMERCIAL RIMAR LTDA";"0,00";"PEDIDO RETIRADO EM NOME DA SAENG POREM A RESPONSÁVEL PELO PAGAMENTO SERÁ A CMHF

INSTRUÇÃO DE PAGAMENTO: PAGAR 3 DIAS ANTES DO VENCIMENTO DO BOLETO";"Em aberto";"16574034231";"0000000004595";"";"VALVULA GAVETA LATAO PN16 RANHURA 2.1/2""";"10,00";"351,3100";"PC";"0,0000";"2449"
"25156665899";"8479";"24/02/2026";"";"15525702206";"COMERCIAL RIMAR LTDA";"0,00";"PEDIDO RETIRADO EM NOME DA SAENG POREM A RESPONSÁVEL PELO PAGAMENTO SERÁ A CMHF

INSTRUÇÃO DE PAGAMENTO: PAGAR 3 DIAS ANTES DO VENCIMENTO DO BOLETO";"Em aberto";"16101753500";"0000000001031";"";"BUCHA REDUCAO CONCENTRICA RANHURADO 6"" X 4""";"4,00";"53,4500";"PC";"0,0000";"2449"
"25156665899";"8479";"24/02/2026";"";"15525702206";"COMERCIAL RIMAR LTDA";"0,00";"PEDIDO RETIRADO EM NOME DA SAENG POREM A RESPONSÁVEL PELO PAGAMENTO SERÁ A CMHF

INSTRUÇÃO DE PAGAMENTO: PAGAR 3 DIAS ANTES DO VENCIMENTO DO BOLETO";"Em aberto";"16271027122";"0000000001448";"";"TE MECANICO RANHURADO 6"" X 4""";"2,00";"80,4400";"PC";"0,0000";"2449"
"25156665899";"8479";"24/02/2026";"";"15525702206";"COMERCIAL RIMAR LTDA";"0,00";"PEDIDO RETIRADO EM NOME DA SAENG POREM A RESPONSÁVEL PELO PAGAMENTO SERÁ A CMHF

INSTRUÇÃO DE PAGAMENTO: PAGAR 3 DIAS ANTES DO VENCIMENTO DO BOLETO";"Em aberto";"16479494379";"0000000003267";"";"VALVULA GLOBO ANGULAR 2.1/2"" X 45º (73MM)";"10,00";"165,0000";"PC";"0,0000";"2449"
"25156665899";"8479";"24/02/2026";"";"15525702206";"COMERCIAL RIMAR LTDA";"0,00";"PEDIDO RETIRADO EM NOME DA SAENG POREM A RESPONSÁVEL PELO PAGAMENTO SERÁ A CMHF

INSTRUÇÃO DE PAGAMENTO: PAGAR 3 DIAS ANTES DO VENCIMENTO DO BOLETO";"Em aberto";"15888859651";"0000000000572";"";"TAMPAO STORZ LATAO 2.1/2""";"8,00";"80,7500";"PC";"0,0000";"2449"
"25156665899";"8479";"24/02/2026";"";"15525702206";"COMERCIAL RIMAR LTDA";"0,00";"PEDIDO RETIRADO EM NOME DA SAENG POREM A RESPONSÁVEL PELO PAGAMENTO SERÁ A CMHF

INSTRUÇÃO DE PAGAMENTO: PAGAR 3 DIAS ANTES DO VENCIMENTO DO BOLETO";"Em aberto";"11084180500";"0000000000230";"";"ESGUICHO REGULAVEL - 2.1/2"" LATÃO";"9,00";"164,4900";"PC";"0,0000";"2449"
"25156665899";"8479";"24/02/2026";"";"15525702206";"COMERCIAL RIMAR LTDA";"0,00";"PEDIDO RETIRADO EM NOME DA SAENG POREM A RESPONSÁVEL PELO PAGAMENTO SERÁ A CMHF

INSTRUÇÃO DE PAGAMENTO: PAGAR 3 DIAS ANTES DO VENCIMENTO DO BOLETO";"Em aberto";"0";"";"";"ADAPTADOR STORZ 2 1/2"" X 2 1/2"" LATÃO";"17,00";"83,3500";"PC";"0,0000";"2449"
"25156665899";"8479";"24/02/2026";"";"15525702206";"COMERCIAL RIMAR LTDA";"0,00";"PEDIDO RETIRADO EM NOME DA SAENG POREM A RESPONSÁVEL PELO PAGAMENTO SERÁ A CMHF

INSTRUÇÃO DE PAGAMENTO: PAGAR 3 DIAS ANTES DO VENCIMENTO DO BOLETO";"Em aberto";"16158257396";"";"";"IMPOSTOS";"1,00";"113,2500";"um";"0,0000";"2449"
"25158349553";"8480";"24/02/2026";"";"16746334546";"RENAS REPARAÇÕES AUTOMOTIVAS";"0,00";"PEDIDO REFERENTE A MANUTENÇÃO DA SAVEIRO";"Em aberto";"9320939311";"";"";"MANUTENÇÃO DE VEICULO DA EMPRESA";"1,00";"5.146,0000";"VB";"0,0000";""
"25159298121";"8481";"24/02/2026";"";"15707888196";"CASA TOGNINI MATERIAIS HID E SANIT LTDA";"0,00";"MATERIAL SOLICITADO PARA ATENDER OBRA JASMIM - 2652";"Em aberto";"16336456452";"0000000002024";"";"COTOVELO PVC SILENTIUM 40MM X 45*";"10,00";"3,6600";"PC";"0,0000";"2652"
"25159298121";"8481";"24/02/2026";"";"15707888196";"CASA TOGNINI MATERIAIS HID E SANIT LTDA";"0,00";"MATERIAL SOLICITADO PARA ATENDER OBRA JASMIM - 2652";"Em aberto";"16392614746";"0000000002262";"";"COTOVELO PVC PPR 32MM X 90°";"20,00";"3,3200";"PC";"0,0000";"2652"
"25159298121";"8481";"24/02/2026";"";"15707888196";"CASA TOGNINI MATERIAIS HID E SANIT LTDA";"0,00";"MATERIAL SOLICITADO PARA ATENDER OBRA JASMIM - 2652";"Em aberto";"16303923445";"0000000001576";"";"COTOVELO PVC PPR 32MM X 45°";"20,00";"6,7600";"PC";"0,0000";"2652"
"25159298121";"8481";"24/02/2026";"";"15707888196";"CASA TOGNINI MATERIAIS HID E SANIT LTDA";"0,00";"MATERIAL SOLICITADO PARA ATENDER OBRA JASMIM - 2652";"Em aberto";"16518423886";"0000000004276";"";"COTOVELO PVC PPR 25MM X 45°";"20,00";"3,4700";"PC";"0,0000";"2652"
"25159298121";"8481";"24/02/2026";"";"15707888196";"CASA TOGNINI MATERIAIS HID E SANIT LTDA";"0,00";"MATERIAL SOLICITADO PARA ATENDER OBRA JASMIM - 2652";"Em aberto";"16378988929";"0000000002655";"";"COTOVELO PVC PPR 25MM X 90°";"20,00";"1,7700";"PÇ";"0,0000";"2652"
"25159298121";"8481";"24/02/2026";"";"15707888196";"CASA TOGNINI MATERIAIS HID E SANIT LTDA";"0,00";"MATERIAL SOLICITADO PARA ATENDER OBRA JASMIM - 2652";"Em aberto";"9513459309";"0000000003910";"";"TUBO PVC MARROM - 25MM";"9,00";"18,8400";"BR";"0,0000";"2652"
"25159298121";"8481";"24/02/2026";"";"15707888196";"CASA TOGNINI MATERIAIS HID E SANIT LTDA";"0,00";"MATERIAL SOLICITADO PARA ATENDER OBRA JASMIM - 2652";"Em aberto";"16552069196";"0000000004515";"";"COTOVELO PVC MARROM 25MM X 45";"16,00";"1,2800";"PC";"0,0000";"2652"
"25159298121";"8481";"24/02/2026";"";"15707888196";"CASA TOGNINI MATERIAIS HID E SANIT LTDA";"0,00";"MATERIAL SOLICITADO PARA ATENDER OBRA JASMIM - 2652";"Em aberto";"16487427329";"0000000003306";"";"TUBO PVC PPR PN20 32MM";"10,00";"49,3400";"BR";"0,0000";"2652"
"25159742913";"8482";"24/02/2026";"";"15525702206";"COMERCIAL RIMAR LTDA";"0,00";"PEDIDO RETIRADO EM NOME DA SAENG POREM A RESPONSÁVEL PELO PAGAMENTO SERÁ A CMHF

INSTRUÇÃO DE PAGAMENTO: PAGAR 3 DIAS ANTES DO VENCIMENTO DO BOLETO";"Em aberto";"0";"";"";"TE MECANICO RANHURADO 6"" X 2""";"50,00";"50,6900";"PÇ";"0,0000";"2449"
"25159742913";"8482";"24/02/2026";"";"15525702206";"COMERCIAL RIMAR LTDA";"0,00";"PEDIDO RETIRADO EM NOME DA SAENG POREM A RESPONSÁVEL PELO PAGAMENTO SERÁ A CMHF

INSTRUÇÃO DE PAGAMENTO: PAGAR 3 DIAS ANTES DO VENCIMENTO DO BOLETO";"Em aberto";"16167350703";"0000000001142";"";"TE MECANICO RANHURADO 4"" X 2""";"50,00";"37,8900";"PC";"0,0000";"2449"
"25159742913";"8482";"24/02/2026";"";"15525702206";"COMERCIAL RIMAR LTDA";"0,00";"PEDIDO RETIRADO EM NOME DA SAENG POREM A RESPONSÁVEL PELO PAGAMENTO SERÁ A CMHF

INSTRUÇÃO DE PAGAMENTO: PAGAR 3 DIAS ANTES DO VENCIMENTO DO BOLETO";"Em aberto";"16158257396";"";"";"IMPOSTOS";"1,00";"143,9400";"um";"0,0000";"2449"
"25159771024";"8483";"24/02/2026";"";"17978121226";"RTM 4 IMPORTACAO E CONEXOES LTDA";"0,00";"MATERIAL SOLICITADO PARA ATENDER OBRA JANDAIA - 2449";"Em aberto";"9806742697";"0000000004029";"";"PONTA DE ROSCA BSP/NPT - 6""";"1,00";"1.254,2500";"PC";"0,0000";"2449"
"25159811045";"8484";"24/02/2026";"";"17880310297";"MONTMAGNO COMERCIAL LTDA";"0,00";"MATERIAL SOLICITADO PARA ATENDER A OBRA JANDAIA - 2449";"Em aberto";"0";"";"";"GRAMPO TIPO U VERGALHAO GE 12 X 1/2 PC";"30,00";"22,2500";"PÇ";"0,0000";"2449"
"25159811045";"8484";"24/02/2026";"";"17880310297";"MONTMAGNO COMERCIAL LTDA";"0,00";"MATERIAL SOLICITADO PARA ATENDER A OBRA JANDAIA - 2449";"Em aberto";"0";"";"";"GRAMPO TIPO U VERGALHAO GE 2 X 3/8 PC";"40,00";"2,3400";"PÇ";"0,0000";"2449"
"25165927996";"8485";"25/02/2026";"";"15707888196";"CASA TOGNINI MATERIAIS HID E SANIT LTDA";"0,00";"MATERIAL SOLICITADO PARA ATENDER OBRA TETRA PAK - 3341";"Em aberto";"16096878511";"0000000000974";"";"FITA VEDA ROSCA 18MM X 50MT";"20,00";"5,1900";"PC";"0,0000";"3341"
"25165927996";"8485";"25/02/2026";"";"15707888196";"CASA TOGNINI MATERIAIS HID E SANIT LTDA";"0,00";"MATERIAL SOLICITADO PARA ATENDER OBRA TETRA PAK - 3341";"Em aberto";"16463431163";"0000000003190";"";"ÓCULOS SOBREPOR";"1,00";"6,0500";"PC";"0,0000";"3341"
"25165927996";"8485";"25/02/2026";"";"15707888196";"CASA TOGNINI MATERIAIS HID E SANIT LTDA";"0,00";"MATERIAL SOLICITADO PARA ATENDER OBRA TETRA PAK - 3341";"Em aberto";"9513459309";"0000000003910";"";"TUBO PVC MARROM - 25MM";"10,00";"18,3900";"BR";"0,0000";"3341"
"25165927996";"8485";"25/02/2026";"";"15707888196";"CASA TOGNINI MATERIAIS HID E SANIT LTDA";"0,00";"MATERIAL SOLICITADO PARA ATENDER OBRA TETRA PAK - 3341";"Em aberto";"9858779822";"0000000004034";"000000000000010459-M";"TUBO PVC MARROM - 32MM";"4,00";"43,1800";"BR";"0,0000";"3341"
"25165927996";"8485";"25/02/2026";"";"15707888196";"CASA TOGNINI MATERIAIS HID E SANIT LTDA";"0,00";"MATERIAL SOLICITADO PARA ATENDER OBRA TETRA PAK - 3341";"Em aberto";"16541618949";"0000000004464";"";"COTOVELO PVC MARROM 25MM X 90°";"30,00";"0,5600";"PC";"0,0000";"3341"
"25165927996";"8485";"25/02/2026";"";"15707888196";"CASA TOGNINI MATERIAIS HID E SANIT LTDA";"0,00";"MATERIAL SOLICITADO PARA ATENDER OBRA TETRA PAK - 3341";"Em aberto";"16432843143";"0000000002929";"";"COTOVELO PVC MARROM 32MM X 90°";"6,00";"1,9300";"PC";"0,0000";"3341"
"25165927996";"8485";"25/02/2026";"";"15707888196";"CASA TOGNINI MATERIAIS HID E SANIT LTDA";"0,00";"MATERIAL SOLICITADO PARA ATENDER OBRA TETRA PAK - 3341";"Em aberto";"16552069196";"0000000004515";"";"COTOVELO PVC MARROM 25MM X 45";"10,00";"1,2500";"PC";"0,0000";"3341"
"25165927996";"8485";"25/02/2026";"";"15707888196";"CASA TOGNINI MATERIAIS HID E SANIT LTDA";"0,00";"MATERIAL SOLICITADO PARA ATENDER OBRA TETRA PAK - 3341";"Em aberto";"16095847732";"0000000000968";"000000000000011643";"COTOVELO PVC MARROM 32MM X 45º";"6,00";"3,6500";"PC";"0,0000";"3341"
"25165927996";"8485";"25/02/2026";"";"15707888196";"CASA TOGNINI MATERIAIS HID E SANIT LTDA";"0,00";"MATERIAL SOLICITADO PARA ATENDER OBRA TETRA PAK - 3341";"Em aberto";"9513459311";"0000000003911";"";"LUVA PVC MARROM 25MM";"4,00";"0,5600";"PC";"0,0000";"3341"
"25165927996";"8485";"25/02/2026";"";"15707888196";"CASA TOGNINI MATERIAIS HID E SANIT LTDA";"0,00";"MATERIAL SOLICITADO PARA ATENDER OBRA TETRA PAK - 3341";"Em aberto";"15964134617";"0000000000725";"";"LUVA PVC MARROM 32MM";"5,00";"1,7900";"PC";"0,0000";"3341"
"25165927996";"8485";"25/02/2026";"";"15707888196";"CASA TOGNINI MATERIAIS HID E SANIT LTDA";"0,00";"MATERIAL SOLICITADO PARA ATENDER OBRA TETRA PAK - 3341";"Em aberto";"9893875975";"0000000004062";"";"ABRAÇADEIRA ECONOMICA 2""";"40,00";"2,8000";"PC";"0,0000";"3341"
"25165927996";"8485";"25/02/2026";"";"15707888196";"CASA TOGNINI MATERIAIS HID E SANIT LTDA";"0,00";"MATERIAL SOLICITADO PARA ATENDER OBRA TETRA PAK - 3341";"Em aberto";"9895676998";"0000000004069";"";"CHUMBADOR 3/8""";"200,00";"1,4000";"PC";"0,0000";"3341"
"25165927996";"8485";"25/02/2026";"";"15707888196";"CASA TOGNINI MATERIAIS HID E SANIT LTDA";"0,00";"MATERIAL SOLICITADO PARA ATENDER OBRA TETRA PAK - 3341";"Em aberto";"16320292959";"0000000004439";"";"PORCA SEXTAVADA 3/8""";"400,00";"0,3200";"PC";"0,0000";"3341"
"25165927996";"8485";"25/02/2026";"";"15707888196";"CASA TOGNINI MATERIAIS HID E SANIT LTDA";"0,00";"MATERIAL SOLICITADO PARA ATENDER OBRA TETRA PAK - 3341";"Em aberto";"16316472657";"0000000001704";"";"COTOVELO LR PVC AZUL 25MM X 1/2""";"10,00";"4,6600";"PC";"0,0000";"3341"
"25165927996";"8485";"25/02/2026";"";"15707888196";"CASA TOGNINI MATERIAIS HID E SANIT LTDA";"0,00";"MATERIAL SOLICITADO PARA ATENDER OBRA TETRA PAK - 3341";"Em aberto";"9882420354";"0000000004038";"";"TE PVC MARROM 25MM";"4,00";"1,0400";"PC";"0,0000";"3341"
"25165927996";"8485";"25/02/2026";"";"15707888196";"CASA TOGNINI MATERIAIS HID E SANIT LTDA";"0,00";"MATERIAL SOLICITADO PARA ATENDER OBRA TETRA PAK - 3341";"Em aberto";"16332103565";"0000000001944";"";"PLUG PVC BRANCO 1/2""";"10,00";"0,6100";"PÇ";"0,0000";"3341"
"25165927996";"8485";"25/02/2026";"";"15707888196";"CASA TOGNINI MATERIAIS HID E SANIT LTDA";"0,00";"MATERIAL SOLICITADO PARA ATENDER OBRA TETRA PAK - 3341";"Em aberto";"15900726450";"0000000000645";"";"TUBO DE COLA 850G";"2,00";"39,2700";"PC";"0,0000";"3341"
"25165927996";"8485";"25/02/2026";"";"15707888196";"CASA TOGNINI MATERIAIS HID E SANIT LTDA";"0,00";"MATERIAL SOLICITADO PARA ATENDER OBRA TETRA PAK - 3341";"Em aberto";"16172594669";"0000000001170";"";"PASTA LUBRIFICANTE 950G";"1,00";"26,1600";"PC";"0,0000";"3341"
"25165927996";"8485";"25/02/2026";"";"15707888196";"CASA TOGNINI MATERIAIS HID E SANIT LTDA";"0,00";"MATERIAL SOLICITADO PARA ATENDER OBRA TETRA PAK - 3341";"Em aberto";"15888852351";"0000000000571";"";"LIXA FERRO Nº100";"5,00";"2,0200";"PC";"0,0000";"3341"
"25165927996";"8485";"25/02/2026";"";"15707888196";"CASA TOGNINI MATERIAIS HID E SANIT LTDA";"0,00";"MATERIAL SOLICITADO PARA ATENDER OBRA TETRA PAK - 3341";"Em aberto";"16302229023";"0000000001566";"";"PERFILADO 19X38X6MT";"2,00";"25,6600";"BR";"0,0000";"3341"
"25165927996";"8485";"25/02/2026";"";"15707888196";"CASA TOGNINI MATERIAIS HID E SANIT LTDA";"0,00";"MATERIAL SOLICITADO PARA ATENDER OBRA TETRA PAK - 3341";"Em aberto";"9735592993";"0000000003986";"";"REGISTRO GAVETA BASE 3/4""";"8,00";"45,5600";"PC";"0,0000";"3341"
"25165927996";"8485";"25/02/2026";"";"15707888196";"CASA TOGNINI MATERIAIS HID E SANIT LTDA";"0,00";"MATERIAL SOLICITADO PARA ATENDER OBRA TETRA PAK - 3341";"Em aberto";"16432843150";"0000000002933";"";"ADAPTADOR PVC MARROM 25MM X 3/4""";"5,00";"0,8000";"PC";"0,0000";"3341"
"25165927996";"8485";"25/02/2026";"";"15707888196";"CASA TOGNINI MATERIAIS HID E SANIT LTDA";"0,00";"MATERIAL SOLICITADO PARA ATENDER OBRA TETRA PAK - 3341";"Em aberto";"9931620123";"0000000004074";"";"FITA SILVER TAPE";"2,00";"67,7700";"UN";"0,0000";"3341"
"25165927996";"8485";"25/02/2026";"";"15707888196";"CASA TOGNINI MATERIAIS HID E SANIT LTDA";"0,00";"MATERIAL SOLICITADO PARA ATENDER OBRA TETRA PAK - 3341";"Em aberto";"9893897180";"0000000004064";"";"ABRAÇADEIRA ECONOMICA 3""";"20,00";"3,7100";"PC";"0,0000";"3341"
"25165927996";"8485";"25/02/2026";"";"15707888196";"CASA TOGNINI MATERIAIS HID E SANIT LTDA";"0,00";"MATERIAL SOLICITADO PARA ATENDER OBRA TETRA PAK - 3341";"Em aberto";"16046571216";"0000000000796";"";"COTOVELO PVC SERIE R 50MM X 45º";"30,00";"4,2600";"PC";"0,0000";"3341"
"25165927996";"8485";"25/02/2026";"";"15707888196";"CASA TOGNINI MATERIAIS HID E SANIT LTDA";"0,00";"MATERIAL SOLICITADO PARA ATENDER OBRA TETRA PAK - 3341";"Em aberto";"16100174365";"0000000000991";"";"COTOVELO PVC SERIE R 40MM X 45º";"80,00";"2,6400";"PC";"0,0000";"3341"
"25165927996";"8485";"25/02/2026";"";"15707888196";"CASA TOGNINI MATERIAIS HID E SANIT LTDA";"0,00";"MATERIAL SOLICITADO PARA ATENDER OBRA TETRA PAK - 3341";"Em aberto";"16046596966";"0000000000805";"";"COTOVELO PVC SERIE R 75MM X 45º";"6,00";"11,1400";"PC";"0,0000";"3341"
"25165927996";"8485";"25/02/2026";"";"15707888196";"CASA TOGNINI MATERIAIS HID E SANIT LTDA";"0,00";"MATERIAL SOLICITADO PARA ATENDER OBRA TETRA PAK - 3341";"Em aberto";"16306489595";"0000000001607";"";"LUVA PVC SERIE R 100MM";"13,00";"9,0800";"PC";"0,0000";"3341"
"25165927996";"8485";"25/02/2026";"";"15707888196";"CASA TOGNINI MATERIAIS HID E SANIT LTDA";"0,00";"MATERIAL SOLICITADO PARA ATENDER OBRA TETRA PAK - 3341";"Em aberto";"16100202297";"0000000000999";"";"LUVA PVC SERIE R 50MM";"90,00";"6,4200";"PC";"0,0000";"3341"
"25165927996";"8485";"25/02/2026";"";"15707888196";"CASA TOGNINI MATERIAIS HID E SANIT LTDA";"0,00";"MATERIAL SOLICITADO PARA ATENDER OBRA TETRA PAK - 3341";"Em aberto";"16046594932";"0000000000803";"";"LUVA PVC SERIE R 75MM";"12,00";"7,6700";"PC";"0,0000";"3341"
"25165927996";"8485";"25/02/2026";"";"15707888196";"CASA TOGNINI MATERIAIS HID E SANIT LTDA";"0,00";"MATERIAL SOLICITADO PARA ATENDER OBRA TETRA PAK - 3341";"Em aberto";"16306517039";"0000000001615";"";"JUNCAO PVC SERIE R 100 X 50MM";"4,00";"26,3300";"PC";"0,0000";"3341"
"25165927996";"8485";"25/02/2026";"";"15707888196";"CASA TOGNINI MATERIAIS HID E SANIT LTDA";"0,00";"MATERIAL SOLICITADO PARA ATENDER OBRA TETRA PAK - 3341";"Em aberto";"16100161627";"0000000000987";"";"JUNCAO PVC SERIE R 75 X 50MM";"6,00";"23,8800";"PC";"0,0000";"3341"
"25165927996";"8485";"25/02/2026";"";"15707888196";"CASA TOGNINI MATERIAIS HID E SANIT LTDA";"0,00";"MATERIAL SOLICITADO PARA ATENDER OBRA TETRA PAK - 3341";"Em aberto";"16437371159";"0000000002962";"";"JUNÇÃO PVC SERIE R 50MM";"25,00";"13,8100";"PC";"0,0000";"3341"
"25165927996";"8485";"25/02/2026";"";"15707888196";"CASA TOGNINI MATERIAIS HID E SANIT LTDA";"0,00";"MATERIAL SOLICITADO PARA ATENDER OBRA TETRA PAK - 3341";"Em aberto";"16306508803";"0000000001612";"";"COTOVELO PVC SERIE R 50MM X 90º";"60,00";"4,2600";"PC";"0,0000";"3341"
"25165927996";"8485";"25/02/2026";"";"15707888196";"CASA TOGNINI MATERIAIS HID E SANIT LTDA";"0,00";"MATERIAL SOLICITADO PARA ATENDER OBRA TETRA PAK - 3341";"Em aberto";"16201476068";"0000000001212";"";"COTOVELO PVC SERIE R 40MM X 90°";"50,00";"2,6400";"PC";"0,0000";"3341"
"25165927996";"8485";"25/02/2026";"";"15707888196";"CASA TOGNINI MATERIAIS HID E SANIT LTDA";"0,00";"MATERIAL SOLICITADO PARA ATENDER OBRA TETRA PAK - 3341";"Em aberto";"16046595942";"0000000000804";"";"COTOVELO PVC SERIE R 75MM X 90º";"2,00";"11,3700";"PC";"0,0000";"3341"
"25165927996";"8485";"25/02/2026";"";"15707888196";"CASA TOGNINI MATERIAIS HID E SANIT LTDA";"0,00";"MATERIAL SOLICITADO PARA ATENDER OBRA TETRA PAK - 3341";"Em aberto";"9260022591";"0000000003767";"";"TE PVC SERIE R 50MM";"5,00";"11,8900";"PÇ";"0,0000";"3341"
"25165927996";"8485";"25/02/2026";"";"15707888196";"CASA TOGNINI MATERIAIS HID E SANIT LTDA";"0,00";"MATERIAL SOLICITADO PARA ATENDER OBRA TETRA PAK - 3341";"Em aberto";"16483137024";"0000000003275";"";"BUCHA REDUÇÃO PVC SERIE R 50 X 40MM";"13,00";"3,8500";"PÇ";"0,0000";"3341"
"25165927996";"8485";"25/02/2026";"";"15707888196";"CASA TOGNINI MATERIAIS HID E SANIT LTDA";"0,00";"MATERIAL SOLICITADO PARA ATENDER OBRA TETRA PAK - 3341";"Em aberto";"16443236966";"0000000002315";"";"LUVA PASSANTE PVC SERIE R 100MM";"2,00";"17,1900";"PC";"0,0000";"3341"
"25165927996";"8485";"25/02/2026";"";"15707888196";"CASA TOGNINI MATERIAIS HID E SANIT LTDA";"0,00";"MATERIAL SOLICITADO PARA ATENDER OBRA TETRA PAK - 3341";"Em aberto";"16522339108";"0000000004355";"";"LUVA PASSANTE PVC SERIE R 75MM";"2,00";"10,5100";"PC";"0,0000";"3341"
"25165927996";"8485";"25/02/2026";"";"15707888196";"CASA TOGNINI MATERIAIS HID E SANIT LTDA";"0,00";"MATERIAL SOLICITADO PARA ATENDER OBRA TETRA PAK - 3341";"Em aberto";"16483136209";"0000000003274";"";"CAPS PVC SERIE R 50MM";"8,00";"6,2500";"PÇ";"0,0000";"3341"
"25165927996";"8485";"25/02/2026";"";"15707888196";"CASA TOGNINI MATERIAIS HID E SANIT LTDA";"0,00";"MATERIAL SOLICITADO PARA ATENDER OBRA TETRA PAK - 3341";"Em aberto";"9784767702";"0000000004008";"";"COTOVELO PVC BRANCO 40MM X 90° COM ANEL LABIAL";"2,00";"3,7700";"PC";"0,0000";"3341"
"25165927996";"8485";"25/02/2026";"";"15707888196";"CASA TOGNINI MATERIAIS HID E SANIT LTDA";"0,00";"MATERIAL SOLICITADO PARA ATENDER OBRA TETRA PAK - 3341";"Em aberto";"9784756448";"0000000004007";"";"CAIXA SIFONADA COM GRELHA PVC BRANCO 150X150X50";"2,00";"26,1400";"PC";"0,0000";"3341"
"25165927996";"8485";"25/02/2026";"";"15707888196";"CASA TOGNINI MATERIAIS HID E SANIT LTDA";"0,00";"MATERIAL SOLICITADO PARA ATENDER OBRA TETRA PAK - 3341";"Em aberto";"16369491419";"0000000002587";"";"TUBO PVC SERIE R 100MM";"2,00";"128,1900";"BR";"0,0000";"3341"
"25165927996";"8485";"25/02/2026";"";"15707888196";"CASA TOGNINI MATERIAIS HID E SANIT LTDA";"0,00";"MATERIAL SOLICITADO PARA ATENDER OBRA TETRA PAK - 3341";"Em aberto";"9357793908";"0000000003851";"";"TUBO PVC SERIE R 75MM";"5,00";"89,6100";"BR";"0,0000";"3341"
"25165927996";"8485";"25/02/2026";"";"15707888196";"CASA TOGNINI MATERIAIS HID E SANIT LTDA";"0,00";"MATERIAL SOLICITADO PARA ATENDER OBRA TETRA PAK - 3341";"Em aberto";"9259982564";"0000000003763";"";"TUBO PVC SERIE R 50MM";"25,00";"52,7200";"BR";"0,0000";"3341"
"25165927996";"8485";"25/02/2026";"";"15707888196";"CASA TOGNINI MATERIAIS HID E SANIT LTDA";"0,00";"MATERIAL SOLICITADO PARA ATENDER OBRA TETRA PAK - 3341";"Em aberto";"15900724077";"0000000000642";"";"TUBO PVC SERIE R 40MM";"9,00";"39,8100";"BR";"0,0000";"3341"
"25165927996";"8485";"25/02/2026";"";"15707888196";"CASA TOGNINI MATERIAIS HID E SANIT LTDA";"0,00";"MATERIAL SOLICITADO PARA ATENDER OBRA TETRA PAK - 3341";"Em aberto";"16324209044";"0000000001817";"";"ANEL DE BORRACHA 100MM";"50,00";"0,8400";"PC";"0,0000";"3341"
"25165927996";"8485";"25/02/2026";"";"15707888196";"CASA TOGNINI MATERIAIS HID E SANIT LTDA";"0,00";"MATERIAL SOLICITADO PARA ATENDER OBRA TETRA PAK - 3341";"Em aberto";"16360336905";"0000000002467";"";"ANEL DE BORRACHA 50MM";"280,00";"0,5400";"PC";"0,0000";"3341"
"25165927996";"8485";"25/02/2026";"";"15707888196";"CASA TOGNINI MATERIAIS HID E SANIT LTDA";"0,00";"MATERIAL SOLICITADO PARA ATENDER OBRA TETRA PAK - 3341";"Em aberto";"16362541699";"0000000002495";"";"ANEL DE BORRACHA 75MM";"40,00";"0,6200";"PC";"0,0000";"3341"
"25165927996";"8485";"25/02/2026";"";"15707888196";"CASA TOGNINI MATERIAIS HID E SANIT LTDA";"0,00";"MATERIAL SOLICITADO PARA ATENDER OBRA TETRA PAK - 3341";"Em aberto";"16364818624";"0000000002542";"";"ISOLANTE TERMICO 42MM 1.1/2 BR C/2MTS";"60,00";"11,4200";"";"0,0000";"3341"
"25165927996";"8485";"25/02/2026";"";"15707888196";"CASA TOGNINI MATERIAIS HID E SANIT LTDA";"0,00";"MATERIAL SOLICITADO PARA ATENDER OBRA TETRA PAK - 3341";"Em aberto";"16349836975";"0000000002376";"";"ISOLANTE TERMICO 54MM 2 BR C/2MTS";"22,00";"7,7700";"";"0,0000";"3341"
"25166057456";"8486";"25/02/2026";"";"12547960790";"ACOS FERNANDES TUBOS E CONEXOES LTDA";"0,00";"MATERIA SOLICITADO PARA ATENDER OBRAA TETRA PAK - 3341";"Em aberto";"16518568217";"0000000004300";"";"ACOPLAMENTO FLEXIVEL 3""";"23,00";"21,2500";"PC";"0,0000";"3341"
"25166057456";"8486";"25/02/2026";"";"12547960790";"ACOS FERNANDES TUBOS E CONEXOES LTDA";"0,00";"MATERIA SOLICITADO PARA ATENDER OBRAA TETRA PAK - 3341";"Em aberto";"16019659907";"0000000000748";"";"COTOVELO RANHURADO 3"" X 90º";"5,00";"28,2800";"PC";"0,0000";"3341"
"25166057456";"8486";"25/02/2026";"";"12547960790";"ACOS FERNANDES TUBOS E CONEXOES LTDA";"0,00";"MATERIA SOLICITADO PARA ATENDER OBRAA TETRA PAK - 3341";"Em aberto";"16019664806";"0000000000751";"";"TE RANHURADO 3""";"5,00";"43,1900";"PC";"0,0000";"3341"
"25166057456";"8486";"25/02/2026";"";"12547960790";"ACOS FERNANDES TUBOS E CONEXOES LTDA";"0,00";"MATERIA SOLICITADO PARA ATENDER OBRAA TETRA PAK - 3341";"Em aberto";"16167325223";"0000000001131";"";"CAPS RANHURADO 3""";"2,00";"13,5400";"PC";"0,0000";"3341"
"25166057456";"8486";"25/02/2026";"";"12547960790";"ACOS FERNANDES TUBOS E CONEXOES LTDA";"0,00";"MATERIA SOLICITADO PARA ATENDER OBRAA TETRA PAK - 3341";"Em aberto";"16344352056";"0000000002132";"";"ACOPLAMENTO FLEXIVEL 3"" X 2.1/2""(73MM)";"4,00";"43,0200";"PC";"0,0000";"3341"
"25166057456";"8486";"25/02/2026";"";"12547960790";"ACOS FERNANDES TUBOS E CONEXOES LTDA";"0,00";"MATERIA SOLICITADO PARA ATENDER OBRAA TETRA PAK - 3341";"Em aberto";"16158257396";"";"";"IMPOSTOS";"1,00";"33,9700";"um";"0,0000";"3341"
"25166092311";"8487";"25/02/2026";"";"12547815395";"CEMIL TUBOS E CONEXOES LTDA";"0,00";"MATERIAL SOLICITDO PARA ATENDER OBRA TETRA PAK - 3341";"Em aberto";"15964114753";"0000000000718";"";"TUBO ACO CARBONO PRETO 5580  1""";"96,00";"19,4600";"MT";"0,0000";"3341"
"25166092311";"8487";"25/02/2026";"";"12547815395";"CEMIL TUBOS E CONEXOES LTDA";"0,00";"MATERIAL SOLICITDO PARA ATENDER OBRA TETRA PAK - 3341";"Em aberto";"16490648383";"0000000003316";"";"LUVA ACO CARBONO PRETO BSP 1"" X 1/2""";"25,00";"11,6100";"PC";"0,0000";"3341"
"25166092311";"8487";"25/02/2026";"";"12547815395";"CEMIL TUBOS E CONEXOES LTDA";"0,00";"MATERIAL SOLICITDO PARA ATENDER OBRA TETRA PAK - 3341";"Em aberto";"16336351111";"0000000002016";"";"TUBO ACO CARBONO PRETO C/C 5590 SCH10 3""";"8,00";"375,1900";"BR";"0,0000";"3341"
"25166092311";"8487";"25/02/2026";"";"12547815395";"CEMIL TUBOS E CONEXOES LTDA";"0,00";"MATERIAL SOLICITDO PARA ATENDER OBRA TETRA PAK - 3341";"Em aberto";"16479494379";"0000000003267";"";"VALVULA GLOBO ANGULAR 2.1/2"" X 45º (73MM)";"4,00";"164,0100";"PC";"0,0000";"3341"
"25166092311";"8487";"25/02/2026";"";"12547815395";"CEMIL TUBOS E CONEXOES LTDA";"0,00";"MATERIAL SOLICITDO PARA ATENDER OBRA TETRA PAK - 3341";"Em aberto";"10134857306";"0000000000139";"";"ÓLEO PARA ROSQUEADEIRA 5L";"1,00";"315,0000";"UN";"0,0000";"3341"
"25167020928";"8488";"25/02/2026";"";"16729308802";"FRANKLIN SADIKLARI ROCHA";"0,00";"PEDIDO REFERENTE A MOTOBOY DA RIMAR -> JANDAIA";"Em aberto";"9640855418";"";"";"FRETE";"1,00";"120,0000";"VB";"0,0000";"2449"
"25167085817";"8489";"25/02/2026";"";"15525702206";"COMERCIAL RIMAR LTDA";"0,00";"PEDIDO RETIRADO EM NOME DA SAENG POREM A RESPONSÁVEL PELO PAGAMENTO SERÁ A CMHF

INSTRUÇÃO DE PAGAMENTO: PAGAR 3 DIAS ANTES DO VENCIMENTO DO BOLETO";"Em aberto";"16488337875";"0000000003308";"";"NIPLE AÇO CARBONO PRETO BSP 4""";"1,00";"126,7000";"PC";"0,0000";"2449"
"25167085817";"8489";"25/02/2026";"";"15525702206";"COMERCIAL RIMAR LTDA";"0,00";"PEDIDO RETIRADO EM NOME DA SAENG POREM A RESPONSÁVEL PELO PAGAMENTO SERÁ A CMHF

INSTRUÇÃO DE PAGAMENTO: PAGAR 3 DIAS ANTES DO VENCIMENTO DO BOLETO";"Em aberto";"16487388102";"0000000003298";"023HH";"NIPLE AÇO CARBONO PRETO BSP 2""";"1,00";"39,1900";"PC";"0,0000";"2449"
"25167085817";"8489";"25/02/2026";"";"15525702206";"COMERCIAL RIMAR LTDA";"0,00";"PEDIDO RETIRADO EM NOME DA SAENG POREM A RESPONSÁVEL PELO PAGAMENTO SERÁ A CMHF

INSTRUÇÃO DE PAGAMENTO: PAGAR 3 DIAS ANTES DO VENCIMENTO DO BOLETO";"Em aberto";"16448540278";"0000000003063";"036KH";"BUCHA REDUCAO ACO CARBONO PRETO BSP 4"" X 2""";"1,00";"110,8500";"PC";"0,0000";"2449"
"25167085817";"8489";"25/02/2026";"";"15525702206";"COMERCIAL RIMAR LTDA";"0,00";"PEDIDO RETIRADO EM NOME DA SAENG POREM A RESPONSÁVEL PELO PAGAMENTO SERÁ A CMHF

INSTRUÇÃO DE PAGAMENTO: PAGAR 3 DIAS ANTES DO VENCIMENTO DO BOLETO";"Em aberto";"16448479365";"0000000003055";"";"VALVULA DE RETENCAO HORIZONTAL - 4""";"1,00";"1.407,9900";"PC";"0,0000";"2449"
"25173983968";"8490";"26/02/2026";"";"15525702206";"COMERCIAL RIMAR LTDA";"0,00";"PEDIDO RETIRADO EM NOME DA SAENG POREM A RESPONSÁVEL PELO PAGAMENTO SERÁ A CMHF

INSTRUÇÃO DE PAGAMENTO: PAGAR 3 DIAS ANTES DO VENCIMENTO DO BOLETO";"Em aberto";"16604212130";"0000000004640";"";"FLANGE ADAPTADOR RANHURADO 10""";"1,00";"399,0000";"PC";"0,0000";"2449"
"25175173851";"8491";"26/02/2026";"";"17982328612";"Horebio Ferreira dos Santos";"0,00";"PEDIDO REFERENTE A FRETE PARA A OBRA TETRA PAK - 3341";"Em aberto";"9640855418";"";"";"FRETE";"1,00";"1.200,0000";"VB";"0,0000";"3341"
"25177212495";"8493";"26/02/2026";"";"16729308802";"FRANKLIN SADIKLARI ROCHA";"0,00";"REFERENTE A FRETE PARA LEVAR MATERIAL NA OBRA JANDAIA";"Em aberto";"9640855418";"";"";"FRETE";"1,00";"150,0000";"VB";"0,0000";"2449"
"25177979359";"8494";"26/02/2026";"";"10499996535";"HIDRO - JET - COMERCIAL LTDA";"0,00";"PEDIDO REFERENTE A MANUTENÇÃO DE BOMBAS";"Em aberto";"16013100034";"";"";"MANUTENÇÃO DE BOMBA";"1,00";"5.995,0000";"VB";"0,0000";""
"25181724127";"8495";"27/02/2026";"";"9406825547";"CASA FARIA MATERIAIS HIDRAULICOS LTDA";"0,00";"MATERIAL SOLICITADO PARA ATENDER OBRA TGI - 3135";"Em aberto";"16372039716";"0000000002621";"";"BUCHA REDUCAO PVC PPR 32 X 25MM";"4,00";"4,3500";"PC";"0,0000";"3135"
"25181724127";"8495";"27/02/2026";"";"9406825547";"CASA FARIA MATERIAIS HIDRAULICOS LTDA";"0,00";"MATERIAL SOLICITADO PARA ATENDER OBRA TGI - 3135";"Em aberto";"16316044368";"0000000001693";"";"LUVA PVC PPR 32MM";"5,00";"3,1900";"PC";"0,0000";"3135"
"25181724127";"8495";"27/02/2026";"";"9406825547";"CASA FARIA MATERIAIS HIDRAULICOS LTDA";"0,00";"MATERIAL SOLICITADO PARA ATENDER OBRA TGI - 3135";"Em aberto";"16518505457";"0000000004289";"";"TE PVC PPR 32 X 25MM";"1,00";"8,1900";"PC";"0,0000";"3135"
"25181724127";"8495";"27/02/2026";"";"9406825547";"CASA FARIA MATERIAIS HIDRAULICOS LTDA";"0,00";"MATERIAL SOLICITADO PARA ATENDER OBRA TGI - 3135";"Em aberto";"9784756448";"0000000004007";"";"CAIXA SIFONADA COM GRELHA PVC BRANCO 150X150X50";"4,00";"27,1300";"PC";"0,0000";"3135"
"25181724127";"8495";"27/02/2026";"";"9406825547";"CASA FARIA MATERIAIS HIDRAULICOS LTDA";"0,00";"MATERIAL SOLICITADO PARA ATENDER OBRA TGI - 3135";"Em aberto";"16354084328";"0000000002406";"";"PROLONGADOR LATAO CURTO 1/2""";"15,00";"6,3000";"PÇ";"0,0000";"3135"
"25182763438";"8496";"27/02/2026";"";"17914715594";"WESLEY LIMA DA SILVA";"0,00";"PEDIDO REFERENTE A EMPREITA REALIZADA NA OBRA JANDAIA - 2449";"Em aberto";"16357119601";"";"";"EMPREITA";"1,00";"1.900,0000";"";"0,0000";"2449"
"25182780135";"8497";"27/02/2026";"";"17914715594";"WESLEY LIMA DA SILVA";"0,00";"PEDIDO REFERENTE A EMPREITA NA OBRA JASMIM - 2652";"Em aberto";"16357119601";"";"";"EMPREITA";"1,00";"1.460,0000";"";"0,0000";"2652"
"25182972941";"8498";"27/02/2026";"";"16612278278";"MARKETING DIGITAL CMHF";"0,00";"PEDIDO REFERENTE A MARKETING CMHF";"Em aberto";"15995664043";"";"";"Marketing digital GOOGLE ADS";"1,00";"600,0000";"";"0,0000";""
"25183510154";"8499";"27/02/2026";"";"9406825547";"CASA FARIA MATERIAIS HIDRAULICOS LTDA";"0,00";"PEDIDO REFERENTE A OBRA TGI - 3135";"Em aberto";"16350133882";"0000000002379";"";"MANOMETRO 2.1/2 0-21KGS NPT SIMPLES 1/4""";"2,00";"72,7200";"PC";"0,0000";"3135"
